track_id,track_name,artist_name
7eIHyaqwKZxbL5MmBDvGeh,Contradiction,Polygon
6ZjF7ecMawDKpbMTfo5p46,Bruises,Fox Stevenson
2mJXJUHNrssMVlVR2ti2vV,Glamorous,Fergie
1DiJsj5a4zBzWSUWdg2nTv,Campaign Speech,Eminem
7zbfS30vKiHU8oBs6Wi1Qp,勘冴えて悔しいわ,ZUTOMAYO
0i2THDeAhJma8FrUVy90No,end of a life,Mori Calliope
4Oy32AmyzreX6Q6LXmeQ2a,BRILLIANT BRIGHT,MYTH & ROID
756ZV0boQJ6Kbk3WFBuVjD,Chloraseptic (feat. 2 Chainz & Phresher) - Remix,Eminem
6gi6y1xwmVszDWkUqab1qw,OUT WEST (feat. Young Thug),JACKBOYS
0oCP1Vu9LGVP88atKzOswC,ambiguous,GARNiDELiA
5OCVWpORIRjRU12dHocyDa,シリウス,Eir Aoi
2rFsFjq0D9JAmc0APpCO6P,Blastoff (feat. Juice Wrld & Trippie Redd),Internet Money
4z36NH0xhyNNA9ScpBLKOB,Sabaku No Gaara,Genjutsu Beats
1JTk0xiZbSx7SA3de410Y7,Confused,Hyume
0nlyO7lNTOYB0gjDp7NI7H,Hands Up (feat. DNCE),Merk & Kremont
6T1Fh5bxr1nRVKsGCAPxUq,spiral tones,律可
4o8ZA7sEHawMmnBtW34B8W,巣立ちの歌,アネモネリア
46QmXsnHAtVWxhmjhOfdwE,The Guardian of Angels,NIVIRO
5whbAX7oZ7MDlgBplPDkJb,Lonely Girl,Tonight Alive
2JBk2XZLjS0N4x3mFHINM6,Fallout,Masked Wolf
5PVPkjFKLElXpshtXtXIFc,Gillette,199X
1EIsJed40cd7Bcv8SXVdqA,Smile (with The Weeknd),Juice WRLD
0u9EI8zmr2QMuJLMiQFUIn,A Cruel Angel's Thesis - Director's Edit Version,Shiro SAGISU
54BW4qpq5ms4bnzBgiWVOo,NIGHT RUNNING,Shin Sakiura
3uVPLtkmDu8pDkYEAVqbgS,Real Shit (with benny blanco),Juice WRLD
2kY2ROHIGdp3aA6ahqaUKm,"Friday Night Cypher (feat. Tee Grizzley, Kash Doll, Cash Kidd, Payroll, 42 Dugg, Boldy James, Drego, Sada Baby, Royce Da 5'9"", and Eminem)",Big Sean
2GXIN2ZOwvPBvAQHKwkhhO,No Worries,Pogo
7I8MCiM3A4xvnM6zIiuMZn,Devil Trigger,Casey Edwards
3wwo0bJvDSorOpNfzEkfXx,Let Me Know (I Wonder Why Freestyle),Juice WRLD
1gVCEnryJhkdQcuC0Kbvor,FIND MY WAY,DaBaby
3jevgr3fYdv9wYO3IDJq2a,Awaken,League of Legends
3hQAXsahIATDREHRYZHtBO,Mr Emotional,Syence
6QNFQJKlZUKr0xlGZ74CZJ,Rich And Blind,Juice WRLD
6YSFQShQdR87tMaQEtUfHo,takt,ryo (supercell)
1Rcu3RBBSWWYSMCSfULM63,Share the light,"Run Girls, Run!"
0wZSskMScZxSLTzLm17Ir4,SOUND THE ALARM,DONOTELLO
1ffXf7HjLCHvNZngkQpGTR,Off With Their Heads,Mori Calliope
0SIAFU49FFHwR3QnT5Jx0k,Chinese New Year,SALES
7kQ0miyexmevMwUDqTomIN,Bad Meets Evil,Eminem
4Gf6RRFUpDkPa24ZfVse8K,Road of Resistance,BABYMETAL
4bJpdznQXEeRE1xrn69nMU,Take You Down,Fox Stevenson
0Lw6aQcBFWTQ9m4MSwwwes,Homicide,Logic
2igwFfvr1OAGX9SKDCPBwO,Empire State Of Mind,JAY-Z
6lV2MSQmRIkycDScNtrBXO,Airplanes (feat. Hayley Williams of Paramore),B.o.B
38iBrrbbXyWaSPkmuDNgjZ,The Adventures of Moon Man & Slim Shady (with Eminem),Kid Cudi
4xm2RpQtpFVlPlO1v4BrBr,The Great Pretender,Freddie Mercury
5TclgAYTVdTRLnHvTUhyIP,Entertain Me,Ylona Garcia
6rz0dTA0PdhXImFV5EjM0w,Hide (feat. Seezyn),Juice WRLD
1FvZeK3MgmGldxeYDvzanR,Before my body is dry,Hiroyuki Sawano
37s8uwIjw72XfMseKJXNOO,Rockefeller Street (New Nightcore) [#Rockefellerstreet Remix],Getter Jaani
2k2RPHMeyercU9PauiKNbU,Dynasties and Dystopia (from the series Arcane League of Legends),Denzel Curry
1hB3M3POeKMLxcEFEvPeqU,Already Dead,Juice WRLD
0AZPDmh4R98lT0XsnjX902,Untitled world,ReoNa
6DJ6Va1jpFcErKtQi7BAJv,Gimme Chocolate!!,BABYMETAL
0NIZWVJdeGizq0SkwTLwfT,A Fool Moon Night,THE KOXX
1FNuQCgDvJ3uAUBHlts4A9,Drip,Corbin Roe
0UHxkkgI5GfV0XBRA1rqfe,Chippin' In,SAMURAI
3pvwavXxyhx7lIBdYY5Mjq,ROCK-mode,LiSA
1aXasr6GGqBXAgHT5rlr85,souldbounded,neevah
3Ro1AMjH9qdY3ZTWfxIFpN,Edge of Night,Pentakill
0RYHqnmtNRfbYxP6Dn8Vse,masquerade,siouxxie sixxsta
0cgP2K2GI8zdTgS1HYoPOc,7-seven-,FLOW
69Sy7207dnixZ6w7RSV9Kb,RISE,League of Legends
2yuyPke3xjantGgapFPH3e,Contradiction (feat. Tyler Carter),KSUKE
7ixYgkcd8aptv5bBAmQXYF,Lightbringer,Pentakill
6tuhGVjqfYYs0MYxapWibK,TOP -Japanese ver.-,Stray Kids
73bDvrmSBh2fr53tLDH9oA,Nightcall,Kavinsky
0ZNJpxHTflC7s4A6uJrpDz,The Grand Duchess (Remix),Laurent Dury
26RZ9IiS43wy5oMQoAys0o,Die,Jeff Williams
0XRJCK2hggV2k3YVMzZDei,Peloton,IDK
0946VVOuYpcWD04kxXHZzP,Just Like Martin,IDK
1jo3TwNGCXfNdB5uba3ZVv,Killshot,Eminem
4JrL3SMc7BvmxneLl4hmEA,Loser Girl,TUYU
2zAi85TQB7mLzl8P1ySAj9,Lost Umbrella,稲葉曇
5w2OzFwcgTjQ5bhk50wnkp,Cursed Night,Mori Calliope
5A32buYzWvtkJizBkX8OCQ,GAS GAS GAS - EXTENDED MIX,Manuel
6YultDhgOUR5bd8DNxdWXD,Pull The Trigger - Maduk Remix,Flux Pavilion
2gwkD6igEhQbDQegRCcdoB,Suge,DaBaby
6uTC3dXbpm23UeKRyc5mk3,Yukyoseisyunka - TV Version,Ali Project
7ywRRguljW6J3mAOj1EqjP,CROWN,BOOGEY VOXX
4IoTVvCLzgLXLsqIFMDPQU,モザイクカケラ,SunSet Swish
7DFNE7NO0raLIUbgzY2rzm,Let Her Go,Passenger
1Iq1WGYq6aury2COflOzT8,On My Level (Official Theme Song Music for Phoenix - Valorant),Ashley Warren
0jmJyRvB77PRLX8pfNQbBB,sympathy 4 the grinch,100 gecs
43CIWpJaJHRcI4mUSjqgc2,Bad Boy (with Young Thug),Juice WRLD
7zl7kehxesNEo2pYkKXTSe,Killer (feat. Jack Harlow & Cordae) - Remix,Eminem
7qCyfX9By628eZvM9x5VDr,Hai Domo,Cao White
5YLFzFZPhlBlwM9t88tReb,覚醒,Superfly
2f03A5QXiBmDUq7srhq1AX,Snow Drive (01.23),Omoi
2lz3zjQ5QCVXiyOzIk02vW,Die For You,VALORANT
0uxSUdBrJy9Un0EYoBowng,20 Min,Lil Uzi Vert
3S68RFe1lsdCdTMPIMJM3X,Cash In Cash Out,Pharrell Williams
6K4t31amVTZDgR3sKmwUJJ,The Less I Know The Better,Tame Impala
2H3HPGuPyhcbg5AqoQ4BWr,Guns for Hire (from the series Arcane League of Legends),Woodkid
15j4ae8LscKv31jxLHCp6V,Don't Care Crown,Fox Stevenson
2ATxQ2yeUw3CAGjjPTundt,Dark seeks light,ニノミヤユイ
1FOhzA4qQiyVnzVYt1KcgN,Compared Child,TUYU
7CvOnbFdnIoXMQ4eFCo5lB,Around the World (La La La La La) - Radio Version,A Touch Of Class
3R8PKPTPgHApBhCt3NUJ0q,Killing Butterflies,Lou Bliss
2gQPv5jvVPqU2a9HhMNO1v,Toxic,BoyWithUke
40Ryoxnx6WD1KyMDgP7drQ,偽物の恋にさようなら,ASCA
7asFSf2pkWNEG3E5EuN1QR,Take Over,League of Legends
3cWmqvMwVQKDigWLSZ3w9h,Rockstar Made,Playboi Carti
6MmSnjDWLT5GsvlO65rhk1,My Hero,MAN WITH A MISSION
37pXjFZuAYs6HgWaEbKokc,ROCKSTAR (feat. Roddy Ricch),DaBaby
4HfPwYsjGAOWtwVvYPBAad,Niente da dire,Måneskin
3vRuP9clqL95RoyCw0vt3U,Honesty,RYUJIN
2WsuSYJNXGKXVYkHPnq2yp,Ransom (with Juice WRLD) - Remix,Lil Tecca
3BIhcWQV2hGRoEXdLL3Fzw,fantastic dreamer,Machico
2ePtv8MlBO9nuuXABqAfEX,SugarCrash!,ElyOtto
42Kznon0GBYL1bU24DkZSm,On Top,Flume
0v8gjOIyxI5qxVbc3mwWJ6,1HOPE SNIPER,田所あずさ
1CfuBY3BDdKpooQ9L5zgUc,Cigarettes,Juice WRLD
3gntlMjzCV42fREUUbOHCN,GNF (OKOKOK),Polo G
3rCJptQKkXrTx6qUXqz7dD,"I'm getting on the bus to the other world, see ya!",TUYU
06JvOZ39sK8D8SqiqfaxDU,True Love,Kanye West
1SjBcdzWbs79UTCrH4qXJf,Epidemic,Polo G
3D5wnLaeVlCCIPzQOOAirA,No Roots,Alice Merton
1n4eqIG0RRUCuPT4vnsVlv,The Bees Knees,Juice WRLD
2iuZJX9X9P0GKaE93xcPjk,Sugar,Maroon 5
4N98sfqOlMlP1iO7kuW0t9,RAISE MY SWORD,GALNERYUS
1KZ0bNycLFxF2AZc4ozqVx,Snitch,Joyner Lucas
4QjbbBQAJ7NiGdlfDPcxag,The King and I (feat. CeeLo Green) - From the Original Motion Picture Soundtrack ELVIS,Eminem
1Knctxx9vGZxpZfF66BIEa,Legends,Juice WRLD
0r7HkrFUpPvEjKGaLeRlBg,Stronger Than You Know,Stephen William Cornish & Amanda Leigh Wilson
4CzhtKifG867Lu5DNQVBSA,Vamp Anthem,Playboi Carti
6DlPa2rrVK3BygXJ48WYo3,RUNNING IN THE 90'S,Max Coveri
0ked784BOZ1JtRVHux98jE,Burn It All Down,League of Legends
6fujklziTHa8uoM5OQSfIo,Black Beatles,Rae Sremmurd
66wSpvsxSBGBBnHax8VB9S,Can′t Slow Me Down,MIRANI
6Gg1gjgKi2AK4e0qzsR7sd,Bandit (with YoungBoy Never Broke Again),Juice WRLD
0U3JBftbH2K1rzaMM2fav3,Life is サイダー,アネモネリア
6MXXY2eiWkpDCezVCc0cMH,Good Morning,Kanye West
4Coy6Szkkccfpo78Ba66RX,LONELY MACHINES,3OH!3
0kDgBQBXRO8JR0Mp3x9sXO,miss the rage,Mario Judah
1MJErNPIQUoEMu4YUUmecm,Neon Guts (feat. Pharrell Williams),Lil Uzi Vert
1IT0WQk5J8NsaeII8ktdlZ,King For A Day,Pierce The Veil
2ZuDGsKSJpQdJmpknJ7ypF,Dirty Little Animals (From the series Arcane League of Legends),BONES UK
7HQSxHyORPbCQ1XtgV1k1P,Misfit Toys (from the series Arcane League of Legends),Pusha T
4OiGC4aSeZV2O71xKl6ssk,Our Love (From the series Arcane League of Legends),Curtis Harding
4Oih3RDrSFg3afaOphBVuy,What Could Have Been feat. Ray Chen (from the series Arcane League of Legends),Sting
5QWjrWckcPcSVqQNfbD4Bc,Goodbye (from the series Arcane League of Legends),Ramsey
4ifHykJhgluHtPX6DJad4n,Everlasting Devotion,Yu-Peng Chen
4Iq7C61MCBPIUlfmYEaPrE,Dream of Scattered Petals,Yu-Peng Chen
4p5cuOjbtCMX5JMmuEoL6G,Lingering Blossom,Yu-Peng Chen
1MYvyFcBLSmTCRqG3ZW4VW,The Land of Her Serenity,Yu-Peng Chen
7zcmY86LJ8OX4T6ehMX51z,Inazuma,Yu-Peng Chen
0FVFRx0dv4xfBHp5VRkt5m,Hakushin's Lullaby,Yu-Peng Chen
40gJBY1LCAGsT74aLAlQ2P,Where the Heart Settles,Yu-Peng Chen
19lEu7mX9lz5LRZyPLxNHP,Overlord of the Thunderstorm,Yu-Peng Chen
57F1RBhhTM2mDG7sIRRWSS,Dream of Homeland,Yu-Peng Chen
12tLo4zslkJEgl8xXlawbI,Rex Incognito,Yu-Peng Chen
2IY2u9LOIfhDq39xDAWh7w,Fall of Maples,Yu-Peng Chen
4EJ8u6FBT6o5ga7MFUmn2k,Interwoven Nostalgia,Yu-Peng Chen
5k6FEGx0ECYATBIXGAWTEd,Termination of Desires,HOYO-MiX
56L3tcZwfWBN79iAUYeg0v,Separated Dream,Yu-Peng Chen
616gYXwzlMIjaMzRflRgMc,Miko's Night,Yu-Peng Chen
6bpq1jGkVz66Q3LYeoXdjZ,SCOOP (feat. Doja Cat),Lil Nas X
2HzPCR7K0RR8nutu3l3QtN,I Don't Do Drugs (feat. Ariana Grande),Doja Cat
3jjBPF4NDMCU51psU8JPpR,"34+35 Remix (feat. Doja Cat, Megan Thee Stallion) - Remix",Ariana Grande
5cOyxjetBT7kRnqL68madd,Kiss Me More (feat. SZA),Doja Cat
6G6ykEzZ1r7V1qrmNdBOVV,Need to Know,Doja Cat
11ZulcYY4lowvcQm4oe3VJ,Slumber Party (feat. Princess Nokia),Ashnikko
1IWNylpZ477gIVUDpJL66u,Sour Candy (with BLACKPINK),Lady Gaga
0W6I02J9xcqK8MtSeosEXb,Get Into It (Yuh),Doja Cat
7Jc01x8pxVqgVGxn5jrwui,Feel Alone,Juice WRLD
7yKSPAeiLHVJFSkJacPTmJ,Syphilis,Juice WRLD
2iSQmITHUdCBQGDgvwEzkY,My Life In A Nutshell,Juice WRLD
0flSGzqHO12p9fU9kqaHGE,Flaws And Sins,Juice WRLD
6D1KDOoVRKLyGcxVBi13Ot,Go Hard,Juice WRLD
5JAYDuLRkODlVt6dgoalKk,Tell Me U Luv Me (with Trippie Redd),Juice WRLD
6iaSML1PIYq936g62BDtBq,Robbery,Juice WRLD
5dOxHHMOFAbG3VH23t0xNm,Righteous,Juice WRLD
55ZNNY6D8FkNFAlVceAwIZ,Not Enough,Juice WRLD
1N0TOOPBJvFOvQipTFz5io,Juice WRLD Speaks 2,Juice WRLD
7n6OIZ0TGJAxgmId9EygTE,Eminem Speaks,Juice WRLD
1X8E4vVoOM3BpSQlEDSjjM,Burn,Juice WRLD
59bY27SZQ4r25o02vqOhgC,Girl Of My Dreams (with SUGA of BTS),Juice WRLD
2aaUTdC6YQqEZiQEk8wPxK,Rockstar In His Prime,Juice WRLD
4UoDSs5VAw6xHdzbkjocTM,Rich And Blind,Juice WRLD
2FDXscpZOtGwuOKmY0K76w,Until The Plug Comes Back Around,Juice WRLD
2DQayQSTaomynGyTLXzGs0,Wandered To LA (with Justin Bieber),Juice WRLD
3i6sCTU7ENlnHpHvrHUitW,Sometimes,Juice WRLD
5MaFTsKpVo4VHmzXUIdLrj,Juice WRLD Speaks,Juice WRLD
1GydGCPNYJnCziQZBLE85q,Doom,Juice WRLD
26bkmabhSByGuQgWUqB37J,Relocate,Juice WRLD
4HDQt6Lepj3HpxypbG30Hz,From My Window,Juice WRLD
6e1vXH3cnuEnhacniIVFdU,All For Us - from the HBO Original Series Euphoria,Labrinth
6Zj3YsYfj8YTY9aGMDnpn8,Hot Dog,Limp Bizkit
5wujBwqG7INdStqGd4tRMX,Armed And Dangerous,Juice WRLD
4WgvTITBJbEfCJHguiE7QS,The Monster,Eminem
5mZXWEH2eh8zMZGCxT5aW0,"Yah Yah (feat. Royce Da 5'9"", Black Thought, Q-Tip & Denaun)",Eminem
60Z57Wdrn0pEVpHI7d7GAX,Stepping Stone,Eminem
0q2vG0UVuy6ajjcpkQHdZM,Unaccommodating (feat. Young M.A),Eminem
7Dj2wqPYXfSRFwa6qyOztr,In Too Deep,Eminem
2XTquzYQAdT1Hk78bOUwsv,Greatest,Eminem
0evt4UZbdhnHtcAnxkm6A1,Normal,Eminem
08ir631EiCA7xIms7JDp15,Book of Rhymes (feat. DJ Premier),Eminem
40YbWniIEmqy6s58fYXLUh,Never Love Again,Eminem
1lO9CZo6eDrOy0S7khgryG,No Regrets (feat. Don Toliver),Eminem
4UBKe75v9DYcehHirq4ot4,Ring Ring (with Rvssian feat. Clever),Juice WRLD
7d94IqWX2UmSKMGUYSGFJG,Bad Energy,Juice WRLD
59654ZK5g8mq1Z6E34qBXp,Big,Juice WRLD
75MNhvTCCKsST3YqqUiU9r,Shivers,Ed Sheeran
10ydLIh6TZhiafiLmxv1Ky,Xylitol,League of Legends
5uwFzyBfdwU6r1JlrGwCRi,Shimmer City,League of Legends
31B7wLv4yvtjDoTTmbnxeE,Jungle,Fred again..
0veO6y9anwdVTaRuW7y8NJ,You Wouldn't Understand,Juice WRLD
0yQCHkrxQDVyMc5I8D65yC,10 Feet,Juice WRLD
3T06rGO2dVEntMvym0vpQu,Empty,Juice WRLD
7pbg3ABlAZv2NiIdKbBBFm,Up Up And Away,Juice WRLD
1wa6QQsdSE3X2GbRljGpFk,Candles,Juice WRLD
0WZFN4E8HrmGUU0EMyKQ8c,Used To,Juice WRLD
4F6YLjakjqWFTgC5qfEwPQ,Screw Juice,Juice WRLD
0C3gyphZJY83XplEHz30m0,Desire,Juice WRLD
55XOUxXsBBbC07PD3Zml3F,Maze,Juice WRLD
4VXIryQMWpIdGgYR4TrjT1,All Girls Are The Same,Juice WRLD
2SVx3uds6jTWALFxevIWMA,I Want It,Juice WRLD
2uTrdatngtB000duMrfbiV,Feeling,Juice WRLD
0fCwrjKfWxF3xQhZrYUw4T,Blood On My Jeans,Juice WRLD
39HsFsNfFYZdpnQfq8lbS3,HeMotions,Juice WRLD
5euYMGygjq2IAfpzOD08Qb,ON GOD (feat. Young Thug),Juice WRLD
2wkej79m7pKn0iTljW929c,Out My Way,Juice WRLD
4K06PO78fW4mnBVenxGNob,Conversations,Juice WRLD
1fCeXjoRExPP2qwSBh2aST,Black & White,Juice WRLD
49QVOdWgGagzLrThkIqtK6,Scared Of Love (with instrumental by Ghost Loft),Juice WRLD
21CkzgKCBCq5V4XKjiGSIj,Stay High,Juice WRLD
4PPLJAEYBSOcnzr9TZoqf9,Can't Die,Juice WRLD
42K3zCqQrp12kzlQMVpFAZ,Upper Bound,League of Legends
4iX3NZghkIK04tLz3ooh8P,I Took A Ride,Zeds Dead
6e1wW9VeiRLV0WS8ANdhay,Die For You - Dabin Remix,VALORANT
64moA9zwEfhBADmxLZvVhH,Superhuman (with K.Flay),Party Favor
4w5wkuwuCByenZ6QufdeQN,<maybe> it's my fault,WILLOW
5T4Dg96mUrKPjgFUckbDhn,Gamma Ray,League of Legends
6yTAycvx2hDqGYerNaphfI,Guud Gurls,Breaking Beattz
2Rs2D1456GJTcKbTHOhGUZ,Flourish,Moore Kismet
0VNqKLUyplTxCPZbIaVKls,Star Guardian 2022 - Official Orchestral Theme,League of Legends
0wOszvUZUSAEZA8uezRlMV,Daydream,League of Legends
0L4eq8cUkkcDjKQUdgx4Tc,branches,Former Hero
1fbbMX7XyYqGCWyrY1MSKm,BIG SMALL BUSINESS,Tobe Nwigwe
3qbhmQDszVZFSlDQ4GyFRG,Never Change - The Caracal Project Remix,Apashe
5lZ7JtdJFhFNtOcQg7jIXB,Deceit,League of Legends
1oc92BMKYkNxK17C2GtyRM,Distraction,Polo G
1jWS7lIGOY0NzVOdM6xCXH,Drop Go Bang,Chuurch
5ib5AQwWkLG0W9sCyduHVs,SIDE 2 SIDE,League of Legends
4w3wVlczJyL4zC627TcrFP,THE OUTSiDE,AViVA
6q7tXbbAOFY9qMT6LMKHnA,"Zeri, the Spark of Zaun",League of Legends
3qSlXaZDxYlS2Z6t7OCswv,on hold,Tails
6cKRYvLYUbAOfjJDfslIXy,Jump,League of Legends
2I5tTeFL69KZCiO0YYoql7,Fashion!,Lady Gaga
3r79QvEP2IYXeY96mf7ocT,FASHION,LIL GLOCK 420
0CWQQih1QMnxQCUdsJZWvE,Fashion,Lindsay Shawn
7fVlbM9hxmv3Omz4UPcsy8,Brain Power,NOMA
3Q2R9j6xZfPOxre6vvFurZ,Skywalker,Flite
1raD5qClj2BnsSpoXpTosQ,Another Way (with April Bender),Seven Lions
6n4U3TlzUGhdSFbUUhTvLP,Walk It Talk It,Migos
7CrV84rfYP3wS4l5NQc4uL,Phantasy Star Online,Deko
4vrO0p3rkPCm1OIroYB9Bv,Drop Zone,Darren Styles
3oDFtOhcN08qeDPAK6MEQG,Boom Boom Pow,Black Eyed Peas
4FIgHqXd4KkOwxrGeLDYM2,Texts Go Green,Drake
13xDNcUNMt4L9y6ckxeQJ1,Eyes Closed,Netsky
7rbECVPkY5UODxoOUVKZnA,I Wonder,Kanye West
4nTWlJcs3S1cxnXTTnWu2n,Pictures In My Head - High Contrast Remix,MJ Cole
6O20JhBJPePEkBdrB5sqRx,Diamonds,Rihanna
3Yv9CEIOJjpw8tgKJhbOcc,My Feelings For You - Radio Edit,Avicii
4E9HmV2dtUL1MJxR74yWLa,Spellbound,Matrix & Futurebound
3kZoay4ANo86ehb6s4RwS9,Ridin',Chamillionaire
5GLW3IBX8Nhsup4bBLyGxa,witchblades,Lil Peep
6tWYDHCH8isT5MEjjQQGrE,Ember - Hybrid Minds Remix,Camo & Krooked
4m9170ihqeyaXBjPJESTEX,The Unknown - Flite Remix,Danny Chen
2X485T9Z5Ly0xyaghN73ed,Let It Happen,Tame Impala
3AJwUDP919kvQ9QcozQPxg,Yellow,Coldplay
3UZPq5FpcKGWpQcKL88ebf,New Age,MUZZ
7u2uXamgwdb96zttJ6zEUY,Nightcore (Mi Mi Mi),Ali Özdemir
3JkwzHI9Oe3TVl2sYhOHQP,ME!ME!ME! feat. daoko_pt.1,日本アニメ(ーター)見本市
7edFzU6GwqepFaOJxrFlsE,Ooh Shorty,Lostboii
2FuNyzv9xQm97Gaonvxg2u,1-900,Speed Gang
1F4whv5cBxGDaUkgW3ybt5,What Love Can Heartbreak Allow?,Ben Caplan
3ozS5DsfzFfrlgZpxEMjb0,Feelings Mutual,Lil Uzi Vert
7284Lm1fMEABEFBrtMgUWR,No Sleep Leak,Lil Uzi Vert
0INehbMZOFPnaPBAjK97i3,I'll Be Fine,Juice WRLD
285pBltuF7vW8TeWk8hdRR,Lucid Dreams,Juice WRLD
2c3zMPsSmGkXCLQwCQqdhz,Won’t Let Go,Juice WRLD
24BNgrtp6Fag4M5BQPEgsV,End Of The Road,Juice WRLD
1goNZsIE8w3NQOzlP40veh,Make Believe,Juice WRLD
2U5WueTLIK5WJLD7mvDODv,Wishing Well,Juice WRLD
7hZoTr4ffMGqm9opMiGmBp,ONCE UPON A TIME (FREESTYLE),IDK
2SvgBb7Wxa9ZfeamgGIGZl,I'm Shady,Eminem
3WpHqtFUwzIQBsV9YC5iNc,Guns Blazing (feat. Dr. Dre & Sly Pyper),Eminem
222dTwr5XeEgAzEtsrQA0R,Headlights,Eminem
4qNWEOMyexn7b8Icyk29t9,Little Engine,Eminem
2zUxeDhvav0P5aNIrKT3yr,Amityville,Eminem
2MZVMXJpp6vyz4ideG27Sc,Seduction,Eminem
4EmunTy7kNBYQivOa8F6b8,Alfred - Interlude,Eminem
6MrCccPAByfUy41kvJlUUu,Ken Kaniff - Skit,Eminem
28FGV3ORH14MYORd7s5dlU,Not Alike (feat. Royce Da 5'9),Eminem
5TEQ8aQm7SqtCRDGW2Bkoq,Alfred - Interlude,Eminem
3Vh7tuvp5J5jpLrCqAcosU,Get You Mad,Eminem
7xeDETVgMCoPkHU3dXtN9x,Farewell,Eminem
59z8uxWZVFpL2LfZ5C9AzY,Public Service Announcement,Eminem
7jHJpWa5n7MXwnPF8vA9pE,Stepdad,Eminem
2SL6oP2YAEQbqsrkOzRGO4,Venom - Music From The Motion Picture,Eminem
2gsNpSn7VvvJuSrIDfRoYy,Kamikaze,Eminem
23pOXfm1f8MYAYdZ5fWqqd,I'm Back,Eminem
3QVHSV8YKYq4L8tI5rnFgj,Stepdad,Eminem
35kN1wEPub5ysY8q4fKK2h,Space Bound,Eminem
5mgTRXPQquTqhRcBZiQXVg,Steve Berman,Eminem
5fQISkTXrsvl03iykOku34,Just Don't Give A Fuck - Instrumental,Eminem
0AhrTX6TszxuoDjfOSprlz,Stan,Eminem
4NpIbjh8rOLs4sRTCGUHAM,Under The Influence,Eminem
7la9if5FrYIyfuHdiJLfvM,Almost Famous,Eminem
1Rt10mmWpCNEsA4MRpO7o0,Hazardous Youth - A Cappella,Eminem
51LeDAMy6nWqKdjVo7jK4j,Curtains Close,Eminem
5sGzBBWPe4YC2YoW7lBYph,Baby,Eminem
3stOygN0I7CIvkEB2LJGbv,Survival,Eminem
09FfQO3PqHO4HIJL511Ksi,Nice Guy (with Jessie Reyez),Eminem
1EWpJfYjYcfrbUdRLubzZm,Going Through Changes,Eminem
7BneCfYRPXAJsEXRdVzEfV,Parking Lot - Skit,Eminem
01zPnSlKCw9WLbY0kvNep0,Desperation,Eminem
0GQ5bFTVFFKpwNPc7KwQnB,"You Gon’ Learn (feat. Royce Da 5'9"" & White Gold)",Eminem
6rvsIniNCo4hDJSE63hR1w,Premonition - Intro,Eminem
288e3FhmVuCqPmNEfAH0h6,Say Goodbye Hollywood,Eminem
7F5dzHiZ8EmD8szZtaDZsQ,So Bad,Eminem
0pzXfsibHoO6eWDV262G1U,As The World Turns,Eminem
48dnzYTt8z03FNvblPWa6C,Guilty Conscience - Radio Version,Eminem
33xM3SLxNLpZxbvxOzBbew,"You Gon’ Learn (feat. Royce Da 5'9"" & White Gold)",Eminem
7hiBhOh4s8G0xmGYBAjyuw,Beautiful Pain,Eminem
0iMN420Q45isZVNlAqzPTW,Love Game,Eminem
3CJbxqRQ0JNCqboWDNUUeX,"I Will (feat. KXNG Crooked, Royce Da 5'9"" & Joell Ortiz)",Eminem
6YxWzMtFrGETbAcvqbUiww,Cum On Everybody,Eminem
02oJPSOD543viMH6d5VZkM,Leaving Heaven (feat. Skylar Grey),Eminem
0EgkVzDidmq4MP57jZFeik,Paul Rosenberg - Skit,Eminem
0je6gk6ukXjHwzeybX6JLv,Greg - A Cappella,Eminem
6wrujrWK30hnVbpOJYbnQt,No Love,Eminem
6Xk7PnitV9jCRorWt2LiVZ,Berzerk,Eminem
3E1BkJEsRK7VsSNzijilGm,Evil Twin,Eminem
5mQNVUP0weaqUx4zJI2whE,My Name Is - Instrumental,Eminem
1cEUi8QulMj1xgrPwwGC2p,Tone Deaf,Eminem
2J3CYFUn6eAuHz5S9IKape,The Kiss - Skit,Eminem
1oHXeD1gQQCQUYHeHp2HMU,Discombobulated,Eminem
435kMcZJuXJJwKelsDjP4R,Thus Far - Interlude,Eminem
6B3zy3LOKHndqsviCr2z15,Em Calls Paul - Skit,Eminem
0uAkm1iQLrzweZ4U1iXy6w,Alfred’s Theme,Eminem
4g32MdRoqwGKQd3NXIRhpU,Good Guy (feat. Jessie Reyez),Eminem
4tME51EiaLJvxGZExXRdRX,Stan - Instrumental,Eminem
6s76kkSLgFVyAwKKaW7spV,Stepdad - Intro,Eminem
50le2HSqQAIqB4BGD4cE9e,Black Magic (feat. Skylar Grey),Eminem
5VqSAZujDWDJkQ11Laf9W1,Bad Meets Evil,Eminem
3zXGMmgIygV00eFxyqmbeO,Role Model,Eminem
5QD28FqaM3jTfsqWwvRZwv,Soldier,Eminem
58QhkbaAkLFnn7JwAnAato,Fall,Eminem
6v5THhwG0Of1H0tBnZ7kkw,Soap - Skit,Eminem
0NWtAf6HtnfA5KFCaX6Wtz,Bitch Please II,Eminem
0x60P5taxdI5pcGbqbap6S,Business,Eminem
2iW8D4Vdy8lrOEBkYEJOzd,Guilty Conscience,Eminem
15qrWkkYCfmtu1uRpGf48L,White America,Eminem
0BbwXzj06GnSL4Ei6jR04h,W.T.P.,Eminem
4KVVy0GeXO03ni8Cv4SWk8,"Bad Guys Always Die - From ""Wild Wild West"" Soundtrack",Eminem
6l75Og7UcnKVqM14tGhjD6,Not Afraid,Eminem
6cS9PmLky2NhLOhpIsUlow,Gnat,Eminem
2d3fdQ6OxmUIsF20eCpcrv,Stepdad - Intro,Eminem
7fXPWrFoxtEGnoxu67ZjQa,Who Knew,Eminem
1qFip2ddjfGlKkXDhfBnBr,Marsh,Eminem
0Fv6CfegUbD5Egs0dj8CVB,My Name Is,Eminem
5OxgFpiGktT1kMQxwGa870,Criminal,Eminem
7pEDNYd1Lf4xudWGrtVH8b,"I Will (feat. KXNG Crooked, Royce Da 5'9"" & Joell Ortiz)",Eminem
3F14hbIqy1JKKLTb1mzdYV,My Dad's Gone Crazy,Eminem
4dfAUJI1QesmK5HfK9gtYs,Wicked Ways,Eminem
0X0ClM8jVHU7N0ptHRqi7r,Lounge - Skit,Eminem
3eMsgWDRq5dKl5SBTYGv2J,Higher,Eminem
5TIFb333qPwHTistaz8hdH,Lock It Up (feat. Anderson .Paak),Eminem
7bOavTG3jFHZ9ppyGfdz6O,Ken Kaniff - Skit,Eminem
4HDPUr4xQ6X6olwAnFHPJ6,Ridaz,Eminem
1mavQ4WCzXSeL2Dm5DS4GQ,Legacy,Eminem
6JyvP9BYLtIDXzjZLMNYTR,"Yah Yah (feat. Royce Da 5'9"", Black Thought, Q-Tip & Denaun)",Eminem
5SiZJoLXp3WOl3J4C8IK0d,Darkness,Eminem
2jt2WxXMCD4zjACthkJQVE,The Ringer,Eminem
2lPE6W6ONJKmBE6hLjpIYo,Zeus (feat. White Gold),Eminem
3fCRPhzGYSd4y6K1qjFcIp,Groundhog Day,Eminem
5CpsIb7SMFHjmAG8RvIWfq,Leaving Heaven (feat. Skylar Grey),Eminem
55tyosB2p2BRx1yEGG0V80,Kill You,Eminem
6ogACNVtzSJHzqLhzUegaf,Offended,Eminem
3IaAYtmN8T0YIYVqnxNnVz,Bad Guy,Eminem
4EQkcrSLF3QdlwNca7sMXY,Say What You Say,Eminem
6MtI49ggHHumUTONlvMQlq,Stronger Than I Was,Eminem
0nzsCN9rtXdugPoiIT49Kj,So Far...,Eminem
0VSzREd1OjEWJ9tXoFHRQH,Those Kinda Nights (feat. Ed Sheeran),Eminem
2BITQ360Knh6qNAOqR7Dyq,Miss The Rage (feat. Playboi Carti),Trippie Redd
2eAZfqOm4EnOF9VvN50Tyc,The Way Life Goes (feat. Oh Wonder),Lil Uzi Vert
2Sy5ZOXy6dP9sXmPabCBiL,Never Be Alone,T & Sugah
0LnS7aOdOdI1dNKZqdOLz4,Dua Lipa,Jack Harlow
7LL40F6YdZgeiQ6en1c7Lk,Robot Rock,Daft Punk
4fCs9oQGvZGbnYXBkL4hYh,Exitlude,The Killers
6sqNctd7MlJoKDOxPVCAvU,My Happy Ending,Avril Lavigne
5cY8y2XgOfkAh4kSWLFKkz,I Write Sins Not Tragedies,Panic! At The Disco
7IDJ19VgYwZSzDH5Ku5FT9,I'M DAT N****,Future
2JvzF1RMd7lE3KmFlsyZD8,MIDDLE CHILD,J. Cole
4p4hyqRFdoiw4EMbEsqBdA,Get Free (feat. Amber Coffman),Major Lazer
7xaYKFCW1kIG7tkeU7kH6M,Need Somebody (feat. Tory Lanez),Zolo
1PnmXdkqRktZT67tE8fv7d,I Follow Rivers - The Magician Remix,Lykke Li
66TRwr5uJwPt15mfFkzhbi,Crank That (Soulja Boy),Soulja Boy
5PAO1KWruUA0lSCJwBjFBu,The End,Maduk
0X9JtSp7JDTfFE65lCbIxX,Decisions,Flite
62duQFVb51gug9ajR6Qdiz,Gangsta Rap Made Me Do It,Ice Cube
0M9ydKzuF3oZTfYYPfaGX1,Bad and Boujee (feat. Lil Uzi Vert),Migos
5PX4uS1LqlWEPL69phPVQQ,Pursuit Of Happiness - Extended Steve Aoki Remix,Kid Cudi
225lMWq2wtUmUeETswWKu8,Enemy Brain,Fox Stevenson
21qnJAMtzC6S5SESuqQLEK,Pump Up The Jam,Technotronic
4QNpBfC0zvjKqPJcyqBy9W,Give Me Everything (feat. Nayer),Pitbull
7vsaOIbddI6jkFE9Br28fi,Bring Me Down,Subwave
30KctD1WsHKTIYczXjip5a,Tequila Shots,Kid Cudi
0xmjwnQ3FNE6HuWCt2nHdZ,Where Is The Love?,Black Eyed Peas
7EcE5yCPVZaZut1JqowbcI,Faneto,Chief Keef
0WSEq9Ko4kFPt8yo3ICd6T,Praise God,Kanye West
6qZjm61s6u8Ead9sWxCDro,Elephant,Tame Impala
20O48JTG6O46tPAuZbliRA,Gët Busy,Yeat
5UsLjwBaTHBX4ektWIr4XX,Forever,Drake
59R6QZ24eQ3xbLZu2J5HyU,Synchronise,Ekko & Sidetrack
1lQZ7fJRndezv3hnEtadcI,Outlands,Daft Punk
0BUFqsMsqAmKQPhLBXnmv7,She Loves Me,Eminem
5EvF8OdvwB2CQy9Un7eiiI,The Real Slim Shady,Eminem
4lCv7b86sLynZbXhfScfm2,Firework,Katy Perry
19gEmPjfqSZT0ulDRfjl0m,Hot N*gga,Bobby Shmurda
22L7bfCiAkJo5xGSQgmiIO,All Of The Lights,Kanye West
6LNoArVBBVZzUTUiAX2aKO,Off The Grid,Kanye West
5V8ztSczNwG0YD10tucC9x,"The Rising Fighting Spirit (From ""Naruto"")",Guitarrista de Atena
7GX5flRQZVHRAGd6B4TmDO,XO Tour Llif3,Lil Uzi Vert
6A1XpRZaWWOdAkbpwneeLV,Made Me Feel - Champion Remix,Cartoon
1OBi4IRkuVOCegnDHG3xhj,I Refuse,Netsky
6W9ufJrBOVBIp1x0zZaoOR,Stay right there,Black N White
3vLJiZuxrv55LgiyD8mXoX,Vermilion - Original Mix,Maduk
6DsPM0HMAXN5x4pzBR6bbo,Aftershock,Macky Gee
2LD2gT7gwAurzdQDQtILds,Veridis Quo,Daft Punk
20jYtEun4dUdYZ9foaOC48,My Humps,Black Eyed Peas
7BbaIYAdi3pg4MGl6PHwPv,Monëy so big,Yeat
6WnawoPsabsAdcrTMM7pbL,Make Me Feel,Macky Gee
5bs8OXiOt4BPF2FAnRFP1u,Heads Will Roll - A-Trak Remix,Yeah Yeah Yeahs
3KkXRkHbMCARz0aVfEt68P,Sunflower - Spider-Man: Into the Spider-Verse,Post Malone
1uWTlK72KKpzsCHhu62OV5,Waiting All Night (feat. Ella Eyre),Rudimental
2Y40huo5ewaKYxsFintYtF,Heaven and Hell,Kanye West
2yAVzRiEQooPEJ9SYx11L3,Blue (Da Ba Dee) - Gabry Ponte Ice Pop Radio,Eiffel 65
1pKYYY0dkg23sQQXi0Q5zN,Around the World,Daft Punk
60PAzFNW3vAiAiVK6DRJfB,Day 'N' Nite (Nightmare),Kid Cudi
3JWiDGQX2eTlFvKj3Yssj3,Closed On Sunday,Kanye West
3zL0LAsSh3dTO73dSOKWkr,The Son of Flynn,Daft Punk
1xzBco0xcoJEDXktl7Jxrr,Mo Bamba,Sheck Wes
336b2OagiAyVIlaCcmHhQ9,Escape,Rameses B
6LECek0tkw95AXDGHM4qXj,Major Bag Alert (feat. Migos),DJ Khaled
1QV6tiMFM6fSOKOGLMHYYg,Poker Face,Lady Gaga
3LtpKP5abr2qqjunvjlX5i,Doja,Central Cee
696DnlkuDOXcMAnKlTgXXK,ROXANNE,Arizona Zervas
3nAq2hCr1oWsIU54tS98pL,Waves,Kanye West
4kAKNNDn9SJu97NQ9vuMik,Climax,Camo & Krooked
75s49AukLTQKYZku9nycXJ,Knowhow,Fox Stevenson
79s5XnCN4TJKTVMSmOx8Ep,Dior,Pop Smoke
4Rv3U9iAr81IimrxaAhXtl,Standing On The Shore,Empire Of The Sun
52ojopYMUzeNcudsoz7O9D,"New Person, Same Old Mistakes",Tame Impala
3yitiXJG14YtXXPFVoNvb1,I Remember,Kaskade
6KQUZNUMApkQhBVjQokILL,Don't Give Up,Fedde Le Grand
24LBFmg56HnT7Nj5HLQvPL,Your Eyes,Andromedik
4bJygwUKrRgq1stlNXcgMg,All The Things She Said,t.A.T.u.
5yY9lUy8nbvjM1Uyo1Uqoc,Life Is Good (feat. Drake),Future
152unnv8fuahIUyVnHJutJ,KILLING MY LOVE,Leslie Parrish
6XUehxeu0EH3D4dHAMUQnQ,Remember Me - Extended Mix,Leslie Parrish
16211VKpjM4Hh3MfIlcu4s,LOVE & MONEY,Za Za
4BHzHISX21PYwGXiBEUQ70,BBO (Bad Bitches Only),Migos
4GV6rBhB2tdFNo1MmcpfNq,Coming Home,Polygon
0FLIBDpU2S5bb6TfMB4NuQ,Killer,Eminem
7os53rdrgA0OU6xC5xJruX,concert for aliens,mgk
3wn8nOygkHLUQ9dlXM1rKW,Poppin,Yeat
507p7KZRdSov5HO50jS4k2,Mayk Yu Myne?,1991
6R0GRYk2vs2XuBVemYK5YZ,Ultimate,Denzel Curry
0QKfiqpEU4h9ycPSzIFwYe,Maniac,Michael Sembello
1HC3nSraaRQ82RJP4TjYTX,Alleyways,J+1
4scpF6J5uMBvoh6sFB7EL1,No Type,Rae Sremmurd
1B75hgRqe7A4fwee3g3Wmu,U Can't Touch This,MC Hammer
2oHM9KAdFdFvDCaE4V6RST,Hate Bein' Sober,Chief Keef
4VHkjPgAis9JNfc1URn7zZ,Sorry Bout That,Yeat
27Rmx4hKdY721HFUsgSxd0,Give 'Em the Love,xqcL
5lRzWDEe7UuedU2QPsFg0K,The Funeral,Band of Horses
6kqjy4FPMdkMtRMqJJ8AxN,Feel This Good,Polygon
1mv4lh1rW1K6xhxhJmEezy,Music Sounds Better With You - Radio Edit,Stardust
1Mze7crzF9BWo82DiAsmjj,Tour,Macky Gee
0tYvtz8jKAyC12by9Lmp6L,Turn Back Time - Wilkinson Remix,Diplo
6FsbGFhn0tdA53U6FFKMiz,Hoohah - VIP Edit,Fox Stevenson
1GM18oRcNXermWFRzhjROm,Flashbang dance (feat. n0thing),The Verkkars
0zdGcBMexiugXnCdfVgAo8,Good Enough,Koven
5V0ntPgoNTn7KrFvjH67jk,Walking On A Dream,Empire Of The Sun
3GcZfTXXJSiefyugBVuYAb,Hold on,Black N White
3tgl9j4vYGbkpmoSgFNKXr,Follow Me,Matrix & Futurebound
5A6OHHy73AR5tLxgTc98zz,Black and Yellow,Wiz Khalifa
3QFInJAm9eyaho5vBzxInN,family ties (with Kendrick Lamar),Baby Keem
07K4GcCDSTiXUF5ssyTRUM,The Sweet Escape,Gwen Stefani
4pTvgNra8siMoIT8u3epTr,Enterlude,The Killers
3DjYU54tU6YCEy822r8TcY,Ongoing Thing,20syl
6Ozh9Ok6h4Oi1wUSLtBseN,BOP,DaBaby
59J5nzL1KniFHnU120dQzt,wokeuplikethis*,Playboi Carti
5dFbZDu5NojxLxtWy5I0e0,Everytime,Maduk
0MxEnGqgMlVZn0lD1k61kR,Taliban,Yeat
0O6u0VJ46W86TxN9wgyqDj,I Like You (A Happier Song) (with Doja Cat),Post Malone
466cKvZn1j45IpxDdYZqdA,Toosie Slide,Drake
2ygMBIctKIAfbEBcT9065L,Pump It,Black Eyed Peas
05EG9LwFCVjkoYEWzsrHHO,Legend,Tevvez
1gJbFyxVnTF8RTGCLyQxCL,Million Voices - Radio Edit,Otto Knows
5TRPicyLGbAF2LGBFbHGvO,Flashing Lights,Kanye West
3oDkdAySo1VQQG0ptV7uwa,Lean Wit Me,Juice WRLD
3XRQT7EoS4U87rUuJwg5P3,Hurt Me,Juice WRLD
7xFZ81wnBiRdqJhhWbyMgL,She,DANAE
04tHEujy90CzUZB9PPDhzC,Sidetracked Day,VINXIS
4i5Dof4iQMmb9pM2EjPXfr,Under Kids,TUYU
50NGKaOaF9A7DBKWjAPwNI,A Winter Night's Lazzo Violin&Cello,Jagan Tempest
1dpS5HouRS34WYZRXgY0HC,Silhouettes of the Night Violin,Jagan Tempest
1sP0WB6t9tykxK6wEcHDgm,FLOOR 13,Emorii
476j7IDRIDRvv1Xu71EVc8,Never Be Like You,Flume
1AR6VrButtOFNqS9ck6Wam,Laughin' To The Bank,Chief Keef
3gGMsx3jxYKfhXq8LMj1tz,Vanished,Crystal Castles
3yK9Z80jK9PHoi1G507fit,Miracle,Cascada
1TSufO8hiEMKE3BSeY1EFs,Perfect,Capoxxo
1ULa3GfdMKs0MfRpm6xVlu,We Dem Boyz,Wiz Khalifa
6kfQDanT6Buh4Wu73ghbav,Ayo Technology,50 Cent
5gZYpjakt37G3c58FKcQwJ,Miss The Rage (feat. Playboi Carti),Trippie Redd
3CLSHJv5aUROAN2vfOyCOh,Close Eyes,DVRST
2BcMwX1MPV6ZHP4tUT9uq6,Knife Talk (with 21 Savage ft. Project Pat),Drake
7LR85XLWw2yXqKBSI5brbG,Run This Town,JAY-Z
5M4yti0QxgqJieUYaEXcpw,Eventually,Tame Impala
1NhDv99nTtRm37rZpoH7Ix,Harvest Dawn,Jeremy Soule
685kbrozhKaTRkXPOqepbi,Go Agane,Constera
4ta0Ftqj8AOV44COrAkSyh,The Cure,Flite
0ofMkI3jzmGCElAOgOLeo3,The Rhythm of the Night,Corona
6MwJua8XybVQFYjGMri6oC,One Day,Polygon
55gKq9bOAPRAcOQInZ76tH,U Got That,Halogen
22LAwLoDA5b4AaGSkg6bKW,Blueberry Faygo,Lil Mosey
7vQ8hT2jlA6RhxI4ZxISVd,Kyoto,Yung Lean
01Lr5YepbgjXAWR9iOEyH1,Love Sosa,Chief Keef
5D2mYZuzcgjpchVY1pmTPh,Candy Shop,50 Cent
19420zzjfPSzZMI88K6zKK,Defiant,Feint
6LxSe8YmdPxy095Ux6znaQ,Headlines,Drake
6lCn2IK3UJHf4mCccFwVMZ,Thé à la menthe (Instrumental),La Caution
6vSwsxFqzr3RrSgtnfjAxO,Give 'Em the Love,J+1
3mmpv5Tn2YJPimEK02Tk1H,Eurodancer,Mangoo
3swc6WTsr7rl9DqQKQA55C,Psycho (feat. Ty Dolla $ign),Post Malone
5hM5arv9KDbCHS0k9uqwjr,Borderline,Tame Impala
01kfSdF9zfcDLri5sSWEoL,RAVE,Dxrk ダーク
4u4VElxO7JM4IR4jR4TL1s,Arrival to Earth,Steve Jablonsky
6CI2Nc7XPwRSbXmrx5EaiM,Big Bands - Black n White Remix,Lil Cap
4AlUKU6dRAcedLukjkxPOJ,No Kapp,Rexer
15rbqfWtrFCW3uLf9a01sf,Untrust Us,Crystal Castles
0DiWol3AO6WpXZgp0goxAV,One More Time,Daft Punk
38WN6ouLGke6SIpVriIb9K,Good Time,Fox Stevenson
3W2ZcrRsInZbjWylOi6KhZ,You & Me - Flume Remix,Disclosure
0oiv4E896TUTTeQU0cmIui,Massive,Drake
0j2T0R9dR9qdJYsB7ciXhf,Stronger,Kanye West
65OVbaJR5O1RmwOQx0875b,Wants and Needs (feat. Lil Baby),Drake
5EbAa5GCR9roLZbupPAiNA,Aftergold,Big Wild
2G7V7zsVDxg1yRsu7Ew9RJ,In My Feelings,Drake
7zkDEBSxkcBVsStS4qBFpK,Lisztomania,Phoenix
1mea3bSkSGXuIRvnydlB5b,Viva La Vida,Coldplay
1vlwXwtzSPZaDd0vyKLKhW,Somebody to Love - Sigma Remix,Rusko
0BWsLMeLfeObVJzfzU1jOO,Forever Young - Extended Mix,Symbol
53ztIPlG41GfEamzrfp9Ut,You've Got The Love (Bonus Track) - Album Dub Mix,Code Black
2ffVdgR2RUHIaENDIrlVvG,"Clubbed to Death (From ""The Matrix"")",Robert D.
3Osd3Yf8K73aj4ySn6LrvK,No Church In The Wild,JAY-Z
623rRTKwGmgjH6sjE9uWLh,Scatman (ski-ba-bop-ba-dop-bop),Scatman John
4qikXelSRKvoCqFcHLB2H2,Mercy,Kanye West
0MST2GgDW7xjhugjl8ADLb,Make Me Stronger,Murdock
7dxQFzp8zZzgDkaYEXQZIv,Crimewave,Crystal Castles
60kbAXXV2vacSqABLaYM6k,Moment In Time,Polygon
7JuHVG3qQKQKxC4doneXVW,Back in Blood (feat. Lil Durk),Pooh Shiesty
3u5N55tHf7hXATSQrjBh2q,"Freed From Desire - prod. Molella, Phil Jay",Gala
4lKXjLzAV0Nxwln8MxHVtQ,Coming Down,Halsey
4zM0uVfVnpiVxYYuZ0VF1y,Axis,Pryda
4yhGkvdYU5bi4950r80FRo,Tell Me Why - Radio Edit,Supermode
3JA9Jsuxr4xgHXEawAdCp4,Just Can’t Get Enough,Black Eyed Peas
5nIu0VwPOsjkF61zfevLKh,Hold My Liquor,Kanye West
6M9L1sPBHbVMpEYV8hYiGU,Holdin' On - Skrillex & Nero Remix,I See MONSTAS
6HjtZWIo0bh0KLD8Tq4ujR,DotA - Radio Edit,Basshunter
3NvS0SxNWIPiAJoPWUpZzr,"What Is Love - 7"" Mix",Haddaway
3zmduBNsQ6BPDTZAkXzG5K,Can't Be Touched (feat. Mr. Magic & Trouble),Roy Jones Jr.
1EvenWFAS3HySQBPYwLfWv,Like That,Fox Stevenson
5eqK0tbzUPo2SoeZsov04s,Bank Account,21 Savage
2SDOS0F4FJb1SEjOpF9PR5,Right Now (Na Na Na),Akon
6sKg6jzvmiNAVsJRl8MaDE,"Cześć, jak się masz?",Sobel
0440JCJyIAmINA8KcYgFb5,Fighting Demons,Juice WRLD
1YM6c2sxbf2Jacl9IFgn4I,Titanic,Juice WRLD
2Y0wPrPQBrGhoLn14xRYCG,Come & Go (with Marshmello),Juice WRLD
5wWAwzGp2OaaoIkwcz6wZs,Life's A Mess (feat. Halsey),Juice WRLD
7AvprzMsRJpybaalckaT8c,Man Of The Year,Juice WRLD
07Grx6opd6FcevHB0MG3r8,Rider,Juice WRLD
2MFFrpPKrGnyJuVjcfdm4w,Hear Me Calling,Juice WRLD
0ada5XsQGLPUVbmTCkAP49,Hate The Other Side (with Marshmello & The Kid Laroi),Juice WRLD
45ttRl8uNtJkop7r9dmP4e,Feline (with Polo G & Trippie Redd),Juice WRLD
17Cs25j5Ui6X6W4Hk1kAyC,Long Gone,Juice WRLD
2xwwY0EN7dtnXzMU8xRDxX,Who Shot Cupid?,Juice WRLD
19m3E0nMZobyA93AxMXC32,I'm Still,Juice WRLD
6LhB5o2iWjJgNHqock5H3b,Go Hard 2.0,Juice WRLD
1M3XB6EUPUZy58Aqt6zbKr,Woman,Doja Cat
0d3YNJAfRBtKRBFezRGmdT,Malo Tebya (Zyzz Hardstyle),Aleksi
46Zn1oGeekINiqvzZxDXan,Malo Tebya,sykoman
0mEdbdeRFQwBhN4xfyIeUM,Can't Tell Me Nothing,Kanye West
6oL6CXUwnGv9JAqgEQJQSA,Running,Andromedik
3FtOLFXtOSXZb0to7ap5Wl,Fleeting Love,Monrroe
1dzQoRqT5ucxXVaAhTcT0J,Just Dance,Lady Gaga
22VdIZQfgXJea34mQxlt81,Can't Feel My Face,The Weeknd
4wOHTxl4euh0hMGU9CJERL,Satellite,Guster
2VP7uu6ZZ55fah71TynMMh,Big Time,Constera
4Li2WHPkuyCdtmokzW2007,Ni**as In Paris,JAY-Z
1Je1IMUlBXcx1Fz0WE7oPT,Wannabe,Spice Girls
2QpGZOhTCHHiKmpSO9FW4h,Follow God,Kanye West
5YEOzOojehCqxGQCcQiyR4,Panda,Desiigner
34DvFnn6xUkT9ssNRdshpy,Saving Us,Serj Tankian
75ZvA4QfFiZvzhj2xkaWAh,I Fall Apart,Post Malone
7v3rmoy5jcn4h5UqwQyCM3,Ginseng Strip 2002,Yung Lean
2E2V4NwrF5Q7pOed7FQS7V,First To Go,Andromedik
274sPDF4b4mCFK7hhvxBDJ,Escape with the Clouds,Boxplot
2Ocbja3GNcxq9Ualmmvfc1,Dub,Yeat
3PW8R9LHr6tvhdARHAqG9s,White Flag,Delta Heavy
2FTaTyEHyMQXPbaxorcKfE,I Remember U,Cartoon
1gmuuGzkk9B9kAflTnSOid,Mistakes,Used
32lItqlMi4LBhb4k0BaSaC,Candy Paint,Post Malone
1lOe9qE0vR9zwWQAOk6CoO,Ransom,Lil Tecca
5tXPbEbEouMSEbqQHO0qQa,Move,Thousand Foot Krutch
288ogAZr7aL3UIrd9CgZVy,Sky Is Over,Serj Tankian
6Knv6wdA0luoMUuuoYi2i1,My House,Flo Rida
0wXuerDYiBnERgIpbb3JBR,Redbone,Childish Gambino
7IdFdRlCjUi6kkhbPoRfnw,99 Problems,JAY-Z
7ueP5u2qkdZbIPN2YA6LR0,Sail,AWOLNATION
6vc7GNW3FxMkgKuProVOoB,Hydrogen,M|O|O|N
1qDrWA6lyx8cLECdZE7TV7,Somebody That I Used To Know,Gotye
0U10zFw4GlBacOy9VDGfGL,We Found Love,Rihanna
0SiywuOBRcynK0uKGWdCnn,Bad Romance,Lady Gaga
70FCugJxa7XW04Np6iYJdI,21 Questions,50 Cent
6mapJIPnQ23RTAevUoE0DL,Swang,Rae Sremmurd
19a3JfW8BQwqHWUMbcqSx8,Famous,Kanye West
7npLlaPu9Mfno8hjk5OagD,Girls Like You,Maroon 5
22skzmqfdWrjJylampe0kt,Can't Hold Us (feat. Ray Dalton),Macklemore & Ryan Lewis
0PzncLHHW8Utar5zZwW6zG,Save Me,Chief Keef
1p8tL0q77EnKkSFssFsXNu,Rap God - Mr. Cii Remix,Eminem
3J4mIEcufvfM2srhsXNkuv,Miss The Rage,dxv1d
77icwq3fIuFIUgffW4ztkl,Voddy - Black n White Remix,Black N White
537l7spEsGg6aWl6Y9eKAs,Killamonjaro,KILLY
7ktbuWqGUsNmAS9OoNwgWk,Catharsis X,MUZZ
5yuShbu70mtHXY0yLzCQLQ,Go Flex,Post Malone
21jGcNKet2qwijlDFuPiPb,Circles,Post Malone
60nZcImufyMA1MKQY3dcCH,"Happy - From ""Despicable Me 2""",Pharrell Williams
2BJSMvOGABRxokHKB0OI8i,Shoota (feat. Lil Uzi Vert),Playboi Carti
6N5DRCQUSXT1qQqmqsO92B,Party All the Time,Eddie Murphy
7dt6x5M1jzdTEt8oCbisTK,Better Now,Post Malone
3LbZIhU0smEU5SUnxod4j4,Breathe Deeper,Tame Impala
0ByMNEPAPpOR5H69DVrTNy,Don't Stop The Music,Rihanna
4NOZ35Dhucr6UlVyLOtktd,Dangerous,Kardinal Offishall
462HFjkL2Wnm9zYy8df06Q,Ember,Camo & Krooked
777im5SEYd0DoWvvcu2Yi3,The Temple,Raise Spirit
1KBN9lYx9QkfUJC3NSXlhQ,Ooh Ahh (My Life Be Like) [feat. Tobymac],Grits
5xbdgmHEFZVAdDPIVYv8EN,All Night - Metrik Remix,Polar Youth
3850dYVgOFIXJh5U4BFEWH,Hung Up,Madonna
5MexmPWHh8caUNsEAPpVfE,I Got You,Polygon
6xsEAm6w9oMQYYg3jkEkMT,Bad Blood,Taylor Swift
1JIgFmCP5OCTEGV866WP3b,Rich Minion,Yeat
3dhjNA0jGA8vHBQ1VdD6vV,I Feel It Coming,The Weeknd
74tLlkN3rgVzRqQJgPfink,Money Trees,Kendrick Lamar
5tz69p7tJuGPeMGwNTxYuV,1-800-273-8255,Logic
5mCPDVBb16L4XQwDdbRUpz,Passionfruit,Drake
3G0yz3DZn3lfraledmBCT0,P.I.M.P.,50 Cent
6eT7xZZlB2mwyzJ2sUKG6w,White Iverson,Post Malone
4EWCNWgDS8707fNSZ1oaA5,Heartless,Kanye West
5OrpABBsBq9cm74gByQENk,LOVE IS IN DANGER,Priscilla
6nek1Nin9q48AVZcWs9e9D,Paradise,Coldplay
4FxcwKco0f96Uft7TrKbLH,Still Into You Drill,Beat Drillaz
21JQMTM9WjBwQfSI0Gv5lG,still into you,CrisXv
0TwBtDAWpkpM3srywFVOV5,Crazy In Love (feat. Jay-Z),Beyoncé
22oGQC7h8oLNeq4vVG9Te6,Know the Way,High Maintenance
3f7gYMirBEKuc57218BjOY,California Gurls,Katy Perry
7KA4W4McWYRpgf0fWsJZWB,See You Again (feat. Kali Uchis),"Tyler, The Creator"
2EmJvjdyy8ciXrzh1N7i9K,Kallisto,Camo & Krooked
71dRBSmaKMdaFZPeZlVzf5,You,Bad Religion
1OOtq8tRnDM8kG2gqUPjAj,Beat It,Michael Jackson
49FYlytm3dAAraYgpoJZux,Umbrella,Rihanna
41ZJtNo49LRvp3gmE7ffMq,Bringing Me Down,Maduk
2bLqfJjuC5syrsgDsZfGmn,The Way I Are,Timbaland
6ifdoJBkspiMAy1xDnHA91,City Needs Sleep - Original Mix,Priority One
4vb8T8o6dVyR2z6q3Cz5tQ,The Juice,Rexer
1hwJKpe0BPUsq6UUrwBWTw,Boulevard of Broken Dreams,Green Day
5gHMAfnMIJzi2s3SiVeWiq,One - Netsky Remix,Swedish House Mafia
72TFWvU3wUYdUuxejTTIzt,Work,Rihanna
7FYH5AW3bVfZHJIQpq3UOA,I Don't Fuck With You,Big Sean
3XOalgusokruzA5ZBA2Qcb,pushin P (feat. Young Thug),Gunna
5N6M8yDiMV32T6Rkzh8EbW,"Boom, Boom, Boom, Boom!!",Vengaboys
0PvFJmanyNQMseIFrU708S,For The Night (feat. Lil Baby & DaBaby),Pop Smoke
7DHDkX2zpujg7gNbybahBT,HELL REPLIED,Grey
141i5OiA35ZVjGumOb1rb0,FAYF,Grey
5xb37AtqOpdOU3QfWVI9UR,TOO DRUNK,Grey
0iQHjEwLtwyGA9kL1H6SeN,The Time (Dirty Bit),Black Eyed Peas
5W3cjX2J3tjhG8zb6u0qHn,"Harder, Better, Faster, Stronger",Daft Punk
7cMFjxhbXBpOlais7KMF3j,Voyager,Daft Punk
1h6kgem1ai8vUgO1rZOwfB,I Don't Like,Chief Keef
1a7WZZZH7LzyvorhpOJFTe,Wasted (feat. Lil Uzi Vert),Juice WRLD
2EBCVPNAG46nbgs6jXPGvv,Starships,Nicki Minaj
3hlksXnvbKogFdPbpO9vel,Super Bass,Nicki Minaj
0HPD5WQqrq7wPWR7P7Dw1i,TiK ToK,Kesha
1Pd1zzDTp8G32vnSLWIlbI,DON'T STOP THE MUSIC,Lou Grant
4jpU6zDVX7KS2w9A7t9vGZ,I Bet U Won't,Mouse and Level
4KW1lqgSr8TKrvBII0Brf8,Father Stretch My Hands Pt. 1,Kanye West
4IO2X2YoXoUMv0M2rwomLC,Long Time - Intro,Playboi Carti
0nAZGkBGKQCXyaoSJfRhC1,A Keeper,Drake
3a1lNhkSLSkpJE4MSHpDu9,Congratulations,Post Malone
4B0JvthVoAAuygILe3n4Bs,What Do You Mean?,Justin Bieber
1AIYrVHnHDGB4eiC1S2PmA,The Journey,Feint
6kWxIqQDsKFYCJGbU4AjCX,Hardest To Love,The Weeknd
2vgUijXOTRMnWXDtvgMp2b,Take My Breath,The Weeknd
0laSPpzgD2rNatLXQwTyM2,You & I,Andromedik
6hPSal3ragmfUt1I5mKZjn,Mojo So Dope,Kid Cudi
3jUTjCISntIUFL8jnAjzgc,Fallen Leaves,Billy Talent
0blW8IbR5b6SHojx2wFH1D,Glue Gun,Fox Stevenson
5qULTKcgcnHlikfL35pZ4C,Waves,DJ Satomi
3OjbLD1RmprYcn8f3Np876,Fever,Macky Gee
0t3ZvGKlmYmVsDzBJAXK8C,Goodbyes (feat. Young Thug),Post Malone
5SLlxv5IiUtBe0uc29lgqD,4 AM - Adam K & Soha Mix,Kaskade
3dgIr8ONpPjeM1rFAGIJ8u,Surreal,Macky Gee
6TalBMhMJy6O9a7dwwdH7H,Taliban,Yeat
0KUwCOylcgcDfSyuYNEe3a,Is Ya Ready,Kay Flock
08YeNMbX6zfiTplyjzzaEw,Disowned,Inova
5STdMlrBf6pqWiNE7WqxSi,Many Men (Wish Death),50 Cent
0w53Ma6zmuO7EPad7fvEwH,Rackz got më (feat. Gunna),Yeat
5h5tBFnbcVioFXiOixTn6E,"Bitch, Don’t Kill My Vibe",Kendrick Lamar
4r8lRYnoOGdEi6YyI5OC1o,Bye Bye Bye,*NSYNC
35zGjsxI020C2NPKp2fzS7,It's Gonna Be Me,*NSYNC
7iNIg7XDEaYECfWD5dJ9Va,Friends (with BloodPop®),Justin Bieber
1oGlt5DCQOsZg7Vw64ACAw,Gillette Right Version,TwitchHits
1R0240tvMsvpsa9coStGgP,Follow - Radio Edit,Charming Horses
5gxfVzzJyQ2rzXzxIgbR2T,Red Skies,J+1
2YWjW3wwQIBLNhxWKBQd16,Lean On (feat. MØ & DJ Snake),Major Lazer
19HA9J80qZfIkAnp2g8N2S,Famous,21 Savage
0viLuvPHY9klTMQjftf7mr,DEJA VU - Extended ver.,dave rodgers
3XVozq1aeqsJwpXrEZrDJ9,Ice Ice Baby,Vanilla Ice
1uQ1TZ9YIWCtBTgq09uoix,Up And Down,Doja Cat
2bM9HdIr1NJqZ2udcd2OsZ,Lights - Single Version,Ellie Goulding
1mNSomylino1Hoaw3MzCC8,Tri Poloski,Davay
2MF7HMdRKU4fPDSsMiZVBA,Pass Me the Lighter,Dombresky
6T5i0o62ZyfHRRHHihYJ1n,PSA,Kay Flock
3DK6m7It6Pw857FcQftMds,Runaway,Kanye West
27tNWlhdAryQY04Gb2ZhUI,Roar,Katy Perry
0O45fw2L5vsWpdsOdXwNAR,SexyBack (feat. Timbaland),Justin Timberlake
39GdiKa00P00AUxO7rD1xe,Think,Kiso
40mjsnRjCpycdUw3xhS20g,GATTI,JACKBOYS
5JaSg0AYyAMMLjyGGDrrCm,God Breathed,Kanye West
7xHfguzndSR2jOpMxzqh3r,Glad You Came,AREA21
62tDpymKVSXEu0W3d4AMr9,Do What I Want,Kid Cudi
3fV84Z6UdxxHqfGIMmuSKg,Trapped In My Mind,Kid Cudi
69D34snjPbZYGNwmIjmsZG,The End,Kid Cudi
6R4flNWy1pWkjzwg3TCDlM,MANIAC,Kid Cudi
6GSMozgAebBmuM2hCV15H3,Ashin’ Kusher,Kid Cudi
5gNdqHSdG9eTbnvp8sZwUD,All Along,Kid Cudi
6XkuklKiHYVTlVvWlTgQYP,Erase Me - Main,Kid Cudi
09ZeNJ09kGQDdlvdPJ2Vfd,Don’t Play This Song,Kid Cudi
0HEfiw4FFDxMTfCIf6k3J5,Wild’n Cuz I’m Young,Kid Cudi
4yCuBvbBvoJ9eVE7QB2Rkg,The Mood,Kid Cudi
2XQKestqcKNAxnmo5hh3Yo,These Worries,Kid Cudi
2GtaNlidzvK3hY78kCdsHa,Marijuana,Kid Cudi
0Epl79nHvdyTdZRAiWpJah,REVOFEV,Kid Cudi
5QemHQxj7PRkrw8lJl2W7C,Scott Mescudi Vs. The World,Kid Cudi
5SgMhs9A3PSkJd0ruJwUsI,We Aite (Wake Your Mind Up),Kid Cudi
7aAEJfIzJUUSRXQNz2JzfO,GHOST!,Kid Cudi
393MDhe62s8hbH8ETrlxe5,Mr. Rager,Kid Cudi
7MnszoHQWGeE3HXRD1Jsjo,Heal Me - René LaVice Remix,Grace Carter
1Nsk9W4c978rXiMGgcm6Fe,Breathe Deep,Seba
2dxjKgT0li4qBI3QwuN9Ih,Touch The Sky,Kanye West
7Fj4qDIXbTwPhsmIeGqQyj,Bitch Don't Take My Phone,Outto-Tune Tyrone
5qPzZDdXXygMsMK5gJaFEn,Do Ya Thang,Ice Cube
12KUFSHFgT0XCoiSlvdQi4,Break Free,Ariana Grande
5XVjNRubJUW0iPhhSWpLCj,Better Off Alone,Alice Deejay
2H8jWuNmluerTEsuh8Gu6y,Jail pt 2,Kanye West
6Hfu9sc7jvv6coyy2LlzBF,Hurricane,Kanye West
5T32tUqF8nBEBd6OsyXLM5,Whoring Streets,Daron Malakian and Scars On Broadway
2LKOHdMsL0K9KwcPRlJK2v,After Dark,Mr.Kitty
3ZLuU3ZRf7VIfUYBTxTHds,Before You Notice Her - Original Mix,Breakshift
24DnTlSlkRm365m2DgRPA7,Nothing Is Older Than Yesterday,Camo & Krooked
72SpPFrMYCXLB3Fbw9tEgf,Heaven,DJ Sammy
52LJ3hyknOijCrE5gCD0rE,L'Amour Toujours,Gigi D'Agostino
4lLtanYk6tkMvooU0tWzG8,Grenade,Bruno Mars
1SgUjGzbmmMOsGFTVwQ59L,seaside_demo,SEB
4txKMpsSfZRV6durPuHVq0,New Tank,Playboi Carti
3YqJlngd0Bx4zsqWkkaGSa,Sorry,Madonna
4tcg6XoxZZ5q7njPUPlDrG,Roses - Imanbek Remix,SAINt JHN
0cgD36xPIJBdKUNJRHYDgP,JumpOutTheHouse,Playboi Carti
0ZXia0LUmj7r0CK5YOWdTu,"CAN'T STOP THE FEELING! (from DreamWorks Animation's ""TROLLS"")",Justin Timberlake
5uDzCEn4Tzv9qKWiYNyTaQ,Paris,M|O|O|N
1LwdWIbfuqlOo8vlHxkyna,Jesus Lord,Kanye West
2lRI7n5b9jlPYsEpRuots6,When I'm Gone,Eminem
7IwoJJ2bmzQULYOE89POMU,Release,M|O|O|N
4IWGnyOHDrVZEtPWfs4s7q,Do What I Want,Lil Uzi Vert
5sMEi6i03q7JUh2xRTL02D,We Are,Jo Cohen
7hRlTK3mgFTBEjX7DjqBsI,Overdrive,Drake
0C9XGsDU2kii5WKLdyKutY,Tommy T,Wiked
6Zqh2E8r1HE4AQosziwa6y,Is It You,Polygon
0lSZh5W0wDeurkGzLYY6hf,Turks (feat. Travis Scott),NAV
0yzr0zrYvv5oyNoCMBFMAa,Wings,Birdy
7ytR5pFWmSjzHJIeQkgog4,ROCKSTAR (feat. Roddy Ricch),DaBaby
7LVHVU3tWfcxj5aiPFEW4Q,Fix You,Coldplay
7xQAfvXzm3AkraOtGPWIZg,Wow.,Post Malone
0Kj9epAeNzYT9r3XIe5kuJ,Outsidë (feat. Young Thug),Yeat
3QrNCSTJw55TqPzC7F6HrM,Nightfall - Original Mix,Louis Vivet
0kXTfohqPzidqm49n9nNHg,Violence Speed Momentum,maxsKi
4kLLWz7srcuLKA7Et40PQR,I Gotta Feeling,Black Eyed Peas
4iz9lGMjU1lXS51oPmUmTe,Homecoming,Kanye West
24e1QCLW7VvxKUaJH8zxbz,Say Goodbye,Cheat Codes
5aqUqSq0SqGBAqEn27PEzc,Pure Souls,Kanye West
7BuzRZy8aanLYuPBoH5cxN,Streets,Doja Cat
2PTvik6EqPAIYOclAB3SU8,All I Ever Wanted - Radio Edit,Basshunter
1Y0JE5hBDAvlHWtOvIPUSk,This Lie,Jack Mirror
0fySG6A6qLE8IvDpayb5bM,VIBEZ,DaBaby
6HZILIRieu8S0iqY8kIKhj,DNA.,Kendrick Lamar
6lzMpai7nw3XGL5FqfF8wb,Space Race,Digitalism
0nfQguNoAfKFjsQHr6qnxc,m.A.A.d city,Kendrick Lamar
5Nm9ERjJZ5oyfXZTECKmRt,Stay With Me,Sam Smith
3OnhO4po4yLW2uNoiKGUYX,heather,glaive
69SNw01e7QOpN2xyLlO1tS,Yes Sir,Chief Keef
29TPjc8wxfz4XMn21O7VsZ,Sky,Playboi Carti
1ZAyjvIk9YiD76yYy0TEG6,Plug Walk,Rich The Kid
5U8yCI4bgKk2qfGz2hJPU5,Caffeine Rush,Jacob Tillberg
7ti4qMC7xYQeh1uRzj5XuM,Pumpin Blood,NONONO
3wx0qQK73yAFztptfXcims,Black Panther,Crystal Castles
67X5z4XFBbRxjbfbIGP3Ii,Buss The Red,P Money
26XaOsDMbl0e1cVKYfkz6w,Falling,Trevor Daniel
1jgcODbfAL3tV7tikF6n1j,Junya,Kanye West
69uxyAqqPIsUyTO8txoP2M,Adventure of a Lifetime,Coldplay
2SasoXZyv82yYgHiVOvxQn,On God,Kanye West
7sT7kZEYd1MrmzLLIRVZas,Calling My Name,Drake
74moApnsW3sD9c49pEuGuQ,Lonely,Speaker Knockerz
3XQY8kDjI8LARMIC9xkxQk,Hard in Da Paint,Waka Flocka Flame
01wpPOPqQ3XyS6hBN00HfK,In the Morning,ZHU
7uTjn9AiwIz2hFLxAyJi2r,Early Money (feat. Keith Ape),Dbo
4DANFfDlHnsYAjWdfFg3ae,Backend,Don Toliver
1tkg4EHVoqnhR6iFEXb60y,What You Know Bout Love,Pop Smoke
6REbwUNlppTfcnV4d4ZoZi,Swimming Pools (Drank),Kendrick Lamar
3ZdJffjzJWFimSQyxgGIxN,Just A Dream,Nelly
4kEaTNNWoPiOOyXJnunpXe,Parade - Dominik Eulberg Remix,Rone
74lnM5V6ecvoTPV0fvptx9,Nuketown (feat. Juice WRLD),Ski Mask The Slump God
1e1JKLEDKP7hEQzJfNAgPl,Magnolia,Playboi Carti
52RK8UVEDgUAgpecOpTQM3,You Make Me,Avicii
7ncAGukC3NJMqRl7592fGR,100 Miles,SkinBone
3YqJ0iaDWM0aqEDQExd2j3,Don't Like.1,Kanye West
3sNVsP50132BTNlImLx70i,Bound 2,Kanye West
5ChkMS8OtdzJeqyybCc9R5,Billie Jean,Michael Jackson
5bNofz6tViGjfWBgozTscm,Zeus,Tevvez
11bD1JtSjlIgKgZG2134DZ,Chasing Cars,Snow Patrol
2gQYziDV5cSTRSqr6akzi5,Take A Step Back,Ski Mask The Slump God
0ZfoRvjFdeecqiBNnSe4Be,miss the rage,Alejandrina Sofia
4AtdXNdk912SPC3037pwBp,Black or White (feat. Tasha Baxter) - IMANU/Signal Remix,Camo & Krooked
4gmmRb6bZJffOOiww1JGTO,No Heart,21 Savage
00SmB7n85SKROGjybsyq5i,Bongo Bong,Manu Chao
6vjWim6xU6tPjA42GxSp1U,Something About You - ODESZA Remix,Hayden James
0PZnYbrGAxBIRJVevwX0K9,New York City Nights,Scandroid
5p3YgDkLfB2dVL2Zs4AtF4,Rockstar,Mario Judah
5Utk5LNZFvpTbzMdlMfhle,GLOCK IN MY PURSE,Lil Uzi Vert
77MSvujkuLdqDHEtp6I4fC,I Refuse - Shock One Remix,Netsky
2nMeu6UenVvwUktBCpLMK9,Young And Beautiful,Lana Del Rey
6imjJij6aCM0IbbODUzJQn,Kickstart My Heart,Mötley Crüe
65Ym67ejDfssdeaNNVk0Tt,Goodbye,D4NNY
0aTjfdBYVqEQNtmuajNhWk,YOU,Afreaux
3z8i35KCAtgdoIAw94BBqt,Castle in the Sky,DJ Satomi
7GiGgrUEqLi0Y2m1kn8Dz7,Do It Again,Stylus
35XB41L0gtDG2EXqMqq1wu,Some Minds,Flume
5rZlwNFl01HqLWBQGryKSm,Mood Swings (feat. Lil Tjay),Pop Smoke
3oWXoSkjdbTlQlteizN7Hb,Whoomp! There It Is - Radio Edit,Tag Team
5w7TpgrPzWAEuAg0PSQukj,All The Things She Said 2020 - Sub Sonik Remix,DJ Gollum
7bHT9osSq1rwT2yaImzqCi,No Love,Eminem
2mbc2h0S6vizR0LHxewhBb,Highscore,Panda Eyes
3EikYy40GMSp8l5mDV6IQo,Foot Fungus,Ski Mask The Slump God
2lLG56qpLP3UbcLuzMvkWX,Stop Breathing,Playboi Carti
0JuSGEldfovcc8IS9va1wa,Believe What I Say,Kanye West
25zlnOAzbVoOzIeXSvQFf1,Got It On Me,Pop Smoke
39fOTDsc1lEieOkBjEASr7,I Was Wrong,Ray Goren
35hdCRuh4DVJ5s4MWNUusv,Prisoner,Picturesque
1Cj2vqUwlJVG27gJrun92y,The Sound of Silence,Disturbed
2VOomzT6VavJOGBeySqaMc,Disturbia,Rihanna
5RUrEdi62hxsimCLm4IFPc,Silver Lining,Telomic
6ADSaE87h8Y3lccZlBJdXH,With Or Without You,U2
3hOZtCS0ltjmBnoDkrYogk,Mockingbird,Eminem
1tBIM6XJFgm27vE8oxMHMV,Ravers Fantasy - Radio Edit,Manian
6RDkBlNaNqhHBiS7bxUo3D,Sweet Harmony,Danny Byrd
54oACFHRfeOa7VD0FTQSkJ,Work,A$AP Ferg
7szuecWAPwGoV1e5vGu8tl,In Your Eyes,The Weeknd
6xdLJrVj4vIXwhuG8TMopk,Crazy Little Thing Called Love - Remastered 2011,Queen
75JFxkI2RXiU7L9VXzMkle,The Scientist,Coldplay
41mWYOn4gO0SOv088rRhSM,From Now On,Worakls
3En4qeTMutEjXKLbc6bIXo,Watercolour - Radio Edit,Pendulum
1KzNsOkpQthVwpCJrADJEQ,dothatshit!,Playboi Carti
4dASQiO1Eoo3RJvt74FtXB,"Sucker for Pain (with Wiz Khalifa, Imagine Dragons, Logic & Ty Dolla $ign feat. X Ambassadors)",Lil Wayne
0GU7GSh1Ri0CKOe7fseiR1,Been Like This,Doja Cat
5MkBYMZGDWAKLHAJesZ6MJ,Options (feat. JID),Doja Cat
0bOgWId7cFqBEKnlZct2q6,Love To Dream,Doja Cat
7E01yTzdhlzS4H4rH2k7HH,Naked,Doja Cat
4rmwWGh87KY0ouByBEh1zC,You Right - Extended,Doja Cat
5OQnuRwGJTDwk4PNq21Som,Why Why (feat. Gunna),Doja Cat
4jw87bP3TuCGm15g9kc64g,Ride,Doja Cat
7Me3GKpQyEsHwS9xnOrUgM,You Right,Doja Cat
2rokN1FX25tFt7vPTFi5lB,Tonight (feat. Eve),Doja Cat
6h5hNqTZRLlcRcFWsK6XhW,Lighters,Bad Meets Evil
14Tuu2CobiHxebbrLgDQ3K,Rap God,Eminem
3NWrHCwvyII4fTx05PN3IO,Enjoy Yourself (feat. Karol G),Pop Smoke
4tg3hSmrBwoul3VpjS66VU,The All Spark,Steve Jablonsky
5ry2OE6R2zPQFDO85XkgRb,Money In The Grave (Drake ft. Rick Ross),Drake
4pqAkUZlA17gsTxFjP4BDL,MIDDLE OF THE NIGHT (HARDSTYLE),SICK LEGEND
1kaU2OVc5Zj1uFaw50W8ZE,Smoke,Cowbell Cult
0GrPvrBGrxwrU7rjlwYZiH,My Sunset - Original Mix,Feint
0p61MmPnj9V4umJTn3zPcD,Heartless,Yameii Online
58IDfRgDYbpyqsQoduGjqh,Million Voices - Radio Edit,Otto Knows
5kkaSMcf4BFlhRRICCKZb6,Something Special,Pop Smoke
5DnT9a5IM3eMjKgXTWVJvi,Have You Ever Seen The Rain,Creedence Clearwater Revival
6fwdbPMwP1zVStm8FybmkO,X (feat. Future),21 Savage
3wHLHDUGDesldWsROoKckh,hollywood baby @ TERM5,100 gecs
0wwPcA6wtMf6HUMpIRdeP7,Hotline Bling,Drake
1SfN5CXQ6ZdBaxElB3UqVQ,Assclap Right Verison,TwitchHits
55K6ByOovoFxW4MfATjhTt,Stood In The Dark,Dan Dakota
2zR85kwGgnHaWIL9hI0zXM,Intimate,Crystal Castles
45N9i9QraLWD6GW7xBqxnx,Remote Control,Kanye West
0m3Ze0cy8qBHSsV2exAfCw,Amazing,Kanye West
6wWaVoUOzLQJHd3bWAUpdZ,"Never Recover (Lil Baby & Gunna, Drake)",Lil Baby
4UQMOPSUVJVicIQzjAcRRZ,Champion,Kanye West
432QNdBXBTQhtuUhO3pjiT,Forever,Andromedik
2QXKdZg3CjYjkCrvnPvRPK,young,$werve
7DTlsMOQjGysXHpwwpHuPl,Lifestyle,Rich Gang
0Pq8CSHDXInMK8atOkWSAv,Rackz got më (feat. Gunna),Yeat
02rlJHfeHfAe7ozTFnDbGi,Fire Again,VALORANT
0gvZRbtB0RM99vzTFaPXAv,Slumber Party,Rain Paris
7l7BbmQD7cWPSL9fvaUheU,Please Take Me Home,blink-182
153bsdXSG7KD3Q8ShRNpNK,Asthenia,blink-182
4l3yTCsHCPoP4PiROH2GdG,21 Days,blink-182
6XtrMjkNfRb0XjmlzefbJq,No Future,blink-182
2cf9GVuaPNQaBQxhRtnCEP,Mutt - Live/1999,blink-182
1PRknVhZ6BsVX61MPrrVsV,Man Overboard,blink-182
3OaLn7AY8g4J10EMgxazGh,Last Train Home,blink-182
0ajjflpgTI6XpkUOhfMZ7c,Voyeur,blink-182
0J9EqlnZtq5jzGFa0z6amc,We Can Read The Stars,Tiny Animals
0MbQ8hUYpo0I2GWueffFEL,Call Me Nobody (feat. Lil Wayne & Isaiah Lyric),Clever
57qDQW9EmjqaNnmdV59a32,Phoenix,Kayar
0O82CIwSU4tY11rQhxqAHC,USE THIS GOSPEL (feat. Kanye West & Eminem) - REMIX,DJ Khaled
3XAUzDb0P09MWzu7XO1o7p,Juice WRLD DID (feat. Juice WRLD),DJ Khaled
47IySiC5o08gz0z5VDiH93,Juice WRLD DID (feat. Juice WRLD),DJ Khaled
3VuJ5dbE0XEhdOgiaHDvNs,Poison,Maduk
10gO1lQggmecSUP1925juj,Come Outside,City Girls
1XRgIKC5TPwo7nWGyKqgG0,I Get the Bag (feat. Migos),Gucci Mane
5KgBj14914cz5SirCMvbCm,I Hate You I Love You,DVRST
4O3bINhkGghgoKsOCr2HNz,Start Up Again (with Moneybagg Yo),Polo G
4ORL58KUhJMk6qIaVGrSYe,G550,SPLASHWOE
3K1SLqfHyHsLA0oxKpUsYf,Smooktobër,Yeat
1lHifZ5LxtYX10s8rRIS36,Luh gëek,Yeat
3IEwzLvgcgwnfjO4oVnZSe,Twizzy,Yeat
3Iipdgo54st4UaJOhmg5nX,Wavëy Krazy,Yeat
2Fs6JwpmgMu6fl0qEaBNVD,Top Floor,Yeat
7kbQiKDRgGjAu4XA5svPYY,Money Move (feat. Nessly),Yeat
1TRrCyu9o8NYMPHR8G7dU0,Temporary Bliss,The Cab
0xTZXhs3eVb48PQNywMCdH,A Temporary High,AURORA
0YXmMem8aPw2EcfRXk6YoD,Temporary High,Syence
3nY8AqaMNNHHLYV4380ol0,Dick (feat. Doja Cat),StarBoi3
4vsJWPwWPS27gRM4oLjBNO,DONT WANT IT,Lil Nas X
4EWIZ5WfJdwwu9dUHFZkrq,Come and Join Us,BCee
5Qbzj9IXjB0BEZfMfh2sQa,SAVE ME - Extended Mix,Leslie Parrish
6ADKtjBCUtkZbhZdZpnAJr,For The Love (Big Wild Remix),GRiZ
5CC5krEgwJXuoA0F9scOFg,Imagine,Doja Cat
45Nc6nYgV3yBvAeRaZt689,Alone,Doja Cat
0ljrFRV5X90lMp06mk4As1,Thriller / Heads Will Roll,Glee Cast
4jW6jGWIEaCtORIFabjQLR,Firework (Glee Cast Version),Glee Cast
2M57u05uy7ZYHgVFa0Adp4,Hell To The No,Glee Cast
75TqMYczJmUinFzzOeGwfb,I Follow Rivers,Glee Cast
1OPrmZTtqAFVX90rh2d5Rn,Rolling In The Deep (feat. Jonathan Groff),Glee Cast
04fYjbed1Q9DmGgDF6AtEV,Dancing Queen,Glee Cast
574pGYyMBaiXoaWLZg3tLe,Pure Imagination,Glee Cast
36a9j9y6oR1jJAUwgtbcqo,"Pure Imagination From ""Ready Player One""",L'Orchestra Cinematique
1HwuhiD83VArXHRVlI46Db,I didn't mean to kill you,Onative
75N9pZJD6eeeUCzU9WV2Dt,Creatures Lie Here,ESV Eastside Villainz
3brXaWuPsVScvYQKUh3Ijc,Die Very Rough,Mario Judah
1ThmUihH9dF8EV08ku5AXN,Faucet Failure,Ski Mask The Slump God
2fP2HkRnFfX3p3VbSg6KqW,STREET FIGHTER,FXRR
3x8DeYRqEMD4vWkrOepw8T,Vermillion,Maduk
1Bx0zEdVjkFlV27iKaePug,Man Down,Rihanna
5xvXeuxISyXJDRbZZf4uzd,Come to Life,Kanye West
6iaM7rRP5lWMkfHcReRAgc,Home (feat. Saavan),Mount Dreams
6IUVdUkKw18jHqFAjl7y8k,prick,glaive
2LNMhZ3YijTO7USmqjgJfG,CLOUT COBAIN | CLOUT CO13A1N,Denzel Curry
5IMtdHjJ1OtkxbGe4zfUxQ,Escape (The Pina Colada Song),Rupert Holmes
117d1AiZMcg8ahoEkJOFnX,Mr. Arrow Key,Orchestra Alec Medina
30QR0ndUdiiMQMA9g1PGCm,"...And to Those I Love, Thanks for Sticking Around",$uicideboy$
3oHNJECGN3bBoGXejlw2b1,Last Friday Night (T.G.I.F.),Katy Perry
5xKXcU8tpSYz7C7wrMMYec,Hotel Lobby,Pop Smoke
4qKcDkK6siZ7Jp1Jb4m0aL,Look Alive (feat. Drake),BlocBoy JB
2dLLR6qlu5UJ5gk0dKz0h3,Royals,Lorde
4rHZZAmHpZrA3iH5zx8frV,Mirrors,Justin Timberlake
1YMwPszV4bTBFB0Xgo1Asp,Happy Medicated,JesseSMFI
0EOWQB8FGgDsLdWEASdjKA,VIPER,CRYPT1K
3QkmU15ha1eec66UUSclt4,your my angel,yeahyeahyeah
6zc1W5CuZER3AbTvRCfLoa,Insane,Post Malone
2OVQjXbQ2Ctw7Pdv7SgqhM,Fire Away,Maduk
51rXHuKN8Loc4sUlKPODgH,"King's Dead (with Kendrick Lamar, Future & James Blake)",Jay Rock
5rb9QrpfcKFHM1EUbSIurX,Yeah! (feat. Lil Jon & Ludacris),USHER
02FuO3zDHGFAz0yP7HHGvy,Cinema - Skrillex Remix,Benny Benassi
4fK6E2UywZTJIa5kWnCD6x,Friday,Rebecca Black
2Yy0FsAV2I5VXU4xpph2WN,Stay,Rihanna
6ieTQJCmIPPs0yPUzMR2dY,Phoenix,Hybrid Minds
6LmNEPZWhYAyz9jZHaW3sj,Go,Maduk
5EoYSiXiv2QKCjnJct6wEA,Bustdown Rollie Avalanche,Kai Cenat
6Afxf4h7z4MWJXR8E94DW7,HELLDRIFT 2,HXI
7B3Vdf5mRnM3CfTVuLKMcd,Brothermanbill,TerribleTim
3CpoeW0cZSDzIRv5z34F87,Sing For The Moment,Eminem
4ruvnIlUX6mOyum1himQQW,Lost Within,Fivefold
3bBpDYd23FgiYSGmqaZVv7,Gonna Fly Now,Rocky Orchestra
5RdiPZzjXTmp9N51wBEzCv,Off Tha Lot,Yeat
03aCG7a0ti0txLnHES85Pf,FLEX UP,Lil Uzi Vert
27GmP9AWRs744SzKcpJsTZ,Jumpman,Drake
1sbEeUY8KsdvgiQi26JBFz,POPSTAR (feat. Drake),DJ Khaled
4356Typ82hUiFAynbLYbPn,DJ Got Us Fallin' In Love (feat. Pitbull),USHER
73HqmB8qV8AsPUWFPjt6E7,No Regrets (feat. Don Toliver),Eminem
1viZxeZ8VGndv574m0f4QD,Chateau,Rob Dougan
1yQ0QbymlFKlJK3JQTjKX7,Dimension,Maxper
0jmWvzKsuGSVptcCdyp74v,Power,Interupt
7uZqvqXzzYMKrexKxdcGmd,Diamonds Dancing (feat. Travis Scott),Young Stoner Life
1gP0ToLkIKa7Uj6p98rU4x,Sunset,Creaky Jackals
0e7ipj03S05BNilyu5bRzt,rockstar (feat. 21 Savage),Post Malone
7vggqxNKwd6xdRoYS0pQtM,Three Little Birds,Bob Marley & The Wailers
6cUHiQEECDl5m3WFGQ1GCR,Rich MF (feat. Polo G & Lil Durk),Trippie Redd
6j8ZhFIEf5n2zpdsmwAhH0,MC Mental at His Best,AnimationStation
1kxeWHF9PrCVZHvVskv8lg,Love Lockdown,Kanye West
2ENexcMEMsYk0rVJigVD3i,Only Girl (In The World),Rihanna
39JRmdKFka1Oe09FoOCPI4,Selah,Kanye West
0Ldj1WgCXX6GUmJG8AqNkr,On Fire,Popeska
19OHDib8Jrqi3o2nm5lzdA,My Nigga,YG
5oOwmECfqsMOaxprNaDxHK,Whole Again (feat. John Martin),Steve Aoki
6IpvkngH89cA3hhPC84Leg,Wish - Trippie Mix,Diplo
760IJcunfpbkm6sHbMmyyj,Wish (feat. Trippie Redd),Diplo
5XLjIFOigk5R4oc9UUuG8M,The Set Up,Favored Nations
4auZNB5ltMzhEtkbLVY291,Never Again,Maduk
5vdp5UmvTsnMEMESIF2Ym7,Another One Bites The Dust - Remastered 2011,Queen
6F5VjPCtw6diBWnDdj2xGv,Never Again,Maduk
1HR2CTi0ytRJIcik1QKdOa,Beautiful,Eminem
2IMkbJNFgSHbQdA0EpJP5m,Avalon,Maduk
3542hlbHYz8DtHpnMbhjUj,Note blanche,NTO
0kswxxNV4DLBqJeMIqFh5n,She Make It Clap,Soulja Boy
1tYWuxQgXJqA4L4jACzjcK,NIGHT & DAY,Mr Groove
6CGMZijOAZvTXG21T8t6R0,Innerbloom,RÜFÜS DU SOL
1H5tvpoApNDxvxDexoaAUo,Who Let The Dogs Out,Baha Men
5TbzAWWc5eJaANpA9kfGCd,Love Me Again,John Newman
1bM50INir8voAkVoKuvEUI,OMG (feat. will.i.am),USHER
1H7KnK26kc1YyellpbINEn,The Woo (feat. 50 Cent & Roddy Ricch),Pop Smoke
0zzcgUpexDGnedvxISPwwS,Bandit,Woody
4p55EkzkGnWmLYDiNXc14t,Bands,Comethazine
6zuQUtY40YRNZprLy96QGR,Adagio in D Minor,John Murphy
6yaMJ5mC1fp3lEQ03yO5r7,Push It to the Limit (Scarface),Dennie Christian
3CA9pLiwRIGtUBiMjbZmRw,Nice For What,Drake
2bJvI42r8EF3wxjOuDav4r,Time of Our Lives,Pitbull
3MnAsEBBsEj86d03RgO4EM,Fairytale,Alexander Rybak
5NcuT65qAeE9npH0cUi1VE,It Never Stop,Saint Punk
5pHJv0bgNsT9nPoK2BjNBn,No Time (feat. Gunna),Playboi Carti
5EYdTPdJD74r9EVZBztqGG,The Bad Touch,Bloodhound Gang
6daconu258hc5a7TlCjBlB,Bouncin,Chief Keef
0nXgBBZFVdumUIaxszDm1p,Fuck It Up (feat. YG),Kamaiyah
0hiXoBTywFbBkbgJNCfDL7,On tha linë,Yeat
2fh3bZ8jZhMxOcfESE9nQY,Don't Threaten Me with a Good Time,Panic! At The Disco
5Tpo1UIFouVNIcEDpkxTSj,London Beckoned Songs About Money Written by Machines,Panic! At The Disco
2HolBGR6tpiWI80MXoV1dJ,Payday (feat. Young Thug),Doja Cat
7y3xU9vEC1s8DSuuoSYKih,Been Like This,Doja Cat
0CsR9Y9SnC6ZWmekmVqSHz,Naked,Doja Cat
5lAnYvAIkSDNXqfo7DyFUm,Ain't Shit,Doja Cat
5UMMPHPp6vRP6ghPpSUOzp,CLOUDS,NF
69nBCHDGbabrsB3U4cd7ww,Nightmare,Kotaro Nakagawa
6I9597JrKM4DeS25WBYoYK,Masquerade,Hitomi
62bzDxqo0vC31AL3lfjv3Q,Innocent Days,Hitomi
6mbVx8hwoF9D5lugaGBlia,Boku wa Tori ni naru.,Hitomi
02hdgBvnsxl6D71uQp8S69,0,Kotaro Nakagawa
4tqcoej1zPvwePZCzuAjJd,Wet Dreamz,J. Cole
6syO6UTl8QiiWADJy3Uy2d,Santa Claus Is Coming To Town,Frank Sinatra
5W8jRrZ6tWrTrqnKRtIQBf,p r i d e . i s . t h e . d e v i l (with Lil Baby),J. Cole
2cnKST6T9qUo2i907lm8zX,a m a r i,J. Cole
4yuVLHvXd9hymIBg9qHAht,Wake up to Me,First Choice
4WEuEfFiczWxblHyuucSBL,HiiiPower,Kendrick Lamar
792HwhrdO3ErRKL5yRe4Ge,Invincible,Pop Smoke
6tsVFchreYTt2OPXSOoFCX,25k jacket (feat. Lil Baby),Gunna
15hJmqqEtASVXl6sM7i4UF,trademark usa,Baby Keem
3Li9ML7jzuVcwV17bmPJ9p,Days Away,T & Sugah
0GWf2dNp7nL4o5yNQq8325,Never Sleep Alone (feat. Tess Comrie),Kaskade
1oWM79mUVdZGCGYjSirHZR,Bandit (with YoungBoy Never Broke Again),Juice WRLD
06GhyyKkQrMO73qVArgQVH,Demonz (feat. Brent Faiyaz) - Interlude,Juice WRLD
5WQrDB34o6M8V0jxNiX6RU,Fast,Juice WRLD
6nV2dFZXpv1JlqDWBeTXRl,Holiday,KSI
75QktuEju5vz9lyXiLaUao,New Again,Kanye West
3hd6zLhnTlbJ8PupYt3cAI,No Child Left Behind,Kanye West
0ypjMI7vHiDP4sLB1C0Qna,Talk,Yeat
6o2g1BJvtYQssH84kBYs7y,Back That Azz Up,JUVENILE
3QzAOrNlsabgbMwlZt7TAY,Ballin' (with Roddy Ricch),Mustard
3bCkUOn8UIqYVG2IbOEG0w,Who You Messin’ wit (Rex),Doctor Gill
26DEEL3w84yIul5dT9Rq99,Jack N The Box,Ice Cube
06V9DgbyrIggG4qkN62aBk,Isolate,Rootkit
3aQz0z86zrKjd1mcZlonxE,Infinity 2008 - Klaas Vocal Edit,Guru Josh Project
2JI71GHwq2LN8mtq3iCLYo,CoCo,O.T. Genasis
5raTDhlbxFDnpn89bxArdH,That Way,Lil Uzi Vert
1nRH5X3LqSj3tJmOjjCN1w,Waterfalls,Murdock
48RrDBpOSSl1aLVCalGl5C,The Monster,Eminem
67iJNeNJVgGilGALWr4qnB,6 CONSOLES,livevil
6w7lAYEIwnV5R0FxmgmGFP,We All Need Someone,1991
5oju6EnNWCzhCNOT6tif7h,Power Drive,Pryda
6bnF93Rx87YqUBLSgjiMU8,Heartless,The Weeknd
3S2R0EVwBSAVMd5UMgKTL0,Thriller,Michael Jackson
0vbtURX4qv1l7besfwmnD8,I Took A Pill In Ibiza - Seeb Remix,Mike Posner
5hwUsRKvnO5yThjVrxHQVt,Unbothered,Ski Mask The Slump God
22r0D0nQXyP3Hkzb3qTnhl,Out of Time,Monrroe
3DWjFSDEQ9IWz1mj449fB7,Get Back,Pop Smoke
3nHxQKJpTdptvQCH1OaG7d,Polozhenie,Donircs
0FFsgUoFibYISzMxuGS61W,I Don't Do Drugs (feat. Ariana Grande),Doja Cat
1ayV64ur8VWgc6OPtPRl1q,Options (feat. JID),Doja Cat
6Q9IUoBTNLHgBib1FSFGbj,Love To Dream,Doja Cat
6bfJggd4HFdzHzvZLQ5EDX,She’s The One,Juice WRLD
3PuNhh2luDi9omCmMByijj,RIDER OF THE SKY - Extended Version,Ace
6UeUyaI0Mg6YVrleDiUzdG,Fine Night,Goreshit
7CMVo848b9LsUtVavIoiXC,Hopes And Dreams,Toby Fox
0KzvY1XHsfvZ5p5sUcdHSN,6:30,Russ Millions
5c3jKY11YG61EsFfw6ZHxN,Ёбу дал,Пневмослон
3dvwvHB0XuJLj2pAt4qkQE,"Пошло всё в жопу, сяду на коня",Пневмослон
2I2AqFb0f9UNnolWc2MafC,Bang!,AJR
1y8ooe9Zr1PMIxrOwNeeOi,I Won't,AJR
6YIivt0G3ZUuNrM62jp9pL,Way Less Sad,AJR
0zYxfgyqypkG7rRwFqyisT,Pray For Plagues,Bring Me The Horizon
6vN77lE9LK6HP2DewaN6HZ,Yes Indeed,Lil Baby
78QR3Wp35dqAhFEc2qAGjE,Drip Too Hard (Lil Baby & Gunna),Lil Baby
577YBGuskWkVDCxZrLRB4v,Pure Cocaine,Lil Baby
5BbdKBZO0TH0GhfxUfyhL9,Freestyle,Lil Baby
44gRhRi2OhEf7moAUj6MD1,The Bigger Picture,Lil Baby
284fVGdbsPtigjjI0jmKXo,Loyalty Before Royalty,Trippie Redd
2ktxr00GpTtbMNeBjNeY8D,Who Needs Love,Trippie Redd
4rgwri7LajWVZvdj2N81SS,Catch Me Outside,Ski Mask The Slump God
4HPTladgOGcGzleMR3I0FK,Carbonated Water,Ski Mask The Slump God
34PhB0kHT00utubP3aTau8,Burn The Hoods,Ski Mask The Slump God
1YDebgap5OFwXEBG18NJvy,Red Light Green Light,DaBaby
4xx37dCWh0zxsWsq4zg6GF,Hard Drive,Griffinilla
6hciK6OFZNbri0ghyFahU9,miss the rage,Zarby
7bejusfoFGA6h1vrweM0p5,Bigger Man (feat. Taelor Yung),Konrad OldMoney
7mykoq6R3BArsSpNDjFQTm,I Really Want to Stay at Your House,Rosa Walton
6ZthdsKjWtiCxnxbhs74vF,Drip or Drown,Gunna
210n2xgoOzGnb3I1K8OF4v,Кайф ты поймала,Konfuz
4H15QMzixtVgXvaLPzXN3V,Демоны,Три дня дождя
6UDYMdu52ToU380ZC5s9OS,Карго,Rickey F
175xPRXSrf7RSWdjAhc6oD,ТАЙМАУТ,Nikitata
46M2hXnaQpueG7vSvgVtVH,GTG,Freddie Dredd
2jYExkkWzOAH43LMsvupAG,Scared,chipbagov
1P0mPfVu25ty2MBmCZRQfK,CHILL,GONE.Fludd
5U3pRVdrfpn4SZq2Iwmq0q,ТЕНИ ХИРОСИМЫ,GONE.Fludd
3vQJ18WBeVpJrhfe7nTj8T,BFF,Lovesomemama
3qIxnOusGoTpHvNVMLHscw,Tropical,SL
0NZLKZc56R75EWQ0PXZz5X,kitty phonk,soviss
5eHYF98ATwMIAFYvZJi1Bt,Never Ever Land,Trippie Redd
1UhlcVv6xuZRBO24Gvw7IT,Blizzard,Clonnex
50WqEsGUTr0e4tfqTYMkGt,Спроси у мамы,LOVV66
0yljUudXzjVcGEoYmLB17X,Genesis,Grimes
4BY4V1T0RJK1HmD2Q0ClyK,Oblivion,Grimes
0YQEWdfq3ajtNtK106Dr0k,Shinigami Eyes,Grimes
3WXhshrs1fzwF3rQE399Gq,Kill V. Maim,Grimes
3UBujX7I7ydwI7C3ecDnTz,Тик так,LIL KRYSTALLL
0WWvG6yo8E8Gr2EEKFmoWD,Discord,Aarne
6PQu0Z6jxOIKzAorA66ma2,Mazzaleen,LIL KRYSTALLL
30bqVoKjX479ab90a8Pafp,Star Shopping,Lil Peep
0FteOiRhT8thk8drmF0Te4,Air Force 1,LIL KRYSTALLL
3PDfqPFI7Dz9SQDuW5O2x2,Факбой,LIL KRYSTALLL
50SUmQJCUqNO5q2duWgAdm,KIDS,A4
0byPyCPX9mfGMiAGVZxasq,Carol Of The Bells,Lindsey Stirling
27IabXnXtiVnotibqvrcCG,Roundtable Rival,Lindsey Stirling
4d6z0mKVcnhE5x0YWvTexh,first order of business,Baby Keem
01eWHr7Yfu667L6YhzX2T6,Fly Me to the Moon - Yoko Takahashi Acid Bossa Version,Shiro SAGISU
2t7D3y0jvYjR8IP9Bosyew,GO (feat. Juice WRLD),The Kid LAROI
6k0EBmrgzvpyigEHGYtQiK,8th Avenue Serenade,Green Day
4VgCdEfOHIi7ZALwjgXCrD,Забудь,Heroinwater
3pZJ9mBfxinBCySuYCKIo1,PROJECT X,Heroinwater
2XTyx7Txuj6dZ1lLYLj3Wc,December,IDK
1L2StHwryNiZdi4b6F27GQ,Хайперпоп,Heroinwater
26lSaHobZNXXMrPbdGur6A,Чёрная экономика,Heroinwater
2wEvildF9usPqAnOBytqct,Куни,Heroinwater
1NFGiKJ3JnEfcoatmizJXE,Огней,SALUKI
6CN3e26iQSj1N5lomh0mfO,Like Toy Soldiers,Eminem
4mn5HdatHKN7iFGDes9G8i,Who's Ready for Tomorrow,RAT BOY
3nh5RSXnRSHWuQbOJvQr0g,Major Crimes,HEALTH
0xB4UELrs8LwLjSrOLjhog,Hole in the Sun (feat. COS & Conway),Raney Shockne
1hT3eaGzrcFriQtgGdvsZv,Delicate Weapon,Grimes
2uzsW4vQN4rszPFntOTXPk,Ponpon Shit,Namakopuri
6Q01GbTQ2jU8PiVUxQsl5c,History,Gazelle Twin
5ztMINDPSkAsWtIQHHLdbQ,miss the rage,Jeethz
5k7wy2Ek7y6kSQ4fER7w0E,Brainless,Eminem
0OOv1XGVVzUgTIzomIHfR0,Asshole,Eminem
45JxylFwaThjLsRBuzcfoL,Rhyme Or Reason,Eminem
60PTOzcoFycWBICdumIsFQ,FOR FUN,Lil Uzi Vert
4uhvMW7ly7tJil31YYscAN,Erase Your Social,Lil Uzi Vert
1dp8aQANyTRKssDeAYPiZe,Scrape It Off (feat. Lil Uzi Vert & Don Toliver),Pusha T
0k7wmahjkn389wAZdz19Cv,Drankin N Smokin,Future
6lt8iodSkYWEV0ifKCSlfg,Stripes Like Burberry,Future
6NaVCCFGylOLZAgk5eTTid,Marni On Me,Future
0DUHmrwC8ZviGGC2o2JBy1,Sleeping On The Floor,Future
0oO1AbL92F6329z13C2qQH,Talk,Yeat
1a019wP7IdYLexwbmfZPm3,Flawlëss (feat. Lil Uzi Vert),Yeat
6IyoLWzljeR3ldQo4KWHT6,Out thë way,Yeat
4aMxs74PXoQg2SLgjypcvb,Turban,Yeat
78MPwJNNwlQMbKLbF1kxKN,Up off X,Yeat
6kkGAeGS3oohGek9gje6KJ,Wat it feel lykë,Yeat
288YEUQfI3Hwrx8z54lHkp,Got it all,Yeat
1HqKqHh5iKQzz9LhQDlbgm,Can’t stop it,Yeat
6vddKOUj2Fx4LEAYxmsT8p,Krank,Yeat
4XKrI8AA0FOiwMMZ4bjX4s,Comë on,Yeat
5aO9gzffBoElavmuQKDxgB,Systëm,Yeat
64DMD3OKUognShFuYJ5xMY,Holy 1,Yeat
1DKtg0yijcSoUQTxkxixyi,Killin ëm,Yeat
1CrTglTTE9oIA4uYoImCYG,Poppin,Yeat
2hMX7hfLr32OhYNp8glxvU,Rëal six,Yeat
0oaTiWONVWoIKvwztKQ4jl,Nvr again,Yeat
500l6Cwe40hkPqS7Sf7ufY,Foreign,Playboi Carti
1BpKJw4RZxaFB88NE5uxXf,ILoveUIHateU,Playboi Carti
7zLMYtNJcabv4h4wBnjNQI,M3tamorphosis (feat. Kid Cudi),Playboi Carti
2xyBvir9n474qfsOkxXMgx,Flex,Playboi Carti
55Q46o5adtSobImSKrrlqW,Top,Lil Uzi Vert
0gqfvyewE2Sh8TwKBFajCF,Of Course We Ghetto Flowers (feat. Playboi Carti & Offset),Lil Uzi Vert
65kp3OFn7JXbCvkm3m2Ui2,Two®,Lil Uzi Vert
1DZx0LEctNXUHQ9VQFKlgl,Two®,Lil Uzi Vert
6fWcHP8ce2glR9MEUZE7Cs,444+222,Lil Uzi Vert
5evSAk9q0l3TfF5dYDwDBO,Sauce It Up,Lil Uzi Vert
0DZ9wBfMCH17odOgdTmNlB,For Real,Lil Uzi Vert
0QsHgUWosVmZS49Hrsv5xC,Early 20 Rager,Lil Uzi Vert
0cGPqSBtm0UJLo1HCziww9,Dark Queen,Lil Uzi Vert
6GLujG5wXuXyPjknUFOQVK,Malfunction,Lil Uzi Vert
6nxvVPzS7gnyDthFNvTSxn,X,Lil Uzi Vert
2PLGsORkOCdEI3jTSyO2Id,Loaded,Lil Uzi Vert
2VAy62WE92X27A7QKvZ1Gd,Shells,Shabazz PBG
4CFgIX7RqAga99LrS3EaCV,Savage,MadeinTYO
6JjEVlMkfHWMeYavkEYzNO,Gassed Up,Nebu Kiniza
0AICBlLzFCTpUqmAbtzB2z,Love Scars,Trippie Redd
4apiNNK0jp9uqn3JDG9My1,Dark Knight Dummo,Trippie Redd
0w6webWdhjRKdqJ3DeGgM1,STATS,Baby Keem
39w2YI59aWcTSzdqana42B,Heavy (with Nigo),Nigo
6V3BWc31TBcXYFaNsfL7M2,Bandz (Bye Bye Birdie) (feat. Lil Uzi Vert),DP Beats
5X2I1TVUkchLBggRTCMYem,Slayerr,Tm88
7mlrvoq4OmaBzY8xisyPDu,Appear,CHUXXI
3L0IKstjUgDFVQAbQIRZRv,R.I.P.,Playboi Carti
1W24W6jQegnNh0x5DfBBPT,The Grinch,Trippie Redd
68MTDH8Kk4jBEV1ah0n89s,EA (feat. 21 Savage),Young Nudy
0F13K9dwYH2zpTWiR8d628,Go2DaMoon (feat. Kanye West),Playboi Carti
293mQGfVwgXIOdA1GpiwAt,Love & War,Kodak Black
3dnNDWgB0FAgjy9K1rSTKn,Opera,D. Savage
6c5wQFfJApRMooKE7UQnlH,durag activity (with Travis Scott),Baby Keem
1uL78kFWxhz3umTMWJu8n5,Sauce It Up,Lil Uzi Vert
0QV16pno66L6K3fn4W13b7,No Sleep Leak,Lil Uzi Vert
6qNjm2ZDTllXGRLpsI2e0v,I Got The Strap (freestyle),Adin Ross Freestyle
5OIz27S6SQOJtweneBd6QP,Do What I Want,Kid Cudi
1T8YUlqrG15Tjetxhos6eJ,Angel,Kid Cudi
7CY88rDZ8oKYAlmYoSyxwR,Ignite The Love,Kid Cudi
2aerPJ594vJMo0lK0hHGRO,In Love,Kid Cudi
1OFQT3lHGbnn3x9jPtagXk,Willing To Trust (with Ty Dolla $ign),Kid Cudi
1r3qUIDhMvoTct7cxPnbdN,Can't Believe It (feat. 2 Chainz),Kid Cudi
3uqinR4FCjLv28bkrTdNX5,A Milli,Lil Wayne
4hfIVhq0F0zFUcrbecsYmo,Let's Get It Started - Spike Mix,Black Eyed Peas
2cNvVnLsMqgBuI6mBk2fRz,BEAT OF THE RISING SUN,dave rodgers
3LoTSUEm7h7uryGBWxtaFe,Soviet Connection — the Theme from Grand Theft Auto IV,Michael Hunter
6HXcDPGGLNHSKqmTA3KGjG,"Spongebob, Patrick, Squidward, Sandy",Jack Caunter
6Qng1hawspj0ddyexe0IHV,Polaris,deadmau5
19gjP0BHBkW9aFLQRHyoeC,The Immovable God and the Eternal Euthymia,HOYO-MiX
4yso0v5t48ODcByJgoJfB2,Floating World Under the Moonlight,HOYO-MiX
2xzTRZ5fjvsyeH7NclNXid,Fleeting Colors in Flight,HOYO-MiX
7AlaeOUUdJqBvVytXAjiL0,When the Sakura Bloom,HOYO-MiX
0HCnj7pfrvshnocOJUFeit,Top Off,Gunna
2r6OAV3WsYtXuXjvJ1lIDi,Hello (feat. A Boogie Wit da Hoodie),Pop Smoke
0sVcnEo2jnUnr3p7uVDZ9o,Walk,Comethazine
6KGHsN5QI0qunsADx3e51i,C’est la vie,Khaled
2Bdu0cw4fJzUnU7X7fTmBC,Shine (Original Mix),Spektrem
6JH9yWhgbm0y9iAJhCslNc,Handlebars,Flobots
2CEgGE6aESpnmtfiZwYlbV,Dynamite,Taio Cruz
0BQxp4to9kreTIGkrFe2WM,Shut Up & Sing - Zeds Dead Remix,Greta Svabo Bech
3MLtopC0uho28PxZN7Zecy,Fake You Out,Twenty One Pilots
1x5b8NRhc5BrcOa5g9Ztaz,MALO TEBYA,HARDSTYLE CVNT
0EvJJdxpCElr2AgEMulSkI,Ego,Syence
2q4rjDy9WhaN3o9MvDbO21,Kiss Me Thru The Phone,Soulja Boy
3wPPWcVuinAU7dXcJXtCID,La La La,Naughty Boy
4rmVZajAF7PkrCagGPHbqa,Sticky,Drake
1i5VGJwl7gFw0hQP4dVDgK,your favorite dress,Lil Peep
47pF4X9Jzkl4EbMu1iBsm8,daywalker,neevah
4XWuGM9AJGkwar61lN0Bx3,codec,neevah
7muU1mXagvsuI9AyeiDaSt,LOVE BITES,neevah
2bAYeaoIuqF2DMT1oLWffj,shining crystal coffin,neevah
4lPutufiKSIHFSEFj1VzFK,dereality,neevah
60w8TrVeZGXsdti7wo54Zz,ghost in the shell,neevah
2geMq0yMcADKFlsXR3RWDR,how to troll urself,neevah
69ndl0wUvx2uFVmPnFsC9I,you look like you've seen a ghost,neevah
2yx33cf8wV4gCCVip2vKMo,Elemental,Freaks & Geeks
1LLspq9VAcSAfuaitaDZhm,Waveline,Lexurus
25ayUbG54mlR9RRdq7U49o,Lord's Prayer (feat. Liam Bailey),Dimension
4jaDn9wOPzjbHI3wHCr4Gd,In Too Deep,Jon Void
5jTanOaDoi0f30VQmwXanb,Beautiful,Jon Void
5QG6YBeZTUYSA1eY7XrxCD,Refuge,Grafix
6k1aKS7RPLyxFBBaOF8EzC,One Last Chance (feat. Skyelle) - Remix,Bensley
614F7sDSqYnki7RxpmoMH3,Le Retour,Kove
2116LCbN5YxMXZVxJfBQSV,So Young So Shotgun,Dada Life
2STxnMmJC6Bc1xFj0WMRVD,Million Voices,Otto Knows
0FEPq7gON5KivhwrsWN0gI,Kick Out The Epic Motherf**ker,Dada Life
34JjotpBnsLWCQoTTA3iKP,What Happens In Vegas - Radio Edit,Chuckie
2gkkxCzXUl9gp6ga7Gkw9Z,Weapon,CAZZETTE
11wLj35VjU3muJNKF2cAGU,Dead Dead Demons,Kotori
7G7UPPyCkfz4ewkZa49bA2,New Beginning,Maduk
6RokHwAEP01GpNW1SDOztZ,Emotional (Draper Remix),Flux Pavilion
5XIVnow02xlkHwxETQ3Lnq,By A Thread,Mediks
1Btdt8tgW5QatxnKlbaCk5,Alive feat. Lara Woolf - Original Mix,Case & Point
2Hlfm48wmDNFHTZM7qqEWV,Say Goodbye,Krewella
7gI6SoPMfZOdDF0LaBKtLE,Unspoken - MUZZ & Oliverse Remix,Oliverse
6Uazntb9jLdFXTqx6Vwe1k,Let the Light In - 2020,Ekko & Sidetrack
2DNyE3s6Upa1bKRYaLhA0k,Falling Down,Friction
5FbblKXYcMAlvdUO5nOwQT,Nothing for Free - Kove Remix,Pendulum
71bqhTrDXU1EDAQ67Ep8YP,Miles Apart - Fox Stevenson Remix,Dennis Pedersen
0bMkuFN9YEFLb2ffcbDFk3,We Let Em Go - Ekko & Sidetrack Remix,Dan Dakota
7ojWrhoZZJfyR7YmcYdTzq,United - L.A.O.S Remix,Our Stolen Theory
0SXzUPIAucw3dCIHpGqyop,Wrapped Up - Original Mix,Baq5
1VWCOx2EruZ7OqqiqWf7xe,Taking Over (ft. Miyoki),Rob Gasser
4bOCKm3HLWVV1y09RIXzAu,Taking Drugs? - Original Mix,Scott Brown
6YwBd9LIpIb12swAydBS7n,Step Into The Game (Official Intents Festival 2020 Anthem),KELTEK
5mGJ1Bcc4SvHGufcTEJ1WE,Forever,Andromedik
0vh3PLPxWL5qhan4euxUUT,Laurence,Feint
6xVg3G6VyK99s4cI60NHam,Nine Roses,Wiguez
2gtBcLNjFMi8l5xSz66Fsb,Cold Green Eyes - Original Mix,Station Earth
1qmxg0bBJj2ZIJS65ZqfOk,Golden Love - Mr. Frenkie Remix,Guru Groove Foundation
4CDTHGXvoZTFGGT9yjDMn6,Weavers,Feint
08HCALU6WZhiFXyTsl7PE8,All Eyes On Me,Fox Stevenson
6f0ZXMKGBj9aABis7jrVPW,Dreamweaver,Krakota
7ipoByA678kItujAb88CSc,Stand High (feat. Vanela),Mind Vortex
3x19mNAMdbJWrD2HqCkxwx,Darkest Hours,Memtrix
4NRLLlZrpufgSFU4nesHjd,Years Of War - Rob Mayth Remix,Porter Robinson
55jmrOPMXluGIrW2fY4exI,Of the Ice,Memtrix
0eLZf7bp815SzftuAYBXXe,Higher Ground,Delta Heavy
6bnehRmmT2F3vLR0SfOuqF,Summertime,K-391
1shskQEKKGCDz4u3xQ192q,Zig Zag,Clarx
6VRW5Sd66acLIKkUUkOR6X,Whatever I Do,Cartoon
7BJNEkTjUEHhefFuv2WFNm,Save The World - Zedd Remix,Swedish House Mafia
0Oeu9HbPs3H17RwoUIVEfK,Company,Maduk
37rlPPsJ2sJrqsvsOBfb96,shadow realm,neevah
0xPGbt8QNksD1Wki6zHSpz,Firehazard,Syence
30Hv12DkcIJcM2GWzNRmpV,Stood In The Dark - Andromedik Remix,Dan Dakota
60SdxE8apGAxMiRrpbmLY0,Lucky You (feat. Joyner Lucas),Eminem
5ZcLRkAdHfX5bTLcSshjFH,MALO TEBYA,HARDSTYLE CVNT
23Dapn8107GgxvXDIsPwWm,stupid horse,100 gecs
7m4HUtdXRUHEitLIqbVWxf,Ready to Go (Get Me Out of My Mind),Panic! At The Disco
4HrU7KlBRwC5IWOX8EYF1k,Intermission,Panic! At The Disco
4eYKxZTC1YYyGiSTHZne7m,I Constantly Thank God for Esteban,Panic! At The Disco
2KA3lvDwQQiyvuJJvzifGL,Nearly Witches (Ever Since We Met...),Panic! At The Disco
6cZSRZJfYKvNzUo8ZNUy81,But It's Better If You Do,Panic! At The Disco
4E89wfYbGzoNolObrFhoG4,The Only Difference Between Martyrdom and Suicide Is Press Coverage,Panic! At The Disco
2wEjPgOCEczmjlvq60LyQi,Girls / Girls / Boys,Panic! At The Disco
3fwKVZ73y7UUGMyR6rVCRa,Golden Days,Panic! At The Disco
4NTL7fT4eqfPao94lmqth2,Far Too Young to Die,Panic! At The Disco
0MSC5BYWcNhcBNNYORXZyj,Lying Is the Most Fun a Girl Can Have Without Taking Her Clothes Off,Panic! At The Disco
5Q4H1XkVHxQjnrHCUpS61d,Nicotine,Panic! At The Disco
74loibzxXRL875X20kenvk,Poland,Lil Yachty
7CXRTO2zhHoY5xMufaaPec,miss the rage,Jeethz
70Cp0ukCMyWeJML77NGERU,Semi-Automatic,Twenty One Pilots
773xZHHSHJvC1z3AAtWgH6,Ode to Sleep,Twenty One Pilots
68NsOuum1AegLDhOIr2ADL,The Run and Go,Twenty One Pilots
36tghkPg1AO4HsAzo6YpPp,House of Gold,Twenty One Pilots
1pKmfhwbZvsyYUP2eOGdw5,Screen,Twenty One Pilots
3C3cr2JQwXIhqAHqOardVO,Holding on to You,Twenty One Pilots
1yf97yL1ll8FYXC27c9VTw,Trees,Twenty One Pilots
4rfaoyaZvNa60cj3OKSQV9,Migraine,Twenty One Pilots
4RdRa3qq0GBSKjomxrkh5K,Guns for Hands,Twenty One Pilots
6BEKt5axiNeWCr9huv0k7I,Truce,Twenty One Pilots
5cbpoIu3YjoOwbBDGUEp3P,Car Radio,Twenty One Pilots
1dYSXqkuZCgdiR3q1lw6tA,What Trance Feels Like,Funk Tribu
4iO6aCCNBAN2TGTD5JYIiq,Case 19 (feat. 6ix9ine),Jasiah
3KwzRfEeKhK5ADT9iPFHe2,Crystals,M|O|O|N
72Z17vmmeQKAg8bptWvpVG,Space Oddity - 2015 Remaster,David Bowie
1hvInhBgFlH88UaZrLJ43O,6 Foot 7 Foot,Lil Wayne
2WzAAerBvZvvFXgUpSwHZ9,MIDNIGHT,PLAYAMANE
21ZWYi2vM0aLNoSnM5I1iU,Polozhenie,Leaf Mountain
6f7jHMkHBJ9HVat7wjfkOr,L$d,Luclover
2vwlzO0Qp8kfEtzTsCXfyE,Wrecking Ball,Miley Cyrus
1u7wbVBGsAyl5MTBdzAExJ,Fall Away,Feint
34v2sh3ilJ1Qqn1Ep40cgg,Ya Soshla S Uma,t.A.T.u.
1WhIXXx1mFS8GGPWtr4hTB,I Can't Sleep 2,Sienna Sleep
0WtDGnWL2KrMCk0mI1Gpwz,Redbone,Childish Gambino
7ej4Q1Td6Fln5ottHyFbWm,Just Wanna Rock,Lil Uzi Vert
5R2rsbwCDXORX2tLfprRmM,Yacht Club (feat. Juice WRLD),Lil Yachty
26gXWzhL8DZJSU5sODhVTs,734,Juice WRLD
1C8ux1YWLMHCenYJFiIV4Z,PTSD,G Herbo
7gVwgc8b3XnO87TpmXXFA5,Diva (feat. Lil Tecca),The Kid LAROI
2RqOMeFn30aaH6qUt8ibpF,734 - (15 Minute Version),LuvU999
3O0XntET8Ee1nFI3rDTwOJ,3G (feat. Lil Uzi Vert),Yeat
0k1WUmIRnG3xU6fvvDVfRG,Way 2 Sexy (with Future & Young Thug),Drake
1HUgqhTeOMW7IUm5G2a2dR,"No pain, No game",NANO
4AESxPBujvuBbCAfBuA2sq,STAY - Japanese Version,BLACKPINK
02h4inVwwNX1cMuGCDtsgV,FOREVER YOUNG - Japanese Version,BLACKPINK
7IS4NciwYPs1wMywOKx69z,SEE U LATER - Japanese Version,BLACKPINK
3sgrwjWNJy753U30irIdEN,WHISTLE - Japanese Version,BLACKPINK
5DVgfulxeJZJYc8FseyfUf,AS IF IT’S YOUR LAST - Japanese Version,BLACKPINK
29x3S9kmzTGHswtjSVeUPr,PLAYING WITH FIRE - Japanese Version,BLACKPINK
6OKXcx7tClGAS0o2cOTl2v,REALLY - Japanese Version,BLACKPINK
5MLreTrtwv7fGyyAy0RyeB,See Me Fall - Y2K Remix,Ro Ransom
57BGVV6wcyhbn3hsjlqEZB,Element,Pop Smoke
0UTyLmkQgPOEIz95OVAJTR,range brothers (with Kendrick Lamar),Baby Keem
4Tf94tAHtlQxjbeeyU3y7C,Beautiful Girls - Radio Edit,Sean Kingston
1PS1QMdUqOal0ai3Gt7sDQ,Gold Digger,Kanye West
0FZUgV8DchbInBN1S7INnM,Cmonnn (Hit It One Time)(feat. Lay Bankz),5Star
4Dg0FSovv3n8IBS9QMezTp,Generate,Eric Prydz
2ncLdwTd8qzkxiJjlbiOgC,Mr. Rager,Kid Cudi
2RJAKIw6nIkgZVsAIKhmqz,In My Head,Juice WRLD
20JGGCzwmvA9t1vs9HYkxE,Peace,Alison Wonderland
7GwYENSg87oERcW0Wacd6m,SKYBOX,Gunna
5ad5uryyzVWs95bK3myGkw,Ok Ok pt 2,Kanye West
35acXjupfWHgtchiS6yAjC,Jonah,Kanye West
3bC1ahPIYt1btJzSSEyyrF,Whistle,Flo Rida
6LyAwkJsHlW7RQ8S1cYAtM,Overdue (with Travis Scott),Metro Boomin
0uATCc7skXRKGBYp4FHdBZ,Save That Shit,Chief Keef
2pTrW9peG2GC2Pru1cvoNW,Crystal,Deko
3cjF2OFRmip8spwZYQRKxP,Feel No Ways,Drake
6PrKZUXJPmBiobMN44yR8Y,The Ecstasy Of Gold - 2004 Remaster,Ennio Morricone
2gZUPNdnz5Y45eiGxpHGSc,POWER,Kanye West
5UGAXwbA17bUC0K9uquGY2,Antarctica,$uicideboy$
5SkRLpaGtvYPhw02vZhQQ9,All Falls Down,Kanye West
3ZpwwnyXZLppRzSY1DG5lx,PTSD (Warrior Built),Tech N9ne
6eKWSrZfzd25TYYxkscWgg,BabyWipe,Ski Mask The Slump God
5mnpMkzp3Z2RCCbwIEZCbv,Phonky Town,PlayaPhonk
468BsK9sjyvH3vQFfRbBwD,No Mercy (feat. BlackGryph0n & LittleJayneyCakes),The Living Tombstone
3F9ByoUqu31xU0I3G5xfVg,Meet Me Halfway,Black Eyed Peas
4tRhRLBxIZ34Iw0eCuiC03,Miss You,southstar
4TqjqcTFQcabvaFwDFyf2D,Oblivion,Tevvez
0fIffclhgJC5h8AdMMVvkp,Welcome To The Party,Pop Smoke
1c7IRPoWNIMLGrFgit8QXk,Night of Fire - Extended mix,Niko
66WnR5Qn3EPZTyBI9pqwlz,In My Mind - Axwell Mix,Ivan Gough
4FyesJzVpA39hbYvcseO2d,Just Wanna Rock,Lil Uzi Vert
7lkUZXHWF4nByiFBtHZXNw,Calling My Line (feat. Ay Em & JBeatzz),Harlem Spartans
1bDbXMyjaUIooNwFE9wn0N,Rich Flex,Drake
46s57QULU02Voy0Kup6UEb,Major Distribution,Drake
34tz0eDhGuFErIuW3q4mPX,On BS,Drake
4kSYixxvAymW6roG1l0QLx,See Me Fall (feat. Kensei Abbot),Ro Ransom
0TW5cZE8fEGfBuBLGistGl,See Me Fall (feat. Kensei Abbot),Ro Ransom
0wshkEEcJUQU33RSRBb5dv,BackOutsideBoyz,Drake
7l2nxyx7IkBX5orhkALg0V,Privileged Rappers,Drake
2ZL7WZcjuYKi1KUDtp4kCC,Spin Bout U,Drake
0sSRLXxknVTQDStgU1NqpY,Hours In Silence,Drake
4Flfb4fGscN9kXPOduQLrv,Treacherous Twins,Drake
7GeTsDIc5ykNB6lORO6Cee,Circo Loco,Drake
2KLwPaRDOB87XOYAT2fgxh,Pussy & Millions (feat. Travis Scott),Drake
45pUWUeEWGoSdH6UF162G8,Broke Boys,Drake
410TZrK18uRjtsTunG14cl,Middle of the Ocean,Drake
2ZlABhxMMa43COmZ97kKsJ,Jumbotron Shit Poppin,Drake
29YW2xXlo6Pc6M0SBTCXYN,More M’s,Drake
1MTXYvJ9TSqg9x6WPCDx2n,3AM on Glenwood,21 Savage
31bsuKDOzFGzBAoXxtnAJm,I Guess It’s Fuck Me,Drake
0FYc9DIr89rbzt2WJMvyou,Get Into It (Yuh),Doja Cat
0frkJRc31JunrJ6JmqRpqa,Imagine,Doja Cat
3jt8YFtxRJOg99gmJuQBiC,Alone,Doja Cat
2VT56hhAcF0D3lGx9PUthf,Ain't Shit,Doja Cat
1pdTHjkIgxdWodGpi9YJ5d,Payday (feat. Young Thug),Doja Cat
3bOj9S4NWVvNzSRyYULFs2,On the Road,Ashley Deyj
0AAVJIN4plafvmNKqRCltG,I'M DAT N****,Future
77khP2fIVhSW23NwxrRluh,A Holly Jolly Christmas,Burl Ives
1EJIcDYXwSqipW5dFe4uJz,EVERY CHANCE I GET (feat. Lil Baby & Lil Durk),DJ Khaled
47otoIkhx3fkdivEXL5OB6,Rudolph The Red-Nosed Reindeer,Burl Ives
6Q3ptMP3VZ3ejszGcKdh7g,Untouchable,CatDany
5URyems1E7vvmSehGOdmQb,Adieu - Original Mix,Tchami
5E3jTjMqQBntmCZGwQikMQ,xQc's First Melody,Goofball
3lYVyybiKTXdo0uMcdKeFB,On A Good Day,Above & Beyond
0hRStjEfDhCLQ1F0gCefOQ,SPACE CADET,Lil Uzi Vert
1sgyYCbGhkX3auLHCQ825G,Strobe,deadmau5
3iVcZ5G6tvkXZkZKlMpIUs,Alright,Kendrick Lamar
3nFoPHJR1BOSrTl6jKIl1a,Out of Time Man,Mick Harvey
0RkCnqwF8Tfl2QGPZwopyk,"Shake It (feat. Cardi B, Dougie B & Bory300)",Kay Flock
1KEdF3FNF9bKRCxN3KUMbx,Friday,Rebecca Black
0B7ZZRxpJj4Bzir957pNqW,OUTSIDE,HARDSTYLE DEMON
4kTLpAbhuEGHAAdDjOIWaa,Pursuit Of Happiness (Nightmare),Kid Cudi
0noVd1VU93X8TEZMmpR3yN,Pjanoo - Club Mix,Eric Prydz
4heG6IzOZWDKDZsIzW7VyZ,Memories,Humanature
3OTh0YjtPMqPmZ1ZOqMN6j,R4C3,gaptoothv4mp
7i0jaBLpIADxqNbhAb4XFb,Diamonds,Rihanna
4S8d14HvHb70ImctNgVzQQ,I Love It (& Lil Pump),Kanye West
0B9D5rzkRgtuAVy4hQ84bD,BLAHBLAHBLAH DEMO,Joji
27Qz0cFmMGADsniMeUwyUe,Bikini Bottom,Ice Spice
3SpRtNO7GKWaFyWydXArvn,astrid,glaive
3bidbhpOYeV4knp8AIu8Xn,Can't Hold Us (feat. Ray Dalton),Macklemore & Ryan Lewis
4i7HqWsN7iJzsXpsW5h1nb,Bad Habit - Sped Up,Steve Lacy
7sLpSWxQazJzDVG6YGzlVs,99 Problems,JAY-Z
29Xw5NsAaaaqrBsOHMFWw5,Medicine,Sound Remedy
6CuaYhXS9pgPHvr4nIbIcW,Everything - Original Mix,Yinyues
4gKWtJGlhxKKSyV65llt2G,OOGA BOOGA!,Ski Mask The Slump God
3Q2M6sNKDwoqZGBvwdFqZr,Adagio For Strings,Tiësto
6ZgigeSB0XUMqc0jjzaq6d,"You're A Mean One, Mr. Grinch",Thurl Ravenscroft
7vWFaMq63AwkFDhS2OAg5u,The Time (Dirty Bit),Black Eyed Peas
5MUxrNd7Gr2HksLcAlB0IO,Yah Mean,Playboi Carti
0B5kY9i9bmP7554oU4jRoO,Funkytown - Single Version,Lipps Inc.
0PGRXJFSwpn5OAGFpEwiqK,Remember (with Nigo),Pop Smoke
0yhMmqax6HRAZxI7udEask,"Bitch, Don’t Kill My Vibe",Kendrick Lamar
7o8cvobGNd2IbhCz7J0DvB,Swag Like Ohio,Lil B
42tD9J0KCPFSc1d2hFTvAf,NOSTYLIST,Destroy Lonely
5JfygHg7dasBv2RcmpCHpR,Bleeding Love,Leona Lewis
0uFvvXbmGIXlf5ZgtHyYpf,Bugatti,Ace Hood
4KV9bM7a1KDc7b7OakFZic,Jingle Bells,Frank Sinatra
4ruVlyPVVwzH1z5E72A4Ry,First To Go,Andromedik
2e1mzGPBHmdtZR3RRknaXz,Demeanor (feat. Dua Lipa),Pop Smoke
54NBD72JXFXzrodbQBSzWh,Sunshine,Tyga
42er1na9BHF1ERol51wg8M,Imperfections (Interlude),Pop Smoke
6dJRP4pXk4SOzWfhfHL3Or,So Much Better,Eminem
02j3YwlrHMbcHrRog2vlgD,"Boom, Boom, Boom, Boom!!",Vengaboys
3Bo79uipvzIBiOAG4zJPcm,Redbone,Childish Gambino
6Xe9wT5xeZETPwtaP2ynUz,Levels - Original Version,Avicii
3jM9VzF2d1AMUyTD8sTmPu,Wokeup,KANKAN
1QPreu0BNOrUfEb8HTd2qG,Rich Spirit,Kendrick Lamar
1NxMecqsRofcrgDj6H4mb5,Whoomp There It Is,Tag Team
4QiUvDhtrermuK8IsX9jNd,Aftergold,Big Wild
2yjLRyGQbk0IooaZkRCnP5,Leap Of Faith,Headhunterz
7vQbuQcyTflfCIOu3Uzzya,Jingle Bell Rock,Bobby Helms
25QDqa9OcezZEWAdqyFg67,New York City Nights,Scandroid
3EehA379IZhxqTyehuxgSB,Do or Die,Lead Chambers
34cGqCekSMUKiY0UUPGWEQ,If I Just Lay Here,Burning Orchard
7ujK00PbxtX435mtrHQxPi,Love's Supposed to Feel,Mahilive
6jnxXg5xo2ZzL6l9Ww63jW,"Shake, Pt. 2 - Get Get Down Version",IShowSpeed
2MLJV9quwy1iJ5RFfkfyy6,Shake - Original Mix,Dream Work
6GkTKjv1XbFVdI2D8vvDPu,Lose Yourself,Eminem
3s7MCdXyWmwjdcWh7GWXas,Violent Crimes,Kanye West
1xdP0tvcUngytAwfUB63JG,Stacy's Mom,Fountains Of Wayne
0PgTDR0OtNAj5U1dWw1W0t,Parallel Universe,Tevvez
2FUmbehL0xqT4fwXwpPSAh,durag activity (with Travis Scott),Baby Keem
0pXGYXgySwfFLrMxmog90w,The Unknown - Flite Remix,Danny Chen
0IUsCgM7ayMJovtwn35jPF,Daddy Cool,Boney M.
1PlMbi0Qkrlp9yVFM8JEXp,Stan,Eminem
2bSk87AVkCIIC3Bcligq1z,Life Goes On,Lil Baby
1abwytAhbWeHrbsA9eODOy,Feeling Like The End,Joji
1jOgJN75btuUONIdf57vHz,Munch (Feelin’ U),Ice Spice
227AlkDHWM5G2tejvX5EKZ,Brain Power - Long Version,NOMA
5VjQTikdqkiKi1XtXTVdc8,Save Me,Chief Keef
1itfUbi3UGQYIMDsGDmxSp,Black Panther,Crystal Castles
2fmtrXfvbN8xkHwE0zgTTc,on & on,piri
2WL6GQzPuK9Nrpy9XwNEbz,Something In The Way - Remastered,Nirvana
0kSnpKOS1bUguBGe2z661G,Took Her To The O,King Von
7AdTyfK7fnvUYbUCGpWqUf,Foreigner (feat. A Boogie Wit da Hoodie),Pop Smoke
599adC2ZS272riXQnYsgBs,Time Will Tell (feat. Samuel Jacob) - Radio Edit,Lincoln Jesser
77V8N0imMUga8hUL0gxXHT,Skir Skirr,Lil Uzi Vert
1rH7UXSGDTZBYPiRW3bNI6,I'm Done,$uicideboy$
5IPl8JpkbtSH1mdyq5ctSx,YUKON (INTERLUDE),Joji
1qsHYUd2c1wFGcn7e63QmG,Yikes,Kanye West
3qN5qMTKyEEmiTZD38BNTT,I'm Upset,Drake
28JBD8p18xNuOfyV7Cotdn,Massive,Drake
275a9yzwGB6ncAW4SxY7q3,Panda,Desiigner
0D9026DkyeQK0CWWtW1chv,POSErr,SEBii
1cLSOEAbRpFDYYX4r0WMKj,xXXi_wud_nvrstøp_ÜXXx (Remix) [feat. Tommy Cash & Hannah Diamond],100 gecs
4vlbRQou38tQNakQWeme16,Bih Yah,Mario Judah
5JnaWko4tlfxbzlpgAnma7,Sunrise,Dualistic
0PrEvqXVUDSHEwTG6D9SZR,Hey There Delilah,Reflexxz
4KkJDRf8H1e3UuoLhCWtvf,Feeling xqcL,Row Sauce Studios
2mei1NCzlPpkh98PzEqc4N,Memoir #02 [06.12.09],Maria Pseftoga
481m4HknkZqZUXnEjmXRla,Take Me Away (feat. Rae) - Andy C Remix,DJ S.K.T
7KgyPFCEHf3Mm0CH6nY1yZ,Wrath,Freddie Dredd
4wz2VahIi49SPomvyT75nA,Phonky Tribu,Funk Tribu
41YVTpCekLuRWZn4YpqCAW,spend the money (feat. Lil Uzi Vert),Fousheé
2HOzIImONoureOPryEFArI,Mikasa,Veil Of Maya
7Cg89A3FjqkVJQhxANLqAA,SOUND THE ALARM,URH Hip Hop
5vymIUQwko63LlPzIihENF,Let's Groove (Tonight) [TikTok Remix],Fenton Rider
0zxUWZsgb9HX4WGYvUGkYF,Tell Me Why - Original Mix,Supermode
1ePO2g9jq4PUm3y5MEjq9b,MALO TEBYA,HARDSTYLE CVNT
5g7Qylrck8rh2lUgEWPQVS,Standing On The Shore,Empire Of The Sun
7aIb17DMLcOhLJIc9vF6Aa,Phonky Tribu,Funk Tribu
25o1M3Jse81xusDV6WhvC5,Epilogue,YOASOBI
1lfK0hVEKdq0k4fFCZvQge,Prologue,YOASOBI
5lF0pHbsJ0QqyIrLweHJPW,Burn,Ellie Goulding
3Bcphu5Gi1NdhMKAwx2yIj,BURN EVERYTHING,Sean Leon
22TFAU0e7WHAQFGzwneu1e,World Cup,IShowSpeed
2wn7iOQew89dylXFlLcHSs,Push It To The Limit,Youngan Youngan
6A6qBFJHid4WutQu6HHEZt,Walking On A Dream,Empire Of The Sun
3K1y89UHuAEZbpiSPbtAae,Step On Up,Ariana Grande
2sQH02O2HBCPJCztBrCWNa,"34+35 Remix (feat. Doja Cat, Megan Thee Stallion) - Remix",Ariana Grande
0wH55ChKuoZkmGhbIYtOI4,All The Things She Said,Poppy
5kWcIgj5CszKQBB0Lg7sGY,Let Her Go,Passenger
7E1jVNoWuemqUryI4FxsVD,off the table (with The Weeknd),Ariana Grande
3ko9jEHNt4O5fjKN65ULJp,shut up,Ariana Grande
0q85C1JiECyYIQthz1posA,obvious,Ariana Grande
14gkWVFMwdxBMyqBw1wmIg,safety net (feat. Ty Dolla $ign),Ariana Grande
0sci7ppTZFm4mjcH3nu8yO,nasty,Ariana Grande
1whfVLMKWqAX3uk97VXsNN,west side,Ariana Grande
6u7gmPOz7pzzaeR9xSBpsR,my hair,Ariana Grande
3UoULw70kMsiVXxW0L3A33,pov,Ariana Grande
2IKJtXeR5UsaUjZB46fTOK,six thirty,Ariana Grande
7Dx9Z6Aon1qPS2N0rHSWTe,just like magic,Ariana Grande
6NYtLvyThMT0oALFdJFdzq,love language,Ariana Grande
0yzj6eBs5a6X6d3P5qaQ5J,The Outside,Twenty One Pilots
732E6ibFkQR5lNIPEeiEnx,Choker,Twenty One Pilots
60dwJ8dnqZ4WrIdiu7LkNR,Saturday,Twenty One Pilots
2OdfQjIJlomZFUBTEDKMre,No Chances,Twenty One Pilots
3uwYgNxFDfx1GoLB6tLoUn,Good Day,Twenty One Pilots
19kX6hSlYH31js2SL4jgrj,Mulberry Street,Twenty One Pilots
2jfyY5GIc7wsYVIrCnjblC,Formidable,Twenty One Pilots
71aoqW9jB6AZARQfH5wwWy,Vadibae,CPHMANIA
61bwFjzXGG1x2aZsANdLyl,money machine,100 gecs
0zLClc0emc6qUeV1p5nc99,No More Parties In LA,Kanye West
0rHToGels2lt8Y0mCYoF90,Deck The Hall,Nat King Cole
6YwcFOxLD4wyaNsrLRZ2FA,Runway,Pokelawls
4rbYZZkMTz1TTty0if3oRv,Stop Snitchin (feat. DaBaby) - Remix,YG
1IiOIBsOQrQvcge0HiwF90,Godzilla (feat. Juice WRLD),Eminem
18vXApRmJSgQ6wG2ll9AOg,RAPSTAR,Polo G
722tgOgdIbNe3BEyLnejw4,Black Skinhead,Kanye West
4O3HWR6j3Qht7ENIWlPLJt,Ты и сигареты,FACE
1XRzIGsdYaLi0jHeGlcHGP,Rich Nigga Shit (with Juice WRLD),Young Thug
3hluYfU25k6suH9WpaRsFm,Icy Hot (with Doja Cat),Young Thug
1X3YWNySzS0HWJqaOfTjkf,SUPERMAN,Pokelawls
55McbqAUspPoavubDJxryF,CapSule,Mori Calliope
3hOTaPhf3gLUZhqZgoUzme,MERA MERA,Mori Calliope
5xpjYTlkYg8o92LMOvG3eV,Kamouflage,Mori Calliope
6ADAhVnCCdv06G30KbLO1C,Make ’Em Afraid,Mori Calliope
4KtsVWPHvVTLBwU7rtTBwn,Holy嫉妬,Mori Calliope
7hT7tA7VUkkNihDKFt1fuA,Let’s End the World,Mori Calliope
0fAsMU3MwXLoXzXsyByqKh,I’m Greedy,Mori Calliope
4Ri7HgYsTqCoNqHI2S7wVB,Dead On Arrival,Mori Calliope
6BX000G0i1VJcff38x3grU,Lose-Lose Days,Mori Calliope
3v28Meo8cBnnfDUzpF6Art,HUGE W,Mori Calliope
6pMunEPmwPTffz5qO0NOkJ,Resting Power,Mori Calliope
6at1OnNumlOOQMc6Nb1sbU,Scuffed Up Age,Mori Calliope
0U0swpLFeIJV1bP9QjSkyz,UnAlive,Mori Calliope
3iFh4XNSePkLOUN0McOQvi,Q,Mori Calliope
3Y5q0JDCRzjNlMRRrLK0RF,MERA MERA,Mori Calliope
6pV1lc8lIc8ARNB6KsZukt,Never Fade Away (SAMURAI Cover),P.T. Adamczyk
6oUGAx0vkBcnGzYkvw0ZsA,Shortie Like Mine (feat. Chris Brown & Johntá Austin),Bow Wow
0g3GlhfGbBIzCLhsGjxJkg,Shorty So Bad,French Montana
1I55Ea0zVoSKs6MqW7DQ3i,War,Drake
1c39AwcrkN9srI7Az5662I,NIGHT RIDER,Joji
0MoQI1EZGSHLhd5UBdxPol,Substance,03 Greedo
0dbZ2iUuKvsm3FupBw6M9N,Lonely,Speaker Knockerz
1rkfJLgTlB6XYNjgZ0sVaK,T-Shirt,Migos
2HSmyk2qMN8WQjuGhaQgCk,Champagne Poetry,Drake
0kEZlJh4mK1QRfb3CT5LPk,Kill Yourself (Part III),$uicideboy$
7oD6QZsaK3lrMWsmJnvuO0,Christmas Drillings,Sidemen
3khXP0t46UwbrRawpl7Ofo,This Or That,Sidemen
2Eb367lyxqaHt6sLNANyrr,Sin City,Chrishan
6wJYhPfqk3KGhHRG76WzOh,Blueberry Faygo,Lil Mosey
4vVjPTApwXZwB2H3mBq3ml,HOTEL LOBBY (Unc & Phew),Quavo
33LC84JgLvK2KuW43MfaNq,"My Heart Will Go On - Love Theme from ""Titanic""",Céline Dion
1A8SxnqRK3qabmuN2qxIpa,Spaceman,The Killers
2SjvBmZYIbQTJ7rrPgdmV8,Baby My Phone,Yameii Online
7xkQdy0cy5ymoWT7nedvLz,Whatcha Say,Jason Derulo
06zQq5yRB8bqsKGHphdmkA,Mauritani Ardi Wetani,Garni
1pacwLXyRO47ka0v6LTIiY,Raindrops (Insane) [with Travis Scott],Metro Boomin
0gYnzvD4ktjOm8EWPN9vhh,Fallen Kingdom,Captainsparklez
1f5cbQtDrykjarZVrShaDI,Drowning (feat. Kodak Black),A Boogie Wit da Hoodie
22UxosQyi4EZOedWqMGt9t,Paint By Numbers,Hybrid Minds
2DcbKbERz9dTe4pYNqgbaC,Yameii Vs. The World,Yameii Online
0cqRj7pUJDkTCEsJkx8snD,Shake It Off,Taylor Swift
0z3XcxcrqvWe36Dtgiqrh0,Revenge,Captainsparklez
5nN8BwAQDJDguq7Dpd3JQQ,Where Ya At (feat. Drake),Future
0Za3bDruKqW5thbyvvimuz,Distant Shore,Poo Bear
6yDPFrHZLQbQa9Itd2J4Gp,Water (Drowning Pt. 2) [feat. Kodak Black],A Boogie Wit da Hoodie
6ZGJxCrdcILAro3kM3wvRA,Money Conversations,A Boogie Wit da Hoodie
3LnOF5n1GOs01siYZXzS3p,Drowning (feat. Kodak Black),A Boogie Wit da Hoodie
7zzoxJbgjme3366mOp5UnH,I Took A Pill In Ibiza,Mike Posner
4HyefsBihebUexaNmDHYa3,Polaris,deadmau5
2Du7ss8QzxwOQFsHXIKzkr,Exploration Of Space,Cosmic Gate
4P7VFiaZb3xrXoqGwZXC3J,Lollipop,Lil Wayne
6qn9YLKt13AGvpq9jfO8py,We Found Love,Rihanna
3jme342uNmMsNth7nnlcUz,We All Need Someone,1991
4N0tDOF2bo9JEpSqLNlpjq,Glamorous,Fergie
2WgoeZDxLJvjEvlOupkr8D,miles (feat. Lil Uzi Vert),skaiwater
04NTgfyFFx8FRm0vZszMF7,Gonna Fly Now,Rocky Orchestra
7Bpx2vsWfQFBACRz4h3IqH,family ties (with Kendrick Lamar),Baby Keem
0aEzrEfMwj1IM4LabkOfWf,Bright,MYTH & ROID
7rhtPZkcGCWgA3kizGwXwO,Désolé (feat. Fatoumata Diawara) - Extended Version,Gorillaz
4HqIhZr8FuXcRl9P0wQfge,Main Attraction,Jeremy Renner
0vjeOZ3Ft5jvAi9SBFJm1j,Superhero (Heroes & Villains) [with Future & Chris Brown],Metro Boomin
6MPJA8gkMCSkBqYgOXdnTM,under her spell,Pokelawls
2GkmE8BrD00ngyjs2PT9Fp,Bounce Man,Twenty One Pilots
29Z5qdYEYNFxly8n6Dt7kp,Money Twërk,Yeat
0FqBNLXlTNimxmVRdDMj6b,1AM FREESTYLE,Joji
6L4XGeAdRRC32vVJpp8MdM,Face 2 Face,Juice WRLD
1t8sqIScEIP0B4bQzBuI2P,MY BAG,(G)I-DLE
6dmMXI9tVrDgFmxpjttZmF,LOVE,(G)I-DLE
2Mvdcda3pVMDASD7oZWPr4,Luv U,(G)I-DLE
7iQCl9TotVdT5WVibKcd7I,Where is love,(G)I-DLE
7lZqVyqbMtx4O1lrJCvRH0,Help Me,(G)I-DLE
2qYdsdgdeMLFzpLcMQWG2W,HANN (Alone in winter),(G)I-DLE
5OdnfBqdFDpew4yKwfgZQu,HWAA - English Version,(G)I-DLE
6HXVUmiqWSg3OW6yr5mJCJ,Nxde (Steve Aoki Remix),(G)I-DLE
6ogUXnO0F5PJSuWhOHCHd0,Tung-Tung - Empty,(G)I-DLE
5Fkkhd5Sy1dCBkKdXLQl4U,i'M THE TREND,(G)I-DLE
4xc3JpkI8kxLwk1SJafjzh,DARK (X-file),(G)I-DLE
3tJhlwRfB26fg7noLfeFmU,Oh my god - Japanese ver.,(G)I-DLE
7oQPZgTdxC7IElsMNONEKR,Oh my god - Japanese ver.,(G)I-DLE
1XCoTc12Trl56sgCPP4R8M,POLAROID,(G)I-DLE
5dYznMOX94Xt9es2mwkKlj,Relay - iLYKE to Run Run Remix,(G)I-DLE
4te1RqtgzclpEewoOrHU02,Help Me - Instrumental,(G)I-DLE
4O7tVdjaOQARI1rS6E6CCx,ESCAPE,(G)I-DLE
1sQwypUMUQkjB0S9sqjYos,DUMDi DUMDi - Japanese ver.,(G)I-DLE
4NrmxVJURTgzMH0QKyYy1a,LIAR,(G)I-DLE
6bfmUjaeIiTjpOqHtFIiVf,For You,(G)I-DLE
39wNZpYE66vs3FlqMyhMYA,Give Me Your,(G)I-DLE
1nEjpWJlqcOsf2ZaRQ3XdW,Maybe,(G)I-DLE
40OyiVO9NtBg9R2Gpwxs3u,LION,(G)I-DLE
4y2SshixeFlqPprLmoZtJe,TOMBOY (R3HAB Remix),(G)I-DLE
2EJbMzocEZ6VHnZKQ8pt8H,Oh my god - English Version,(G)I-DLE
1OBb2wZMXKNmtdyyejLIyL,Uh-Oh,(G)I-DLE
1hQtfLmNABXQMSjjYRXqAX,ALREADY,(G)I-DLE
310Qb2mSocNLguFicxzRnD,Relay,(G)I-DLE
7jSs3iUhwTbo03BTuzmdvY,Thief (Feat. MINNIE of (G)I-DLE),HEIZE
1VjIS4qoyD6JS2rNZQgE00,BEAM BEAM,JEON SOYEON
0ckILmtBH2r5UFOtTf2cN0,Never Stop Me,(G)I-DLE
3p8low79RQzkixDlIngBTT,Giant,YUQI
1fxKKzZ6YmnrYmD7fCrBo9,Last Dance,(G)I-DLE
5avhK56czNLazDtqXEKrHa,How To Love (with. NEON PAPRIKA) - Special Track Version,MIYEON
7gr57cYekMWriyJYbT7oZ4,HANN (Alone),(G)I-DLE
2ik3E5B2U1o78RfQXsmMWU,MAZE - Japanese ver.,(G)I-DLE
0TlLq3lA83rQOYtrqBqSct,Nonstop,Drake
21nFIDqoD1L7ELsprVSzOR,Rack City,Tyga
0gucTLf7trAf37Ua1uAyAu,Smells Like Teen Spirit - Remastered,Nirvana
7Ddk8FhoYKdsVoX9AOCPMm,STAYING ALIVE (feat. Drake & Lil Baby),DJ Khaled
4ACxa9buEUnOdYEoPcnMpi,Your Woman,White Town
3kB7daTMGpX2hPRXdZww6M,Run + Ran,Ken Carson
4wVOKKEHUJxHCFFNUWDn0B,Chicago Freestyle (feat. Giveon),Drake
127QTOFJsJQp5LbJbu3A1y,Toosie Slide,Drake
0Cb4Bia9LjvjmfOHUVRcj6,Who Is She x The Perfect Girl - Remix,Xanemusic
5RBOcBpJXaNnHCGViJmYhh,The Perfect Girl,Mareux
5EBNVTE8mWi9OzPmPn0RJv,who is she (speed),INDRAGERSN
6i3uaiOs9AMxEq5bYoiro0,"Kirby Gourmet Race Theme (From ""Kirby Super Star"")",Video Game Players
2IQwEZSFNibyYNQWIFrAE5,Pushe Packs,Kev Koko
2AmxTNLusPJ77CbAK67w6g,Hold Choke,Bad Pony
0U9ltIN4q3aBKGZDZq5cAW,Constant Repeat,Charli xcx
42IF4VUNaIGc1oD74rHa8O,Deep down,Aimer
0lgiIwUU7Y10uXfKkgXdjk,In Bloom,Neck Deep
4nDNBNtNoRpafeg6l0EUBo,So Slowly,Makeout Reef
1As4KC3YYpu89aBt7EqL2m,Call on Me,Eric Prydz
5JJDu0Z5DKe7mR31MGksSg,Come Out and Play,The Offspring
0UOMVs7dFEd7TlIlUBJtoI,We Already Fell In Love,MIYEON
4GpACqU62rGBnFEQQyDZw5,Dreaming About You,MIYEON
0iLX5STkl07zjT4sO8dadX,Saying Hello,MINNIE
57LioO1gSll1wvPDAjiET3,Psycho,JEON SOYEON
5dv9gqcgEs1Yj36AJQ5NID,"Fire (With BRAND NEW CHILD, K L W C)",JEON SOYEON
6wXYyw7TBQlJ0qh3RNP8MD,Change,(G)I-DLE
3LCwQoTrdQgHsGJE5gGVqx,Step Back,GOT the beat
2GyZkPeiJXXBqYY1ddtsjk,Dreams Come True,aespa
3lOMJTQTd6J34faYwASc33,POP!,NAYEON
021L6LlBBtr34BmFRHd9Ic,FIRST,EVERGLOW
1ry2mTVmAJHbNLzl5qww5v,So What,LOONA
6loyhEAW2QFgQnvorXzsXn,Who Dis?,SECRET NUMBER
2fJ70dRX7J4jiVxKUQQp7C,DUMDi DUMDi,(G)I-DLE
0AWBAY7lmCMyL05AiFRV41,Nun Nu Nan Na,cignature
55kuHkT2CWhWKF6CoRDnJq,Dumhdurum,Apink
5xTy9p0IXI8lRaU6iLGikC,Is this bad b****** number?,JEON SOYEON
5L6IX56bdTT3CPueP72VEx,New Vision,Colde
6Tj9KfzPp7tmgcDdsaPwGE,Black Mamba,aespa
0iuZMy88H6vxDA2oaJNhJg,Perfect World,TWICE
2ezKXygNO30pXyDQXkm6oD,LATATA,(G)I-DLE
6NnCWIWV740gP7DQ8kqdIE,Nxde,(G)I-DLE
7MXzQjonTIslNqRpm7ouIK,Likey,TWICE
1LQtxz9fIrZskoqDSbhKd3,Turtle,TWICE
6R6ZoHTypt5lt68MWbzZXv,Sour Candy (with BLACKPINK),Lady Gaga
59WuWdDH06AYXgdoMENEa3,Mirror Mirror,F.HERO
6adPuBjUw3Zh6wK27d8Rgv,VILLAIN DIES,(G)I-DLE
1ORJS3w16Z3bwNMzZpfULO,a new kind of love - Enkei Remix,Frou Frou
0QKhC7BGbjb38EsW8Dgm5r,Give It To Me - Remix,Muppet DJ
23Ztg4xp4vi2JgEZKfNREQ,party Party,MEA7NN
7jg52iX5YV4aZSsHu30Mb6,THE STORY OF ALISHER,Oxxxymiron
2xwQZ8jVguSb48BvkRrxK7,Рецензия,Oxxxymiron
4U584vYJQt480YX13XVoAo,Африканские бусы,Oxxxymiron
6bxulgo5iAC3yK1haIXWhJ,Чувствую,Oxxxymiron
0OcWnw20sz5WwsgqXcbkw9,Лифт,Oxxxymiron
3BFEi4AfcmFeKvrWuFtMAH,Тень,Oxxxymiron
63NUySlWldTh5PIFl6T9zR,Непрожитая жизнь,Oxxxymiron
21sUKdQN8gb2uYP5dEH3hZ,Эминем,Oxxxymiron
6Y69svxqqWCeN5Zi6SzPkK,Празднуй,Oxxxymiron
0nbdQwFi8rRwiJqKbalKxA,Намешано,Oxxxymiron
7mj20KmEw9PUIc9DuHIe5b,Эспрессо Тоник,Oxxxymiron
2zVCL13WYujgOtm3q8dwIx,Партизанское радио,Oxxxymiron
5sufJQR1eq3yc8e4Q4w6JV,Окно в Париж,Oxxxymiron
41FPhr343g9HharSTofnzp,Агент,Oxxxymiron
3lE8RY6yZoGqqJeZS06u6J,Где нас нет,Oxxxymiron
6PlY461djqS73m2t6s19aY,Не с начала,Oxxxymiron
0lQV2seGfP80kQr19kNAzv,Fortnite Balls,Sergeantstinky
7ohDeeG43asDHtM9adWKN1,The Race Freestyle,Quandale Dingle
6SnlOgjHiIfT9WBE2O5TkR,Кем ты стал,Oxxxymiron
6V34YoCdL0qwl7JoV9zS80,Всего лишь писатель,Oxxxymiron
5ekgmSORPGzQa4perxwYmQ,Девочка Пиздец,Oxxxymiron
0IRiz2sGHDwx0g20xsnPw4,Переплетено,Oxxxymiron
6Er3yN427WYBb3x8a6Alse,Hai Domo,Cao White
1ZgMsA55GIY7ICkQh5MILA,Space Song,Beach House
2qLKK0wOOEvkXqxu7X3WTn,The Four Seasons (Concerti Op.8 Nos.1-4) Spring (La Primavera) Op.8 No.1 E Major: Allegro,Baroque Festival Orchestra
0OByp7KKl2xQck11WtH8mo,The Four Seasons (Concerti Op.8 Nos.1-4) Spring (La Primavera) Op.8 No.1 E Major: Largo E Pianissimo Sempre,Baroque Festival Orchestra
7KWlq7X4wiycCnTZi4nEAH,The Four Seasons (Concerti Op.8 Nos.1-4) Spring (La Primavera) Op.8 No.1 E Major: Allegro,Baroque Festival Orchestra
0USK9GYk8n1FQg5rUTWadD,Winter (L'Inverno) Op.8 No.4 F Minor: Allegro Non Molto,Baroque Festival Orchestra
4UsLaffcP013Gy8SSSTAsq,No Wind Resistance SPED UP!,Kinneret
1P17dC1amhFzptugyAO7Il,Look What You Made Me Do,Taylor Swift
7jJVEUiHts4MRjW9S3nfLS,It Has To Be This Way - Platinum Mix - Instrumental,Jimmy Gnecco
65yNr1EO2TOBEYCz45tuOf,It Has To Be This Way - Platinum Mix,Jimmy Gnecco
3mgGkY1vFEwpEfwxMdVGKt,The Trip,Logistics
1NpW5kyvO4XrNJ3rnfcNy3,Wild Ones (feat. Sia),Flo Rida
7A1Heow9lN9CIuuJzJ6MDP,Money Mitch,Lil Uzi Vert
0Ux97Dqx5amaRrDvHbEfjm,Banned from TV,Lil Uzi Vert
0VYhxVxH9ijmdHUKsON9Bk,SideLine Watching (Hold Up),Lil Uzi Vert
3EWaR09H3TkRgaLTIheYFr,XO Tour Llif3,Lil Uzi Vert
63z7NQignNUAp6zWQVip4J,Belly,Lil Uzi Vert
5MUvVmyKD6bBY0XDeWZjJJ,You're Lost,Lil Uzi Vert
2YQLTpUSFCQo9FEe29YPYs,The Way Life Goes (feat. Oh Wonder),Lil Uzi Vert
2DynJ2cNsW35sTJCaRcb70,All My Chains,Lil Uzi Vert
2Wc5No77rhsfW2mB9LzXB3,Ronda (Winners),Lil Uzi Vert
2p2DLGuXtnLLClzpmKkyCx,Enemies,Lil Uzi Vert
6j0teRL3WdExzqmy334sh5,Seven Million (feat. Future),Lil Uzi Vert
0RyWaVjR8Mi4Qx9J3IiiqF,UnFazed (feat. The Weeknd),Lil Uzi Vert
1P7ycI8RxUZVErR2xCPqbA,Ballin,Lil Uzi Vert
6EFryfyWOobzFCBDB9qbrz,Safe House,Lil Uzi Vert
77nc8grWapJTpC7Evz2her,Diamonds All on My Wrist,Lil Uzi Vert
6e4uygu304YYNYAeISlPgO,Pretty Mami,Lil Uzi Vert
58lknB6kkfcDjMpCfx7rLH,Right Now,Lil Uzi Vert
6jeSBflg8OBRZJchEbKSlV,How to Talk,Lil Uzi Vert
7pudclCl5P99Me3P5F9hPC,Paradise,Lil Uzi Vert
4v1P7JCjehbg5TmLQo2mFy,7AM,Lil Uzi Vert
2QBxdLNImwEDJCzI0Yzeka,Yamborghini Dream (feat. Young Thug),Lil Uzi Vert
5wyrQLBbmKdxY6yLNdienj,I Can Drive,Lil Uzi Vert
2BUXjDhEuVLvEzFI6tabOF,Neon Guts (feat. Pharrell Williams),Lil Uzi Vert
53iTGmEL4uwHlqUvuKcrQe,Original Uzi (4 of Us),Lil Uzi Vert
2sO7QVPRKEPyY5RcG3N6Ic,Super Saiyan,Lil Uzi Vert
6nluwwQLiTI2ExXtWm81w6,BEAT MÁGICO QUE MEXE COM A SUA MENTE,DJ GUDOG
0CdsPg3aYYMaqeDXPI5vfv,The Tutututu Song Slowed,Ecasrev
4FKHewjV276Of5RMysRP2a,Tu Turu Tutu,Beowülf
7m2p3hAjPGlvIholah8Kl5,Amici,Massimo Pericolo
01hZHfulCY9K8o8UUd0iCK,Tutururu,Francesco Boccia
2fuXk4dsa3aeVdIsTohiy8,God-ish,Will Stetson
6OKUhXuJMvoVPde9fMJJzy,Tom's Diner,Suzanne Vega
0POCykOZolxsGMmymEn96V,Tom's Diner,Suzanne Vega
3r4bEoQAb7xHywXuHimCgc,miss the rage,Jeethz
6HJ34Zyw6bg8yGm28AxLXf,Look Alive (feat. Drake),BlocBoy JB
0euyZh7zSUmpNXVpVBdcN2,Candyland,Tobu
2OefIRh0t9dWPINQkdleDx,Outside,Roughronny
0U9jNoTJeTxXToakhsb7pV,Run Devil Run,Girls' Generation
2wYg9CDuRgBbDHCJCfEB5y,ミスターフィクサー,Sou
4wODMeGBAwLAmq0zSAb8Z3,WORLD END,FLOW
00VKR5XH5jid1AgUdFz4bs,Session,Linkin Park
6XIo5wBODGRWwFhifFKKT0,Foreword,Linkin Park
3UcEVEWewecoudSytBUy8O,Wake,Linkin Park
61mOrO1DrhMOMj8SKgoSSR,Give It To Me - Sped Up,FYLOW
6MxIazgQENgaa6StpFxGpu,Maybe if,BIBI
51bAYkcnw2WvMo4tps2txV,나비,BIBI
4GOuXgEtvG7LrCK4RQ0UaQ,Fly with me,BIBI
22PEPPzVLUGScVN5ocHQWv,비누 (Clean),BIBI
51C2Xp8avmQpLwJWqt3YJK,Witch Hunt,BIBI
0G7xOaJtStqoAEyLKNuRA3,The Weekend (with 347aidan) - Remix,88rising
0zPbUxvYRlCGwruakkXPLI,BAD SAD AND MAD,BIBI
2NBAwbspdemK8N2lerVXDz,Fedexx Girl (Feat. 창모),BIBI
5q3LwAHTqo9d3rET2EA9Nq,The Weekend,88rising
6vdaCnqy9kFo2CSD5lyU7f,Intro,BIBI
6AOrkcattITvqBk82oK2GG,Animal Farm,BIBI
4AHNi316rl3KI3hKIsdxZe,Restless,BIBI
1A2XnaNmVc3Vf4E8Emjeet,cute lil thug,YOON MIRAE
7nL9nTdhdC1FofPT6JUtG4,The letter,BIBI
4d79iPe88TzFewhFk2vrcy,Life is a Bi…,BIBI
6vq6B6ENjap5Ea1T4GkrFA,BIBI Vengeance,BIBI
0H1Y7wQrvpDhnyP4f38xpp,Sweet Sorrow of Mother,BIBI
0ra3bPUOj2YnY4FJHXtgHZ,BIBI Vengeance,BIBI
7k9rM0ZCWUn5Dg1t0vj0vi,WHY Y (Feat. Tiger JK),BIBI
4g6ZT8vgKNq4iyEbezr3yI,Animal Farm,BIBI
46PZVRCrguUqE8ymV2kvcB,"The Sign (From ""BIG PICTURE HOUSE"") - Instrumental",BIBI
2HoieslRjno48m3VcZcWB6,MotoSpeed 24,BIBI
245onUPHGD1DYuiacxTuW0,KAZINO,BIBI
1PSDpiTgnkxHc7GhKrHCaA,PADO,BIBI
79bPxEhPQsf8GfESbRtXMq,Galipette,Lolo Zouaï
4SpgVSezcM4CQKu2eeodhh,MotoSpeed 24,BIBI
71dXEYXl5IwX9EkHrrKj07,I'm good at goodbyes,BIBI
6ALGA17xX8al1VbOzt2bH6,NAAN (Instrumental),BIBI
7pWDe8ZTlJhviurwrCYU1c,Birthday Cake,BIBI
6Vfzo5jphOxgAxX6qMvd28,Timeless - Instrumental,BIBI
6gabKCONBTCv2n84TzKqU7,PIRI the dog,BIBI
4WEbWA7Fz8CgMWeeRZ0Ixy,Hangang,BIBI
1XVQu6SXMMEJ3nc9BOGhgk,The Weekend - MILLI Remix,88rising
2sYSm57KSNxOF9gz3qWLMX,Pretty Ting (Feat. 김승민),BIBI
2FmByq9VHuQ0N7A8KMmQCg,Loveholic's hangover (feat. Sam Kim),BIBI
4tQ5g4kE5ntyS6ByUnlE7T,Animal Farm,BIBI
2JsO5Qfw4liRPjj26HXR13,Animal Farm,BIBI
1MCRRGM8G6papoKnE7xtLN,Wet Nightmare,BIBI
2DZRWaI5NHK1RUQ9oJDVUx,"The Way You Look Tonight (From ""BIG PICTURE HOUSE"") - Instrumental",Jinho
6hSQ6iO8dTh0qcBQaF12qw,"The Way You Look Tonight (From ""BIG PICTURE HOUSE"")",Jinho
6RCjZ2RzpaviNrwGIRnNa4,City Love,BIBI
3KBW5JjB25ecFvfcC6acVr,"The Sign (From ""BIG PICTURE HOUSE"")",BIBI
2b9AClFYJJd5rHV7PzcRD1,"Very, Slowly (Inst.)",BIBI
5BgaMwhezsBb5JTUYeVLZ7,Give More Care Less,BIBI
4HTuOpF4smATh5XrlopZ8S,Long time ago,BIBI
0nkmvo78mFGGRab2BwK37i,Eat My Love,BIBI
2hP0BkoawxEbnT78BlcILq,JOTTO,BIBI
6s7KK3ktVQaLNjiIVxlmV2,Sweet Sorrow of Mother,BIBI
4qlke04GVBSYSWZfLyLyt4,Maybe if - Inst.,BIBI
7x5xZs5VbPxNsdmGAj6Hch,Galipette - BIBI Remix,Lolo Zouaï
2h9imc4qStQcury91sNou8,Lowlife Princess,BIBI
3fU8FWNIgHEOepLTidZWyq,Step?,BIBI
0lSJQip2wVidbu1JfZ4IEQ,비누,BIBI
0BPwEuU9qegqVSob1Ihm97,MotoSpeed 24,BIBI
1VUMGh78m27FPB1vXL9ipW,Umm… Life,BIBI
0UM7h0QxpkKqBA8t9EFFsH,Blade,BIBI
17g0gdR2VUf6HUE4v04gnM,Stay With Me,BIBI
0iWFz0Q5Qha9bx325ocFWq,Best Lover,88rising
5rcabn0aFeHitC5xtdEOem,Stay With Me - Instrumental,BIBI
4XCMEsPoPT6L8Xcc7h0Seh,Timeless,BIBI
5bhAoJiNO8a2FIgRE5ypxf,NAAN,BIBI
29wNMwCoKetR1EdruKR3I9,Dingo X BIBI - she got it,BIBI
4Kjx3n8ICwLswLFwmfcMJu,어쌔신 더 비기닝 - Payback,BLACK NINE
0y1YMGOYLLs4lOK1oArHJK,Three W's and One H,BIBI
052vSBPxqdmYRDlkSPiavc,Cry Baby,Melanie Martinez
2e4jB31WcGsxKL1ByqdZCq,Sippy Cup,Melanie Martinez
5nHTLEJ10zaqdnKqLriah4,Carousel,Melanie Martinez
3NDPcoeno6oasqi6Hs75Ax,Alphabet Boy,Melanie Martinez
3fo6DYGktjENCiagUeU9yH,Pity Party,Melanie Martinez
3u1FiuSpfsgVnekEMXgMwJ,"Tag, You're It",Melanie Martinez
5G9qKplB5e4lIpSncwKWVE,Milk and Cookies,Melanie Martinez
3K1tdhoeE6koNnWgAxEK9Y,Mrs. Potato Head,Melanie Martinez
5gWtkdgdyt5bZt9i6n3Kqd,Mad Hatter,Melanie Martinez
10Lu5P0waAD6jc9u9HycU0,Teddy Bear,Melanie Martinez
7rElK9aQ3IKPuqjjThwnLm,GHOST!,Kid Cudi
5a1ChasrKutw0MUpmGWo2w,REVOFEV,Kid Cudi
6p586xRu0OuyR1ftsTvFoz,Standing in the Rain (with Mark Ronson & Dan Auerbach),Action Bronson
658QJ4p8WcbT3O7iWLpO1D,Scary Garry,Kaito Shoma
0eCwAiq4qzQJJgQVaqUaCN,Swaggin' at the Partment,Ghostface Playa
6jdwbcH788txYS6Doy1F1j,Step Back!,1nonly
0Xjcrr9FPy3ZrNk5sPlndU,SATISFACTION,OXXXIDE
6XPPKm74soYRwfXT12ne0q,Break Off,NØCTRIS
733RnlYLskyvWMhhzs70sy,TOKYO DRIFT,PRXSXNT FXTURE
33sPNJZxIi4Qq9jy4rACPJ,BANKAI,DXNT L13
2KOR0FNI6I9OgSH0w59oCI,FIGHT CLUB,MoonDeity
34lfu3S4fIcKZRNXzbdbo7,Live Another Day,Kordhell
0V1nzshK4HW8wSI8q2Nymz,medusa!,MUPP
2ksyzVfU0WJoBpu8otr4pz,METAMORPHOSIS,INTERWORLD
3E5zESzHvuKD1D0VafZkTK,VOLTAGE,RECKLESS
3nNFFXnkU7mnkhieWyWqeV,Cursed,IMMORTAL PLAYA
45qj3PINIg4kjTVS7NOiUS,Intercooler,DJ Jacob
2OLtz8G0eZey7kLx96t5qr,Recovered Hate,shinki21
3BVXk0rqinhJaH2ZG4C4SG,NEAR2DIE,EL$E
5PiE202I2VI9gOxh7hwmOZ,616,reedleyreaper
5rqrAm4TyhnFLByPgN7JAl,FUCKSHIT,Mode$t0 Beats
6ZkIvOmemHVvwLqxzvdYvr,Disease,chipbagov
30WuMfEEz9hfYzqDVGsYq4,pain,treepside
49koCgN91HKGyBjYWwIQic,BREAKDOWN,MC ORSEN
4CWjKeJeSRyvS9LiX3Bfj4,massacre,Skidz
4bvMK3XIahoOheT0YXpIYf,Trunk - Slowed + Reverb,Phonk Killer
7C6OeOzOEA0jW8E6uuVgqs,Chase,KSLV Noh
3fZhguwLZwkgYP9G5XNnFY,Nightwing,mxnarch
5nvYmDXNwa6ZINW08V2e4I,MAXIMUM CARNAGE,Ya$h
1shLeiH2reRjEQUlJShoN6,HELLSIUM,OBSCUREMANE
01kTHp76rGti2G92XpAYjS,S.X.N.D. N.X.D.E.S.,BADTRIP MUSIC
6J75hMYB5CXzBi0j38v5CT,BLADE CHOICE,HIDEOUS MORBID
1uCTNzf4rPflVg3Sx9735O,Disaster (Slowed + Reverb),KSLV Noh
1oih2aaNLaFVR5diVNSJpz,War all Night,Demise.
20gIoeUhonNgKbncqgndzm,DIEAGAIN (SLOWED + REVERB),prodby668
4CDx4p07zibQCCQ8spXhH3,DEATHNOTE$,Ethan Ross
5ZKyj00XSlmEoKnDGH4JZa,Keraunos,PlayaPhonk
5Ae9EYHXQ8xcfZ7UixbCMY,Keraunos Killer,4WHEEL
3YGrBWldKKLYJZLHd8uQ8e,BONES - SLOWED,Dxrk ダーク
6NcPDcdLMUTJYuGSTVyeZH,SUPERCILIOUS,XZARKHAN
1HtCun9yHmmPnuI1ejXA7y,NO LEVERAGE,Lurk
3VMSSamIhJHNhcXpR6rq7n,SQUARE PHONK II,GREEN ORXNGE
5FX30idriKlEIRYTxpNf65,AVOID ME,KUTE
4T1G8crupaEsEa0EaBVcBW,Hueco Mundo,Eternal Raijin
6qyS9qBy0mEk3qYaH8mPss,Murder In My Mind,Kordhell
6SgTGVF28auhl3Bf1Ur5qY,GUNSHOT,SHADXWBXRN
5NjfBeZvlzlD2lpavDihGc,HOME INVASION,Antieveryone
0IpQButCn7w3VgqHOlDC8V,BASS UP,Manny Force
7918wu4kyZRnFOUqmR3d4R,Devotion,OGNEYAR
4tDAHUGBgj3vq4vuUTf2BV,TANDEM,7oh2
3Y7AlLapD7AYzmqS4CM5FR,Metal,Oh Gasm!
3QgP2CK0DriESuNW3MJPpe,MIDNIGHT SHIFT,Phonk Killer
0J9bKTPfm0ZYM1OA8L7XwR,Desecrate,IMMORTAL PLAYA
68DvHtP1MvZ1tKQpzaVWmk,Paradigma,MC ORSEN
65Jxg4W2ciiuwVGL5k7MN9,KOKUSHIBO,GXNRC
5Txeau6Fi96zS4THXUJ4w7,IMMACULATE,VISXGE
5eWhCWydXXHguwz33H7SA1,KERAUNOS KILLER - Speed Up,4WHEEL
0PGAJ37n4O2AslZosr1YGx,Disaster,KSLV Noh
1h0JqK19QmbSbAGovYNHjR,Eternal,chipbagov
2zGhawpDMjFe5nit77K66s,Valhalla,FORGOTTENAGE
7tiAzAhADWCEeDjXzsv34p,Raimus Street,BRVTHVMVNX
2e3xvV86cW5GWfqYwv45Sy,Night chase,Hensonn
7e5ckP8ozx5nrjsgD1aS9Q,Nine,GWRZTRMNR
2fsZylBmNjzbWitO5uFIK0,Override (Slowed + Reverb),KSLV Noh
3e0cGEHYWAG4RovgE5JnvO,EGO DEATH,Kill AZYN
5IIdigX1eCRWaZO7Usggbm,Live Another Day - Slowed + Reverb,Kordhell
08WG4y9AF7Eqggzl0ahLne,SEPPUKU,LYFE4M
0ARK753YaiJbpLUk7z5yIM,Dilemma,Nelly
6ucR4KfvsBFWCMVFDvyKKl,Apologize,Timbaland
5Q1ZLGCZ4WksRCgt6ayBWi,Case 19 (feat. $NOT),Jasiah
2hTx8adLNJBwhLsavI1Xvr,Techno Syndrome (Mortal Kombat),The Immortals
70OkogQFdbKotGlMKEMGXB,Stadium Rave,Spongebob Squarepants
1ZBqJilDGBVYktvlCEo9jC,Obstacle 1,Interpol
3jlbL2OTD5YmIunYzgQTAN,Live Your Life,T.I.
5wey8irPoJiNqpYViPvxvC,IMMORTAL,PlayaPhonk
2IfhcF9NnpoBBdbdmAifx0,Paranoid Playas,KXLLYXU
36SVjI8Jn6G01DIOjMuXVP,MYSTERIOUS,KSLV Noh
0KYvs7DKC7Cl5IHmwpP13f,Override,KSLV Noh
2ISfZ6F3gjHu3edhQke8N2,MTG MALDIÇÃO ETERNA 1.0,DJ GLK
6yzDgOc9gruRxmaaiVsBy1,Omega,Hensonn
6ogNyil9DuvZmKjE8hKri5,Wig Split,Kordhell
0Ie03HLDig6yPyrurZthb6,Blade,RAKITYANSKIY
7FvEHBBJykJGJBZrSzvOmP,Lunatic,KSLV Noh
1Y5MJnYsIi3Qlifvss4jPI,Twilight,GRAVECHILL
2dyeWlhqtGsDW7VpUroZwo,Perfect,Capoxxo
4dI5XjW8CrH81a18EKV28p,A.I. With The Braids,The Game
3tFvYOueoldmqtpZRRLtqK,Celestia,Exodia
7yK4N3PQyJY4mkEMGv9qEU,Insane In The Membrane - Sound-A-Like As Made Famous By: Cypress Hill,Studio Group
6tUcFEXos6TGhESFlkAyCm,Bury the Light,Casey Edwards
2tpKLAG7ATOoUMJrQ2VQVY,SWAG LIKE OHIO PT. 2 (feat. Lil B),Trippie Redd
077qEEBwExEVb7FY7s22QW,Da Biggest Bird,Saint Mercat∅r
4GeI4mX7t69m1L05SdVXzp,YESTERDAY,4TUNAT
4hMSGWH5x5QBGCnOrCV4Jt,I Can't Sleep 1,Sienna Sleep
4lH5L59hPQGr05aJyb2Q2E,GO (feat. Juice WRLD),The Kid LAROI
0kblCEAPaGts6OMiUeJ6wj,KNIGHT CRAWLER (feat. Juice WRLD),Trippie Redd
3M8FIuzgZLDAi61ahzUjL1,Wings (feat. sped up nightcore) - Sped Up Version,Birdy
0LjEbr8ytcyex9LDjr6zkE,WINGS OF FIRE,MAKO
5O8x1YlmLQopQHErxtDfi9,UnFazed (feat. The Weeknd),Lil Uzi Vert
2TmqHjg7uhizGndzXQdFuf,Be Nice 2 Me,Bladee
5nCg0pD9BpWouChvS8eMSO,Tuff,Jaah SLT
7lgvU7WnwcNZ8dbGUz8yhP,Bitch Please II,Eminem
03tqyYWC9Um2ZqU0ZN849H,No Hands (feat. Roscoe Dash & Wale),Waka Flocka Flame
7CANLm0IDBePWhS8RhXlbt,You're My Angel - Hardstyle Remix,Stratisphere
01V6K40AZcyCVdCiEOYk9V,BOW,MFS
6lPwyAupqyDCOBHUUuJJNI,Tokyo Drift,Xavier Wulf
5UeiQnD9gmqk0lKEPZFMnM,Money,Mindless Self Indulgence
21L7M6ZcctTnkxA2wiNwpt,Issues,Mindless Self Indulgence
1QupPBshfmenhuN2Uy6TRJ,Bomb This Track,Mindless Self Indulgence
6bkW8IyX8LtwRTZOxUW4DB,Mark David Chapmen,Mindless Self Indulgence
3nM1EJJ80pJGiG32WFfJxc,Never Wanted To Dance,Mindless Self Indulgence
3uBblL8W2980aqc4N52kmA,Evening Wear,Mindless Self Indulgence
0YKPrW5i0gcJ9e5GNSAQti,Lights Out,Mindless Self Indulgence
2JbBt7EID9Azxi9q15VRnO,Prescription,Mindless Self Indulgence
1Fbqr1IBdkyoxoP9E1cQYI,Get It Up,Mindless Self Indulgence
2WVk0Nc2zecX8c1TIRl08r,Revenge,Mindless Self Indulgence
4HaHiqLZxFYEptpFdwN90Y,Animal,Mindless Self Indulgence
1OzBgu7EIcab8wxnpWB9Qu,Mastermind,Mindless Self Indulgence
51oedvMhXyQbwn5DrXpbZ1,On It,Mindless Self Indulgence
4QpcdusuZTdgG1BFNIB8u7,Pay For It,Mindless Self Indulgence
4c6gceS55MEjEXz4FI0yet,Due,Mindless Self Indulgence
6HksxcBzMVdT17aq1Q79Xe,My Friends,Red Hot Chili Peppers
29zRKUVmgWz2kHQntGeXhm,Hai Domo,Cao White
1N8TTK1Uoy7UvQNUazfUt5,SPIT IN MY FACE!,ThxSoMch
5KTKq3BrXttaTT7P0RQbQF,Jungle,Re-Logic
39JofJHEtg8I4fSyo7Imft,B.O.T.A. (Baddest Of Them All) - Edit,Eliza Rose
3BrjDL7NEUuvwGOhG10O0e,Mystique,Tevvez
4y0bx3TIbkpd6IKfN0yrLC,Princess Diana,Ice Spice
1xsYj84j7hUDDnTTerGWlH,Dream On,Aerosmith
20v5X5P8guUGTQQ1EAWys4,Lifestyle,Homixide Gang
0GOQeE4W4wKybv3xlta26G,4ware,deadmau5
3yk7PJnryiJ8mAPqsrujzf,Location,Playboi Carti
1vux5TJpXtc7tbjA1YODpp,Capo,NLE Choppa
1AslaQYl1cMb1ItQKmtJer,Never Fade Away,SAMURAI
08Lj7DfUAk3HgaOIA8QxMK,825 hp,Exodia
6etwirSInfuJrSOlogS6Sh,American Boy,Estelle
0puf9yIluy9W0vpMEUoAnN,Bang Bang,Jessie J
0y0Y3zRApSPsohnnUTrbgl,ascend.mp3,mimofr
1t4F79zRBJTwZAzmbO1LI0,"Scottish Fantasy for Violin and Orchestra, Op. 46: I. Introduction: Grave, Adagio cantabile",Max Bruch
6HknRM996YMa7VSBFYlnPJ,"Sibelius: Finlandia, Op. 26",Jean Sibelius
52GmHO5DikTIKc3yBmTTT1,"Symphony No. 8 in B Minor, D. 759 ""Unfinished"": I. Allegro moderato",Franz Schubert
3VQ7hwiEfaHDl3AySgyaiR,"Peer Gynt, Op. 23: Act II, 7, In the Hall of the Mountain King",Edvard Grieg
1upQiytDIEZfl9ItruoXuC,"Handel / Orch. Hale: Keyboard Suite No. 4 in D Minor, HWV 437: III. Sarabande",George Frideric Handel
3QqPgzOcv9titKufFR0gsQ,"Piano Concerto No. 3 in C, Op. 26: 1. Andante - Allegro",Sergei Prokofiev
3Hcn3NlLeDU4uQf0qJaaMt,"The Hebrides, Op. 26 (Fingal's Cave)",Felix Mendelssohn
419qlOGNXoyICx4jO0hqaj,"Rhapsody on a Theme of Paganini, Op. 43: Variation No. 18 Andante cantabile",Sergei Rachmaninoff
0XSRBlP49MgzBCYtGK2NYE,"Symphony No. 3 in C Minor, Op. 78 ""Organ Symphony"": IIb. Maestoso - Più allegro - Molto allegro",Camille Saint-Saëns
2Z4aQJh0kesRMookvtfR4y,"Piano Concerto in A Minor, Op. 16: I. Allegro molto moderato",Edvard Grieg
246ntJR3A2s7B5E40FTCLf,Hummel: Trumpet Concerto In E Flat - Iii Rondo,Johann Nepomuk Hummel
4wudbbceOZKjRlhTtbHvAs,Spiegel im Spiegel - Version for Violin and Piano,Arvo Pärt
4rrrn8OLrttq7r9RgNXalU,"Piano Concerto No. 2 in C Minor, Op. 18: 2. Adagio sostenuto",Sergei Rachmaninoff
0XfFRLi9G87t57kqZAzeef,Méditation from Thaïs,Jules Massenet
2fC30Rt5tFa6FA2jNb4fiz,"Symphony No. 40 in G Minor, K. 550: I. Molto allegro",Wolfgang Amadeus Mozart
3GecLjGMqzjmgkvy2v41Wf,"Ständchen in D Minor (After Schubert), S. 560",Franz Liszt
3nxaPqAOxUxkLhIhbvmv4t,Violin Concerto BWV 1042 in E Major: Violin Concerto BWV 1042 in E Major: I. Allegro,Johann Sebastian Bach
5Zf5prtvv7KRQ1J6kNn4C6,"Serenade in B-Flat Major, K. 361 ""Gran Partita"": III. Adagio",Wolfgang Amadeus Mozart
3POuw6qjxYxsySeGC3my1c,"Serse, HWV 40: Ombra mai fù",George Frideric Handel
0yzhOPf0iw2qWwcXRRta5L,Rhapsody in Blue,George Gershwin
7kTVe6XhIveidvkt8nb7jK,3 Gymnopédies: No. 1 Lent et douloureux,Erik Satie
4KNRyYkqFE3uyWoE3t4q6L,"Concerto for 2 Mandolins, Strings and Continuo in G Major, RV. 532: III. Allegro",Antonio Vivaldi
4VVEfBXep7FdOt524jkfLF,"Young Birches, Op. 128, No. 2",Amy Beach
3GOzfR7NcMpZ7wJov6WJ0P,"Orfeo ed Euridice, Wq. 30, Act II: Dance of the Blessed Spirits. Andante - Melody - Da capo",Christoph Willibald Gluck
27mgDrExPa3obPAYXd3yQg,Square Dance,Eminem
5hFAlBxrGnrQBWjTRZbbgF,Party Party (Give It to Me),By YAZZY
6DfcCK3nYr7Fxl2af3iqRB,EMPIRE,(G)I-DLE
21aIsunB7PfZI0vlIoaJPh,Bonnie & Clyde,YUQI
5m8wiO2ySMpCtYSwHatWQr,AS IF IT’S YOUR LAST - Japanese Version,BLACKPINK
0UAXp00Z2MKHnrFJCvcK7b,สุดปัง,MILLI
13KR2yNRDrbKwR3dOKCDl4,SO BAD,STAYC
5r0cOO77xkM5jjHk67Z2Lt,"Baby, I'm Jealous (feat. Doja Cat)",Bebe Rexha
6poVmpGU3y3jj1Z9xbbbH4,"Weapon (With Newnion, FLOOR) (Prod.Czaer)",ITZY
5MwfxCtqMFGYp9Nc1BkTrS,Wow Thing,SEULGI
1iNvVaWmlKJns2LNTXN39Q,aenergy,aespa
5bMHrigI1EAmZdiyRzKoQi,ICONIC,aespa
5ht9obvnnWeW4eoRtPAoQD,Fact (feat. Lil Uzi Vert),Ghostluvme
2pIUpMhHL6L9Z5lnKxJJr9,Attention,NewJeans
6muZX5CGZhpvXOUuaIqZAs,Crystals - Sped Up,Isolate.exe
3pD0f7hSJg2XdQ6udw5Tey,What Goes Around.../...Comes Around (Interlude),Justin Timberlake
2sduRP2wX0dG7waoyGPOGf,Animal Rights,deadmau5
3FUBAPKKO6OHkl2fexm0yn,Malo Tebya - Pxlish Beatz Remix,Pxlish Beatz
30XU4suKzCeoCK9YFzdufg,Born This Way,Lady Gaga
2ZNwRNCTBJpugIMNYVfDC8,Wake The Warrior,DROELOE
1WmfF6nVosL51rKZ12ECJJ,Base After Base,DJVI
373gDROnujxNTFa1FojYIl,Lost,Linkin Park
2oHsYkh2Vc9OXRyLXLUinC,Big City Life,Mattafix
4yzDNpEa75MSTypGg7tCAx,Princess Diana,Ice Spice
0oTGWu0AVRjs5RXh1LQWW5,Mariana,The Royston Club
5rvSPYxUGL3Bu8BWtLj5Yw,Stay,Rihanna
04xEHIAK4MsI7ZSN1hSDQN,HOPE NOT - JP Ver.,BLACKPINK
78Sw5GDo6AlGwTwanjXbGh,Here With Me,d4vd
2XPmTamsj7d9i3gzLCL4JI,Redecorate,Twenty One Pilots
5BQrp63SHCVf4bzCzJePne,Don't Cry (feat. XXXTENTACION),Lil Wayne
230wNo1dnexltKYQbsW7oD,772 Love,YNW Melly
0UKzG4fJ1LXf6DInew5vcV,Mercury: Retrograde,Ghostemane
4sisFklZd79LrAR58XZgxb,2 Hot 4 U,Fat Nick
1nQwi9UGdNeN1FyzGE7jDt,JOAN OF ARC,Night Lovell
5cc9Zbfp9u10sfJeKZ3h16,3005,Childish Gambino
4RVbK6cV0VqWdpCDcx3hiT,Reborn,KIDS SEE GHOSTS
1OWGLpptXlHLw1yibeHiHa,SHINE,Aminé
3Wx98ijEDnsxyMYePCuFNI,Dreamin Of The Past (feat. Kanye West),Pusha T
35r28RDot7nPE7y9K9H7l0,Feeling Whitney,Post Malone
3cJjqvXbFwiWgnuWgoyhPM,Dark Red,Steve Lacy
6IPwKM3fUUzlElbvKw2sKl,we fell in love in october,girl in red
5CM4UuQ9Gnd6K2YyKGPMoK,Bad Habit,Steve Lacy
0AcicReEGm1qcENjqzh1Tg,Love Scars 3,Trippie Redd
6QFQqqYye5lAcnhCALvxKJ,My Flaws Burn Through My Skin Like Demonic Flames from Hell,$uicideboy$
2Yr2BzqNDpIh0YQcnFqM09,VOICES (feat. XXXTENTACION),Skye
0kzU8HwnaAA5Gs1awfNWIx,Missed Calls,Mackned
6GivWRmlYtefJr28jev6e0,Leray,Trippie Redd
56eSclzdXaWU5jOJ7DX7Vp,Silver Soul,Beach House
285hMzLhJwHVLe9QT9qilk,Breakeven,The Script
4OmfWzukSVD140NiAIEjem,Static,Steve Lacy
4G92yYrUs0cvY7G41YRI0z,Jealous,Labrinth
5vwXQUwkpmnkJrfv69L6Mp,In My Head,Bedroom
2LBqCSwhJGcFQeTHMVGwy3,Die For You,The Weeknd
3Z0qLOS0cqWKPHXkbTXmNF,Gilded Lily,Cults
7yNK27ZTpHew0c55VvIJgm,Dark Fantasy,Kanye West
1o0kWPueYo94LIjPYOE5Nf,Saint Pablo,Kanye West
53jnnqFSRGMDB9ADrNriCA,Bloody Mary,Lady Gaga
7dstLFiyNkxcLJVj8q76Ch,bloody mary (lady gaga) - sped up version,sped up viral
4yrdTx61xR97aEi6qsyFbT,Really (Reggae Version) [Live],BLACKPINK
1fLlRApgzxWweF1JTf8yM5,Given Up,Linkin Park
7J8D1BVioYBaKFUnDAHTak,Another Way Out,Hollywood Undead
41QtT8n6Sfu1wFEUKLya8L,Drink - Dirty,Lil Jon
3JEJwjqLkg2Jbau5922CAb,Her Way,PARTYNEXTDOOR
0rHiRgHNGE0cxmhSJXyt3h,Gout,Joeyy
0a4MMyCrzT0En247IhqZbD,Hype Boy,NewJeans
0coYKmyElOE5kcR3XpL6bK,Windows Down,GR4VESTXNE
37Mt2Q51DTLYjNGlv3aVok,EGO DEATH,Kill AZYN
1jlgJyJQtkHpWxvcPtq3If,That Man Is,TRVKKA
1iowxNw6OpmhIzcPer5lg1,PARADIGMA - REMIX,MC ORSEN
6HHeDaw7X8UI6Ci17mPZ20,DESTRUCTION,MC ORSEN
3zkyus0njMCL6phZmNNEeN,LET GO,Central Cee
5Av4jZOAbtY8STz7KPsNDB,Break My Heart Myself (feat. YEJI & RYUJIN of ITZY),Bebe Rexha
3UjGudrhckjEQjKHLR3p5G,Break My Heart Myself (feat. Travis Barker),Bebe Rexha
65FftemJ1DbbZ45DUfHJXE,OMG,NewJeans
5lN7UtvhpwEHzifSjKw3z2,Woah (feat. D3Mstreet),KRYPTO9095
5Ti3fqGTfjUsSdylFNy0Ng,Tomboy,Destiny Rogers
2Hh3ETdQKrmSI3QS0hme7g,Too Many Nights (feat. Don Toliver & with Future),Metro Boomin
221qmpQeBNV87sUjQeUTVH,Around Me (feat. Don Toliver),Metro Boomin
0YrKSfpvflYnLSBd4Jtu6J,Time Today,Moneybagg Yo
0HrWshW3SuFJ6nKS9ba9Mh,Vette Motors,YoungBoy Never Broke Again
0jBJIQuToUUOEx7JJkiPzm,How I Move (feat. Lil Baby),Flipp Dinero
03i4lR6ZZo0214WhmrE8t9,Hold On,Lil Tjay
5gcsJvWzuPMeJBQYdiO0RS,Step 1 (with Offset),SleazyWorld Go
12CNybio0Bxean3F3uYugU,No L's,Smino
1tkipCYkIgti8f1tqjfcWe,Ambition For Cash,Key Glock
3grVoZ10bm2jUGpo7BxpuF,DEAD RIGHT NOW,Lil Nas X
6dUfUi14QkuIpGA0GFFPyC,Supersonic - 2014 Remaster,Oasis
0XgQbY9WvAbIQRfVWzRPBK,Back homë,Yeat
62A4XU17hmUbaHu4s2gIqq,Shhhh,Yeat
2VT3E35HDDCvvxcLGQpVWS,Watch,Yeat
1cByP16xx3Bikp74r1TW5f,Hëavyweight,Yeat
4GuX5ljyn8IrA1snk3GZwx,sold my soul for this song,neevah
0k4KB6Wv2Rg0xrtbaBg0c9,leave,neevah
74kIeM49uIA7G5dH6paxUX,witchcraft,neevah
2vj18lzxjh4GyY8eVFiXAV,WORLDS,neevah
7BeWNdJIAc50JIEDpbaObW,vanessa,neevah
3xZKJKxpkzm9Zgc1AyRmAb,fairmount st,neevah
0iaWAjuJz5f5SfRsKMUMlc,rot,neevah
2Sy9I341oa5h0NE5U9QEQm,ddmlt,neevah
557hXetU8MYDAMoclI9V5k,"lie, use, die",neevah
2PWkI4oeiF5Zdzs4uvfi94,stupid fuck,neevah
4agaZwSQZq5OFau4LHdYVV,underurskin,neevah
1fle9hw3sX1vqbkxHUAvPH,used to it,neevah
3fVo8Zs8E8t145V48jfyQZ,FC2RR99,neevah
4cNIG9RPciHjndac0qNdKI,angel of death,neevah
5iMb4ayRUXy9H1BXYtZixo,night five,neevah
2QHwJhP5Es2KDngYidrAlA,gutsy is online (bonus),neevah
4KQVDpXEbyWgV6rprTfbeQ,pesticides,neevah
3eWfTbkWK5hEKDTxAdChHt,SCP-191,neevah
0TlSYNhQX9uJT87Zb6C9MB,so this is what judas meant,neevah
3eh0BpKApIwLu6838d2wOr,seven minutes in heaven,neevah
466Kh7cIoXZyRRzeMCOdaI,do vampires bleed?,neevah
7jVdf8hoQ75L9Iu7FJK6oU,show n' tell,neevah
6fkuMZji1i7XPm6pFuTsVi,the fool,neevah
1nDMqQrmv0LktTjPPoKLBe,dream journal,neevah
1YduvRRDJDIxo9UhnAzZAj,ex-bestfriend,neevah
1T7n1T5teUw02XlkWM3O46,raccoon city,neevah
69yInrb9igdaAnPrVx5js5,shadow walker,neevah
156v3hJ22h3s5b8lcBp3m5,city 17,neevah
4Wpj2gbf2VZ8BaizDP64T5,keep ur distance,neevah
1oRX7SpblRUNUtyZxz1Hfc,mangled.,neevah
4Z4ijBgIJLYdmNaRwgAkNa,mistfit,neevah
5GWXPIH25bc126aCvsPGKw,samsung soulja,neevah
1ZfB0Pe0OBKYjUPCVfX2JI,oh sophia,neevah
0jOLBtVmp7UswVJ5diyMAn,*gtsy hit the ground too hard*,neevah
64yrDBpcdwEdNY9loyEGbX,21 Guns,Green Day
0MQwUum4SBWIHjV87xjLd8,i play roblox cuz im depressed...,neevah
1sZBzYhrQG40zcSuKkI93c,Good Parts (when the quality is bad but I am),LE SSERAFIM
0JosgxxZKZ87QbW5TISJDE,The Hydra,LE SSERAFIM
7F0MuIk5glqtowCUjbn9es,Impurities,LE SSERAFIM
21ApmVGIzIAIDSBdHu6SVt,No Celestial,LE SSERAFIM
5XO1SOADQxkdqGLFxX8rLN,The Great Mermaid,LE SSERAFIM
3ovYlDqMHyuTssHN6XkM1C,FEARLESS - Japanese ver.,LE SSERAFIM
6FnZShD1O17bZa9emuXLXh,Blue Flame - Japanese ver.,LE SSERAFIM
0THn1agoZT9wJXkITUz6dJ,Choices,LE SSERAFIM
4Rrv9oNClBhzKRfKwdkg99,The World Is My Oyster,LE SSERAFIM
60ggb7NB66ztsfLsIqfbtn,Choices,LE SSERAFIM
3sR8JLZH6aCgPN3XwHh2FU,FEARLESS - Japanese ver.,LE SSERAFIM
44LVgFZvUcBYo98vy71tvd,Gravity,Coldplay
6Z4oCaL8tQBGQRUJRh2Gua,Earth,K-391
2VnMIUBC3Bj7SIcjCqfPx0,It's The Hard-Knock Life,Quvenzhané Wallis
16x9bQHw8TBNaGDyULvwad,before I close my eyes,XXXTENTACION
5wxYxygyHpbgv0EXZuqb9V,on the street (with J. Cole),j-hope
3v5o91PrUtf0nmO6j8J7dZ,LEFT RIGHT,XG
1MKmSbQfJpEVnC3XfGywyF,Tippy Toes,XG
4OelNEcxPGoCOU29fchcsv,MASCARA,XG
3IelG5zYpWWCZIH4cqWlPV,SHOOTING STAR,XG
0XkmeG97T4mtYlWRJcrxec,Party Girl (Remix),StaySolidRocky
37F0uwRSrdzkBiuj0D5UHI,Reminder,The Weeknd
0zO8ctW0UiuOefR87OeJOZ,Collard Greens,ScHoolboy Q
1vaPIvWNuGj8Sc123PBJep,Until I Found You - Cover,ROSEÉ
3912lxLhe5pgqJafrqrxK8,BIBI Vengeance (feat. Baby Tate & with Princesa Alba) - Remix,BIBI
0sAv2ry3uIXVsid0rrIYsE,AQUAFINA,Kai Angel
3LoQ369GaVow2mNvwvZ01r,Aquafina,ULEF
6AXuPSx2bo9Nu6J3GuTox1,uf-af,LOLIWZ
2tNbFlfFD1VI87csNeFQ6t,shqshq,Sqwore
33OCMBzyKH1hOz6QikVZbx,Холодное оружие,Sqwore
0aKXiOFEmprIpNXf8NhGXn,Аквариум,Sqwore
7vfWiNojqSxwOgcRR4hVo5,Спать,17 SEVENTEEN
2ntMdOsTvndzY4vQzkSigb,Watch This - ARIZONATEARS Pluggnb Remix,Lil Uzi Vert
1jKlRcH7X78ps1yKBTWyUV,Lucid Dreams (feat. Lil Uzi Vert) - Remix,Juice WRLD
0HTIrbUwwFn984RzVZm5Fk,Yale,Ken Carson
4CYTQpr2jc4uBScYvpEK2w,Beno!,Playboi Carti
15JRvf02KKGHKgC31jrpuh,Meh,Playboi Carti
7ejepEh5DJ79YI6owGRfkk,New N3on,Playboi Carti
78YTl0P96kBCBXUSzKoqAm,Control,Playboi Carti
5fSZXFOZfPVW9gvnnG4ZVW,Punk Monk,Playboi Carti
3dl8bSF08LQfCf4T6CCksf,On That Time,Playboi Carti
08dz3ygXyFur6bL7Au8u8J,Over,Playboi Carti
7rbalRuIx7sIXFHYTphE0n,Die4Guy,Playboi Carti
1eMNW1HQjF1dbb4GtnmpaX,Slay3r,Playboi Carti
4rO5zu1AX5VILmhJ6kV1ia,Cycles,DJVI
3szFx3SyWFpRbehaPxpyqq,Expectations,Anne-Marie
5ckaFWaVWVfIcPFYfofmzH,Tanisha (Pump That),Rae Sremmurd
7ueBYEucI2uiUabusZD8MD,The Benny Hill Show,The Edwin Davids Jazz Band
6AQbmUe0Qwf5PZnt4HmTXv,Boy's a liar Pt. 2,PinkPantheress
5CGS4UovzA7ftCJkLVXQju,I Love Kanye,Kanye West
432hUIl3ISDeytYW5XBQ5h,Wolves,Kanye West
7FADpmBJVWay6aHy8q34oa,Highscore,Panda Eyes
7K0ga2R3IgiwDOZlk9SC9n,Rips in Jeans,Niko B
1cdqNRXIRrvT4HnApj6yw6,if looks could kill,Destroy Lonely
1GEBsLDvJGw7kviySRI6GX,You Belong With Me,Taylor Swift
6NG2IIXZfC5Notpz0GIODU,The Ketchup Song (Aserejé) - Spanish Version,Las Ketchup
4RsqpFi9rvEfjtMywsOYkQ,Bikini Bottom,Ice Spice
5sQkXj2ERas3focP7c6UoH,Surreal,Macky Gee
1DRLIUG8HFTBfJOFYaByZn,FORMATIONS,Mild Minds
4kbz7rHVbyjKasuuqelccQ,White Flag,Dido
4Q05V5rx4Uo2298kyAXvqM,Bad bënd / DëMON,Yeat
648BMGrt98kUbLo24A4vgj,Hip To Be Square,Huey Lewis & The News
4jTiyLlOJVJj3mCr7yfPQD,This Could Be Us,Rae Sremmurd
2buuesSQNcXtvL0XBwGav5,Lilly,IDK
3eyVqOBSMKAfSRlg4uc6fg,Julia . . .,IDK
4NcSvEsaO2h2wACFo2SwoL,Alone,IDK
1LeMY3gLPfsQk308ysdMeN,European Skies,IDK
33vNP0my9ObFUJx9HCDNY1,I Do Me . . . You Do You,IDK
3yPgont5aSisIrGuqpUsmh,Cloud Blu,IDK
5yl7WSp3mot0nepMQvfVi3,42 Hundred Choices,IDK
3pX767GK22EHwYEYLNEuoo,24,IDK
192boLjFXYWZ0ADjtvhaJT,Porno,IDK
4WBVbltx3dWKBKB646nPmu,Michael What TF,IDK
1o6x7iRcDQPEEg8YPgLeVA,Day in the Life,Central Cee
4yEQ7UjulB6DjYfH5XDcQ6,Beggin - Drill Remix,Young Stat
1XyL3J7eTTKnxRZAM3LqIT,Beggin (original version),Madcon
300keaFAtWc1P09EQjxtXH,beggin youuu,GIJIN
6AydOIHQXuE1WyUDynbr5T,Leave Me in the Field,Young Cheddah
12bM0JJGDjlPblI5m42ziS,IN THE FIELD,Thouxanbanfauni
6UAX8E8fyrxigvJZRo01J3,Hitrun Session,Krome
2Jl46mSIIfFCQfYVYUTyfB,HitRun Session,Jdogg
3U5JVgI2x4rDyHGObzJfNf,Unwritten,Natasha Bedingfield
0JXXNGljqupsJaZsgSbMZV,Sure Thing,Miguel
6149wOhItvVX0zoa1KK5hw,"ラスト・クリスマス 〜 赤鼻のトナカイ - BLACKPINK ARENA TOUR 2018 ""SPECIAL FINAL IN KYOCERA DOME OSAKA""",BLACKPINK
559SdaPI7mqy9IQiscuaMj,Sure Thing - Sped Up,Miguel
08v6GcxD4gF8aZ1yuPry0A,Love From The Other Side,Fall Out Boy
0Rw35DKIumkbbMC7XPOn5r,Heartbreak Feels So Good,Fall Out Boy
1rKRVRXykfmOga4BM9h53E,My Songs Know What You Did In The Dark (Light Em Up),Fall Out Boy
0KpuroGrGdzkSVFXQK510i,Uma Thurman,Fall Out Boy
5gfzBDXhZgGBmfEDRAbbvi,Favorite Record - Remix,Fall Out Boy
27LdcKt7akmHzSW4d2vpwI,American Beauty/American Psycho - Remix,Fall Out Boy
6myPy86FHUBJsFi7RAWp5Y,Sending Postcards From a Plane Crash (Wish You Were Here),Fall Out Boy
6HJzCcSMggn7Ultxs48dAe,Nobody Puts Baby In The Corner,Fall Out Boy
0h5tb8J4Q9LBbegXrHPvVs,"What A Catch, Donnie",Fall Out Boy
0EwfAdBab8DRcDCC1RKhMY,Fame < Infamy,Fall Out Boy
5fmNZC36nZNq5jDcoECtj7,Saturday,Fall Out Boy
6T3kHlJAwEZwfzy0q3K86c,"Sugar, We're Goin Down",Fall Out Boy
0duHXG9iQP2NZsJACpbFZv,Nobody Puts Baby In The Corner,Fall Out Boy
648b848TFWWIIhusas61F7,"""The Take Over, The Breaks Over""",Fall Out Boy
6vhMbQJnxSw1fMgVHRnAOm,"Dance, Dance - The Lindbergh Palace Remix",Fall Out Boy
7vK6evQLbEbgcioaZe65f9,Thriller - Live From Hammersmith Palais,Fall Out Boy
2G11MU4SMMHlA8rme5N7kd,Young Volcanoes - Commentary,Fall Out Boy
3ni6qGsTnioh5vlpYdj9A5,Get Busy Living Or Get Busy Dying (Do Your Part To Save The Scene And Stop Going To Shows),Fall Out Boy
0OUQhRKgGSb0PPrLUuEQka,Church,Fall Out Boy
78A2FZKzGtkaIIlov5te9S,"Champagne For My Real Friends, Real Pain For My Sham Friends",Fall Out Boy
0BozrTkc5NMxWlnYoMNQLv,Just One Yesterday - Commentary,Fall Out Boy
2AvvNWqNbmDK9ipr2jsHbz,Thnks fr th Mmrs - Live At The Cricket Pavillion /2007,Fall Out Boy
7lUkWJ4tBAovjDibEtcVt7,"A Little Less Sixteen Candles, A Little More ""Touch Me""",Fall Out Boy
0goLTsTWQhZKJNSzF12I2Y,I've Got A Dark Alley And A Bad Idea That Says You Should Shut Your Mouth (Summer Song),Fall Out Boy
3P8zrkBArAfdjFJxPtZRUO,Chicago Is So Two Years Ago,Fall Out Boy
63qgyQv5K7EgD4DiwoqeQ0,20 Dollar Nose Bleed,Fall Out Boy
5obII1Sa9rPpPGXkYT53RO,Grand Theft Autumn / Where Is Your Boy - Live At The Cricket Pavillion /2007,Fall Out Boy
3rBO0a30kWk85iYAV8K5as,City In A Garden,Fall Out Boy
525Wc5pBnvEZmfr1mXWv4R,Thriller - Live At The Cricket Pavillion /2007,Fall Out Boy
7d0R90VzB45UWf3Aey0X22,Jet Pack Blues,Fall Out Boy
3koOoLN69AAiw5JCQNaZMe,The Pros and Cons of Breathing,Fall Out Boy
4TPDbirM5UZqygPgwLp4v2,w.a.m.s.,Fall Out Boy
02WfKxLdKIHi5grvCiY2cs,Grand Theft Autumn / Where Is Your Boy - Acoustic,Fall Out Boy
2GAPteUTKLdb2B8FM6U39l,The Last Of The Real Ones,Fall Out Boy
3GNmBNTZJfe7JJloWTVhr4,Love From The Other Side,Fall Out Boy
5blRMrvo9dIAs6nKS0Z6V4,My Songs Know What You Did In The Dark (Light Em Up) - Commentary,Fall Out Boy
3W2QpAKv3zRnwtiQtFyNPF,Champion,Fall Out Boy
07JMDWTredDiRtqWbeZcL4,HOLD ME TIGHT OR DON’T - VALNTN Remix,Fall Out Boy
0ij3jsLcJ08IFBnMTZwmNE,American Made,Fall Out Boy
5935qbjUXUmA0I139yFvfB,Disloyal Order Of Water Buffaloes,Fall Out Boy
3Nca5js9xKegX655YZ43Uq,I Wanna Dance With Somebody (Who Loves Me) - Recorded at Spotify Studios NYC,Fall Out Boy
13NRQMlHrN1HqO7O1Pz25C,Caffeine Cold,Fall Out Boy
3UYlFg8KQXEBgR58RgqfZP,Beat It - Studio Version,Fall Out Boy
4HsgxsHOq8EsJ2dJd3wbmt,"This Ain't A Scene, It's An Arms Race",Fall Out Boy
0INAgsMJSIwCcWTgIuyaMY,The Last Of The Real Ones (Remix) [feat. MadeinTYO & bülow],Fall Out Boy
5lKI9qLSJkWWJ6USwMu6jF,Bishops Knife Trick,Fall Out Boy
3IcGfl8jVOapoWGRV9QP3u,"A Little Less Sixteen Candles, A Little More ""Touch Me""",Fall Out Boy
5dKUzaGktsp52mUNL4RImi,Death Valley - Commentary,Fall Out Boy
3D4Xkcir5YEhk8Xidkd1dL,American Beauty/American Psycho,Fall Out Boy
73A0DxzMGDhVGsvHQSaaBq,Our Lawyer Made Us Change The Name Of This Song So We Wouldn't Get Sued,Fall Out Boy
4BzJMmoljvNE16i9NN8nO1,Beat It - Live At The Cricket Pavillion /2007,Fall Out Boy
4eQKDjhoCoQ8ACKvls8sfV,HOLD ME TIGHT OR DON’T - Recorded at Spotify Studios NYC,Fall Out Boy
0BIzDMGOblVrdoXQFmzdbV,Snitches And Talkers Get Stitches And Walkers,Fall Out Boy
2WWP0IPX9xFjAMraNHX390,Twin Skeleton's (Hotel In NYC),Fall Out Boy
4lN5YgMQNBANIKWSl6G54k,Heaven’s Gate,Fall Out Boy
64CB5Vaexl0pcWuO6Yyco6,"You're Crashing, But You're No Wave",Fall Out Boy
6uq4CjBN51iCkbwrqc2xsU,America's Suitehearts,Fall Out Boy
1zOZo1N4sb6XaJ3cv1QiGC,We Were Doomed From The Start (The King Is Dead),Fall Out Boy
2hA6TtD1CAVPKY09dbOmPH,"A Little Less Sixteen Candles, A Little More ""Touch Me"" - Live At The Cricket Pavillion /2007",Fall Out Boy
4rNOFJdwQq0ulVDKOF447L,The Mighty Fall,Fall Out Boy
4lteuubnwiJzNnq30gki01,7 Minutes In Heaven (Atavan Halen),Fall Out Boy
2CjDWwBM3lAv3IwUkQ4qi3,"This Ain't A Scene, It's An Arms Race - Live From Hammersmith Palais",Fall Out Boy
3liDoBAc3NGI8tmWUTOAed,Bob Dylan,Fall Out Boy
4vC4nKK6bk9pYEVOU4EIbA,Favorite Record,Fall Out Boy
6OxJmjdzeYP5EdnnP8vMnH,XO,Fall Out Boy
4304kbwhzhb8A3n6wl27Kg,Of All The Gin Joints In All The World,Fall Out Boy
2erNwv0Yti7uirpIU8wbvv,7 Minutes In Heaven (Atavan Halen),Fall Out Boy
3rS2J6Qvv0PLfmwPepzFSQ,"Champagne For My Real Friends, Real Pain For My Sham Friends",Fall Out Boy
5ADxB7q9elLz77VKMeYWFt,Stayin Out All Night - Boys of Zummer Remix,Wiz Khalifa
30hgb9AYMMhf8STOa7kD3G,Our Lawyer Made Us Change The Name Of This Song So We Wouldn't Get Sued - Live At The Cricket Pavillion /2007,Fall Out Boy
1V8I9lCbXUkmhQqrZlt0VR,I'm Like A Lawyer With The Way I'm Always Trying To Get You Off (Me & You) - Live At The Cricket Pavillion /2007,Fall Out Boy
5sIweazpg4JYBjyxABUx9y,Homesick at Space Camp,Fall Out Boy
1XqiB54KW2wHvPDSjVYWSB,Alone Together,Fall Out Boy
423FiDerFgzeEcqKEOmZ81,Saturday,Fall Out Boy
1vrjcPplEuenckUzGGp2UR,Fourth Of July,Fall Out Boy
2B1Gf0DIwqPErHjeLGhoYP,Nobody Puts Baby in the Corner,Fall Out Boy
0hfByzDRgR10HDLqm89lA9,Stay Frosty Royal Milk Tea,Fall Out Boy
5omMBlLFlij7JODNabtVDV,Thnks fr th Mmrs - Live At The Cricket Pavillion /2007,Fall Out Boy
3FUqEL34xwN4mF9pvsabfe,I Don't Care,Fall Out Boy
4BK2hCEYwRPEyaydTMnGxQ,"It's Not a Side Effect of the Cocaine, I Am Thinking It Must Be Love",Fall Out Boy
599uvz3hIe66Md7Hfk2NOI,Of All The Gin Joints In All The World,Fall Out Boy
4z3kBx5gG2Cc48xQ0yy7eX,Jet Pack Blues - Remix,Fall Out Boy
298iDRyDz6nscweqxCvXbJ,Immortals - Remix,Fall Out Boy
5F0bmCjKUufNz1bHXfgRwe,Novocaine,Fall Out Boy
3MZaCGdiJmxpvdNpSCS63p,The Kids Aren't Alright - Remix,Fall Out Boy
3rG8ZkmKHb4Ms6CsSzEITv,"""The Take Over, The Breaks Over""",Fall Out Boy
1Ho66qbcEziNWD0u6jhJiv,The Music Or The Misery,Fall Out Boy
4Zz4iusX6TnaxeEMwd17vH,"Hot To The Touch, Cold On The Inside",Fall Out Boy
5ybUdN3DmQL8T3eqg4XjmQ,"This Ain't A Scene, It's An Arms Race",Fall Out Boy
3Q7jFW6nxqhwbUctqqthSa,Where Did The Party Go,Fall Out Boy
78QivlATTLEV1vaUPBTGlt,Alpha Dog,Fall Out Boy
07goh57AE19v987J8tUHIt,Love Will Tear Us Apart,Fall Out Boy
77rqJFo1Sa7hmqczrkvZeM,Beat It - Live At The Cricket Pavillion /2007,Fall Out Boy
4pXqUELqAFyjlU2vx3BHRR,Miss Missing You,Fall Out Boy
0lpGgWNB8la669nENipFZU,Alone Together - Commentary,Fall Out Boy
4GKQVC6SImVOlYabUNLBtD,"Dance, Dance",Fall Out Boy
0JHXrhEpPNEte9MxivbTOO,"""The Take Over, The Breaks Over"" - Live At The Cricket Pavillion /2007",Fall Out Boy
0UvVZwaKrd4JRXS03D59p0,Lake Effect Kid,Fall Out Boy
07kBp5VuebubsozpQd3nyK,Thriller,Fall Out Boy
0BCPKOYdS2jbQ8iyB56Zns,Clocks,Coldplay
29e4KOBzZDOX6qnpYbjwoW,Disaster,KSLV Noh
78HDKVFdIpxf68pSbJ3QoV,Neva 2 Much - Slowed + Reverb,FLXMINGO
7xDnoxJBBNt6zW6RDlLkUe,MALDIÇÃO ETERNA 1.0,MAGO DA DZ7
2bZLxGYMlqzBftZ2c6SbI5,Glock Cock,Ghostface Playa
0GzG5PBqTgQP3mdtX6w7dV,SKYWARS NOBA,KaznidKox
3xkA8ENdlyrjmMWMGXQwGN,Circus Music,The Hit Crew
02OV79P8Xm7DWTYeILxQ31,Razor Bones,Kaito Shoma
3F8ydJz1se1vIxZTRcRjIJ,PRINCE OF DARKNESS,SHADXWBXRN
3yII7UwgLF6K5zW3xad3MP,22 (Taylor's Version),Taylor Swift
4cooG0Q7qW3imlrTa6zbqN,The Abyss,Simply
0qMZXgcLfkl5RI3q50KHMH,Dumbest Girl Alive,100 gecs
1IdZvb2XK8NmsovQlV6CPn,Be Yourself,Frank Ocean
2qtoRFCOEL1gRn5q9DJC7F,Solo (Reprise),Frank Ocean
17yrCsl1Ai6CZLBmGj6d6p,Pretty Sweet,Frank Ocean
73D5hBkiVZkopZrmBZTBWf,Facebook Story,Frank Ocean
1BViPjTT585XAhkUUrkts0,Seigfried,Frank Ocean
34xTFwjPQ1dC6uJmleno7x,Godspeed,Frank Ocean
5k8LB57xOq8UUNVaKWSqrf,Futura Free,Frank Ocean
4R67rQNSbbsR4TdUVOIdez,ESCAPE PLAN,Travis Scott
7I6DceMT3utDOHjcYCbrr4,Don't Matter,Akon
7pgyUoR3pibJuQrQFQyPBf,Out Of My Brain,XQC
433P7tDcIAi6NLnf4Sh6tI,Still Here,Drake
6wPMapHawG4uns1R3vHzUG,Walking with Elephants,Ten Walls
6ZRy3d9ydl5yTrS0ieyamX,Wake The Warrior,DROELOE
4RC8ob2ZttuGOXBvTsGWNM,"Relax, Take It Easy",MIKA
0vLxMyI85TR1aPDyz647rF,Bitch Better Have My Money,Rihanna
6j5BK1cFX9TjJd5EXHGgAn,The Light,Juice WRLD
0Ut7NNgAIlY9RGeXIvNfXF,Enemy Brain,Fox Stevenson
7CUkeiG7QtB7tPU9f8SANS,hand crushed by a mallet,100 gecs
3VHiIVQe8Sc6gtSsTp3pDz,ringtone,100 gecs
2ZdCrBA52bb4pIG3tOOZiQ,Dark Queen,Lil Uzi Vert
0yMsapRVmKnHgGNMpys8vY,Next Up (feat. Lil Uzi Vert & Gucci Mane),Pooh Shiesty
1NIKh13e4HXZHpxsSinThq,GLOCK IN MY PURSE,Lil Uzi Vert
14nAQy3fHVzDb7LKxpS7Ld,Pretty Mami,Lil Uzi Vert
7yOoJXW6wkpzlJpfjDKhIV,She Never Been To Pluto,Future
5yA56fi6FgOPPj7oKFssPA,HITTIN MY SHOULDER,Lil Uzi Vert
1Si44I1mrFkOWlL6u9ynr6,"Go Off (with Lil Uzi Vert, Quavo & Travis Scott)",Lil Uzi Vert
76MjtLfZoTNc3BDqUVjuRH,Patek,Future
7uNYvOF7IvXhqjNtdY9Xr2,HITTIN MY SHOULDER,Lil Uzi Vert
5qk0TivMEVkujTu7xJLKu7,Off Dat,Future
3h1LpNOGh1NgKVQPetS2Ed,Bankroll,Future
2O1qYJTA2BI5ypFFqEZhh4,Early 20 Rager,Lil Uzi Vert
1P9JOrLMizchG5imSTQqrI,Teenage Dream 2 (with Lil Uzi Vert),Kidd G
5iHaOaMTQA3f24kD4oTR2x,Moment of Clarity,Future
7dRqOmV1p7fW7QIVYb4fBU,F.F.,Lil Uzi Vert
6w5PmU92ByeU4QTk63Vn9e,ISSA HIT,Lil Uzi Vert
6GK5du9ndZ7ZwMBrTRTGMH,Plastic,Future
60mcyQCSVEqWxrO6V2vtjj,Show U Off (feat. Lil Uzi Vert),Lud Foe
49KSMJh4teJp40VNJeueja,BADASS (with Lil Uzi Vert),ZillaKami
2V2URIj73ZFksArTldfkRW,Sauce It Up,Lil Uzi Vert
1rP5gAqMlm8d6UnfseuzSm,Real Baby Pluto,Future
5tRmoZRoupvMYPV1oezFrH,X,Lil Uzi Vert
5VKG8ary0JW6iKemhmznzS,Grown Man,Marshmello
1o844wI52S3TjXGBwvGcc7,Hold On Tight,aespa
0bC7GKnxh9W9JIvJ6HVWxc,FLOWER,JISOO
7e4OpsQwklauQSXlBvM5WD,All Eyes On Me,JISOO
3e4t0zTcXMloTvdQgDUYnB,Free Game,DJ Drama
6ZljdfrT25eK1VQndSu0BZ,"We Dem Boyz Remix (feat. Rick Ross, ScHoolboy Q & Nas)",Wiz Khalifa
45tpWQU1cFExkTPgF5CvZU,We Dem Boyz,Chinx
1K3bIfb4x9f3wFa4qf8Cg7,EmoGPT,XQC
4ZTJg1dnfr2hkFG8LAi3sQ,Feel Love,Darren Styles
3oeewidKD4nsh3MkawPbrH,Cure For Love,Ellie Goulding
4HwClUHxzTmCgKkfUFPfxU,Play Poker Remix - Remix,SEBii
5JLv62qFIS1DR3zGEcApRt,Wide Awake,Katy Perry
3Kw7zkALCVxY4wmlnh2IWC,Cupid - Twin Ver.,FIFTY FIFTY
7ixVW7RobslvMrvlzHYLha,Cheshire,ITZY
0FA4wrjDJvJTTU8AepZTup,Watch This - ARIZONATEARS Pluggnb Remix,Lil Uzi Vert
4ZUNw5tDBZTOqzPEVIYyOy,V12 (feat. Lil Uzi Vert),iann dior
3RKjTYlQrtLXCq5ncswBPp,"Hey, Mickey!",Baby Tate
33MpATo5CCG2ennj6LAlYq,Speedom (Wwc2),Tech N9ne
1auoJLiKloBvob2KsS3hwy,Crucify Me (feat. Lights),Bring Me The Horizon
3cT09liXzaEgrZaZKosCJO,"Fifteen Fathoms, Counting",Bring Me The Horizon
1UGD3lW3tDmgZfAVDh6w7r,Devil In A New Dress,Kanye West
37nYSBS0MfRCm913QwCCYo,On tha linë,Yeat
0V4l4GQhgnWQGtCWpvA7va,Crew Love,Drake
5LMoKDVzW2kDneNu2UbspP,Zero,NewJeans
2LEF1A8DOZ9wRYikWgVlZ8,Good Feeling,Flo Rida
2hmJ9MgHSpp985yWcQIyNf,Levels - Radio Edit,Avicii
58k32my5lKofeZRtIvBDg9,HONEST,Baby Keem
7zLYKWcXnYeHHWidalz7rj,Noticed,Lil Mosey
62l3NSQPUxvcwwzKUmysrE,Bad Man (Smooth Criminal),Polo G
5GATXDLSUb1JEjVLXpYb8i,Golden Dust,A.L.I.S.O.N
2P77278raE7NzPsYq3RF8o,Evolve,Hotel Pools
2xbIB8namqQMtWw6FZ26VB,Before the Night,Home
5fjSqOiXqXHg7FYZazffD5,Subtract,A.L.I.S.O.N
5XYXJvn2LFjrW5kiDrrF73,Radio Talk,Francci
7qLgqQ5lhUjpS6QUYPeawW,Amethyst Plane,plazmic
1LfqEWk634suVfTQnFHatY,Shine,A.L.I.S.O.N
2MMUGOqJXwSWEY9yGYl8D2,Slow Drip,De Lorra
2XF8GkEDel8S4qnIHIggZa,third planet,EVANS
1Zz00tnUReSpvswEgC29D7,Passenger,A.L.I.S.O.N
4MTC7Wm18QJW80TsPSvLVB,Echo Chambers,A.L.I.S.O.N
4Wzd5oqsk4qh3xbotnK9Rx,Coast,Hotel Pools
39GNrhMrtompGnn05genwA,Allude,Voyage
5DuOpdkYdEYlsWBqzRIPHO,The Groove,Alpha Room
2BtaCcUXy6zHcsnL5Tde8S,Resonance,Home
0RPpPQ3i8yrKl4Mmm9SCpc,Endless Reflexions,A.L.I.S.O.N
3pKVTiMmJY0cEV5iDfYkBI,Axolotl,C418
6XeZna9NRNjUZDVHg3zB7v,Sun,憂鬱
2UXBaSfQaWoIXgcyPSubWg,Genèse,A.L.I.S.O.N
1uIJBynsT9MjiNNOQZO4tT,Flood,Home
7qRW8tDkPc2M8gMSQ2OXDH,Ambervision,Memorex Memories
45yh21FflEjFqei06JeAhS,Tin Man,Memorex Memories
7Mxta0UJ3uQm1dC0v4HbMV,Solo,Hotel Pools
2IjmKaX5mt8SxgEH2QYlqA,Test Pilot,Space Sailors
3KgO8jUbgOW0cuu6Dvc9ZU,Ethereal,oDDling
6DFPmKhh4HgImRczt7GF15,Aquatique,A.L.I.S.O.N
3bqFOhXLDIlWuHMBK1ggy6,Pictures of Purple Skies,Memorex Memories
2vIk75cdCouH41VerW8Pj6,If I'm Wrong,Home
2UF7mjZQGvZbdw2vpyJpQ0,Dejitaru Glow,A.L.I.S.O.N
3PCATRC52B2jcW06EHSWPg,Rise,Unfound
606gfW659CW05XqPe1Cobl,Blue Loop,Stiig
6f2sj1Jv7x4E1DdEFiV5m3,Polaris,Downtown Binary
6IG0l6YxP6USB779L95A3U,Dreamlight,Unfound
1uPgXM9EoySFF0RBaYV2zI,Distance,Hotel Pools
3qjUQIjNE7PCmqFpjRQzX7,Satin Ocean,Saint Seduce
2WqWP5YqgP0N1tQCdgzQ76,Void,oDDling
2SPk0dUsyoOpaVoWCcCm0J,Upward,Overcrest
6YmfTC01o4s4fTzxyJBaLv,Dernière Ride,A.L.I.S.O.N
2gzz0E2ZtafQEbM1C6LtIm,Enter,Voyage
4WYFBTlu1PLqHxknqmHTkU,Explore,A.L.I.S.O.N
5GZjhisi7vzZqPfcbxeskC,Aura,Voyage
2d6YOmbSZmbQOdsxj78tCZ,Lunar,Space Sailors
3StiiRAMKJLLmU7EhfuGbO,Radio Silence,Zane Alexander
4nQWhotmcrNRfOuu8EfmjF,Paradise,Voyage
3ZRndyxzTrRRxfxgm5a05A,Slow,憂鬱
3hzdiGH3DoaezXmMwwaTp5,Without a Sound,Home
7uIg1CDZUcWkl5NRQBBnQf,Ascend,oDDling
5a8ri85TzDpoHiSZRNPJwR,Dream Head,HOME
0JNMVSLIVHY3TDIn76sXvl,Miss The Rage - Cover Version,Jeethz
3aQem4jVGdhtg116TmJnHz,What’s Next,Drake
05h9GSPBiWS3OXuDgv88ew,ННД,azzz
62gUWquPwjhPmg74unfGBT,The Comedown,Bring Me The Horizon
0PUn0VCjteKUJL7JfC2452,"No Need For Introductions, I've Read About Girls Like You On The Backs Of Toilet Doors",Bring Me The Horizon
1JGhCrOUIPdYG2n6K26SXE,Sleep With One Eye Open,Bring Me The Horizon
7aRCf5cLOFN1U7kvtChY1G,Search & Rescue,Drake
5mg3VB3Qh7jcR5kAAC4DSV,Cupid,FIFTY FIFTY
7FbrGaHYVDmfr7KoLIZnQ7,Cupid - Twin Ver.,FIFTY FIFTY
326gmVcPBol8ymL91HPNIc,Back on Track,DJVI
1G7wqLzQQ3tveTYHcO5uVN,sAy sOMETHINg,Lil Yachty
7jKKBxGeE5Dhkr6VwE1LT3,Mistakes,Used
2rH9k1593FkzLn5quXWGRx,Let's All Love Lain,TOKYOPILL
1SOTqkhpIWoLX1AS9Y2RpU,"Coconut Mall (From ""Mario Kart Wii"")",Arcade Player
6COsFwxCkIpXBYw4iiVWH4,On the Run,Timecop1983
3ATCwz1JzAOGbOlS2MX7QS,Moscow Calling,Gorky Park
2rrq3SGYxk90xLx5fMmPhZ,I Must Apologise,PinkPantheress
2EAq5Zi8RFC61SAzzBAJhG,Sipping on Apple Juice,Constera
3BJe4B8zGnqEdQPMvfVjuS,Summertime Sadness,Lana Del Rey
4Kz4RdRCceaA9VgTqBhBfa,The Motto,Drake
0vOkmmJEtjuFZDzrQSFzEE,Hit Me With Your Best Shot,Pat Benatar
2VEZx7NWsZ1D0eJ4uv5Fym,Digital Love,Daft Punk
4U8IZAO3KnRf4uUlKtoAAJ,Zayed Al Wafa (Extended Version),Ahmed Bukhatir
6HfOzLLjsaXsehIFEsrxTk,Trophies,Young Money
4jtyUzZm9WLc2AdaJ1dso7,0 To 100 / The Catch Up,Drake
4ZYAU4A2YBtlNdqOUtc7T2,Red Ruby Da Sleeze,Nicki Minaj
2S5NuP68ckFRvC0qMd7dVR,Beauty And A Beat,Justin Bieber
0CrcwVLUe8wzLUIXgjXVZJ,Kill Bill (feat. Doja Cat),SZA
7CpXFEjLntpr4GdOhTtFEv,"One Mic, One Gun",Nas
6Z1Q31m2SQt7uLfyqce6ot,To Brazil!,Vengaboys
6luBKkFUt5wTwz7hpLhp12,drive ME crazy!,Lil Yachty
1rydhdFtKe2CRkiaVb7aGF,the BLACK seminole.,Lil Yachty
1EoHEkVcysf4WVDx6r9WzQ,Over,Drake
6oofvZ4K8vBHnCT1oKERcd,i walk this earth all by myself,EKKSTACY
364dI1bYnvamSnBJ8JcNzN,Intentions,Justin Bieber
5tE3p4vIwoqUZLkKF2PNeB,Interstellar- Main Theme,Geek Music
5MhmWd49Sq5fvVNhP6cpLn,Out Of My Brain AI,kochanie!
3Ua0m0YmEjrMi9XErKcNiR,Like Crazy,Jimin
3E7ZwUMJFqpsDOJzEkBrQ7,Can't Get You out of My Head,Kylie Minogue
7nc7mlSdWYeFom84zZ8Wr8,Tell Em,Cochise
4Ox97hNeJSWFCZ8vp76vog,No Lie,2 Chainz
4HEevHV7V3J3R0hNOE3SdP,Not A Friend,Sorn
5addyZDQMgnj1vDkMYZAyA,RUN,Sorn
4iyUlZK4DRn2OLdKlFmdvD,Nirvana Girl,Sorn
4cHo8XS9nZwqQUPrGt50zA,Scorpio,Sorn
5kooLfotmf7TThjWPUm0JJ,Sharp Objects,Sorn
41fuNlLeayZwPlWYsl4S4C,Save Me,Sorn
5nW4z3pfZgJAJ2QTCz9AIE,A&W,Lana Del Rey
1wtOxkiel43cVs0Yux5Q4h,Snow On The Beach (feat. Lana Del Rey),Taylor Swift
2hgWvfPUCoIlvWxvHZgrvj,Juice (Freestyle),wowee
0oigSejhoNen2EdNAIFcm5,Hollywood Baby,100 gecs
52Zr0sinhWTCRrQhRRY4EP,Dragostea din tei,O-Zone
2qyhy9ndo8tTGMzXeHTisR,So High,Doja Cat
4wqzOaLxiCRy2Et8tRyNSX,The Thrill,Wiz Khalifa
1odExI7RdWc4BT515LTAwj,Daylight,David Kushner
5iu3rl4feYeRgR1DW0ydNU,Miserable Man,David Kushner
0c8K5IUrmVlieC0Fc0d8tV,Mr. Forgettable,David Kushner
5xoYormSTltk6F9SlQV6mm,Mirror,Kendrick Lamar
7roKDmJDOzkpfGpUQJ5EnL,Business Is Business (Lil Baby & Gunna),Lil Baby
1M2tNdddYKDn0m2G1waOYJ,"HONEY, I SEE YOU",Mashonda
0AluA5RNsa4Cx6XRhf2hWZ,10 Freaky Girls (with 21 Savage),Metro Boomin
4jDmJ51x1o9NZB5Nxxc7gY,Careless Whisper,George Michael
3drdWsJKiVCSQ2gKhd9BDT,Savior,Kendrick Lamar
73Z2ZIL6IJPTAQyLZK5C5V,Sparta,Ten Walls
4NgherJDfCXWBZBYheM4jK,WASTE,KXLLSWXTCH
4AD2dterIUjNt1LFNI9Bvi,He's a Pirate,Klaus Badelt
33LFIMKizfQaC2RFeYLQXw,Mockingbird - Remix,E1 (3x3)
410ZZP746AQeiywhKvXWCo,SORRY NOT SORRY,"Tyler, The Creator"
3MZGszylNMcgLz4ZfM6dHd,DDU-DU-DDU-DU,BLACKPINK
2wmYDj7JwiZOc8EwtRU72N,STAY (Remix Version) [Live],BLACKPINK
2IbQ5hQVrzg4e6bNruEqOs,PLAYING WITH FIRE - Japanese Version,BLACKPINK
2UVbBKQOdFAekPTRsnkzcf,Stir Fry,Migos
36ux3YuUsGTWPT8fXclS45,E.T.,Katy Perry
7LGWmZaoS7jZJ5tEi9EcDi,HAD ENOUGH (feat. Quavo & Offset),Don Toliver
24bnCCysWnbNRNUT4LpHcP,Everything We Need,Kanye West
42H7zXATS1GpuFGawmNKqU,Italo Disco,southstar
3v0x0ScI9wcUlPZIdfRETf,Yes Sir,Chief Keef
6ls5ulRydoPE7oWGPGBqFA,Lonely,Akon
4GXl8l1MfZPf2GvpyRPJBf,pick up the phone,Young Thug
2aPTvyE09vUCRwVvj0I8WK,Sundress,A$AP Rocky
5x9VzjchhXQfDBZcnO5xPM,"STAY - BLACKPINK ARENA TOUR 2018 ""SPECIAL FINAL IN KYOCERA DOME OSAKA""",BLACKPINK
5NzsuVrkbi7nRsmZR8WYDK,BOOMBAYAH (Live),BLACKPINK
4MTzEtZG2iinE0ulL3pyup,Pretty Savage,BLACKPINK
6RQm1foz7qduRVaCQBZdzf,See U Later (Live),BLACKPINK
614TWJTbiXsJCPxMpnKi0L,PLAYING WITH FIRE - JP Ver./ BLACKPINK 2019-2020 WORLD TOUR IN YOUR AREA -TOKYO DOME-,BLACKPINK
1JgkiUg9mSXSwcb5Gbi4Ur,Lean 4 Real (feat. Skepta),Playboi Carti
6xhblLundMJAiG9jF7nlxs,Versace,Migos
1WIZiOuNO3woKfdlSK2gNn,Transportin',Kodak Black
4VMRsbfZzd3SfQtaJ1Wpwi,Double Fantasy (with Future),The Weeknd
0oJRiblEiQgTg2hRfnacIt,Shoong! (feat. LISA of BLACKPINK),TAEYANG
2kimLa9Di1xK5MpZSxJhRy,Mysëlf,Yeat
30OIJyrfeGDXmaBlQX3rX1,Split - OG intro,Yeat sped up
2R7xKsStJ9hNeZKoD9W5Nv,Up & Down,The Chainsmokers
20K2hZ4xjfoSKoQ8adBkk8,I'm Sorry,Mokita
3dNEnD700nYq0TY0w6AJjs,i don't wanna know - acoustic,GOLDHOUSE
076fiVqIV6HxaKOZNjDXmm,Scared Of Us - Extended Mix,Scorz
6yUs9h47yq1TLCuFNhtzyY,Dreamer - Stripped Down,Mokita
0uBedwYT9OUwVo8dCEkVOD,Monopoly - IZII Remix,Mokita
2KYrnYsIr860tAo0uP6kCb,Move,347aidan
1idfjJnQQQS7Fii8dCbown,Don't Go /:,347aidan
77ms3KtLzapktOdGZcNEK9,Red Sun In The Sky,Gippeul
7oLKoGzQVwjZ91AzCn560T,PAINTING PICTURES,Superstar Pride
0uQyd5wdO55Xj1UH4bT9CL,GOLDEN AGE - Extended,Max Coveri
1ms5tNNdPouTtcD2oVF9Oz,"Work Hard, Play Hard",Wiz Khalifa
2Grb4G6t9VIqo6moKUloom,Don't Come Out The House (with 21 Savage),Metro Boomin
4S4Mfvv03M1cHgIOJcbUCL,In My Room,Frank Ocean
4AO1XhrgJczQ9bNVxdfKQe,WHAT TO DO? (feat. Don Toliver),JACKBOYS
1gUb1hrN9RlqGi4lwyjDYb,THE TOP - Extended,KEN BLAST
1BuZAIO8WZpavWVbbq3Lci,Powerglide (feat. Juicy J) - From SR3MM,Rae Sremmurd
2jxAjrgyJbabAQoyrd98iP,PLAYING WITH FIRE,BLACKPINK
6b5xktkZLF96lv5HrFucu4,"PLAYING WITH FIRE - BLACKPINK ARENA TOUR 2018 ""SPECIAL FINAL IN KYOCERA DOME OSAKA""",BLACKPINK
5IKRga8drUYZ5IqON5xXbx,REALLY - JP Ver./ BLACKPINK 2019-2020 WORLD TOUR IN YOUR AREA -TOKYO DOME-,BLACKPINK
7pt16OMGqeqivEeI1PzkfC,STAY - Remix / JP Ver./ BLACKPINK 2019-2020 WORLD TOUR IN YOUR AREA -TOKYO DOME-,BLACKPINK
1PMXpTPJfh3ViK8PMZ9ZnY,DDU-DU DDU-DU,BLACKPINK
6gzR5GdZTevJT8OWW0NeGa,Kill This Love,BLACKPINK
6HHbjSWWGh6j9JcmLZ41Py,KICK IT - JP Ver.,BLACKPINK
4ioOuBakOUKAdSpm9E46kP,SOLO (Live),BLACKPINK
06WghRVH4Yyvu4mtDJ0bfU,SEE U LATER - JP Ver./ BLACKPINK 2019-2020 WORLD TOUR IN YOUR AREA -TOKYO DOME-,BLACKPINK
2ERO7JFeaRMIdlEn9JTryn,DDU-DU DDU-DU - Remix JP Ver.,BLACKPINK
58gwQRB2sJ5EwKEntGR0MA,BOOMBAYAH - Japanese Version,BLACKPINK
3VrjgpzoorLGYfaOXaOXOT,How You Like That - JP Ver.,BLACKPINK
06Ai7l5EODiJQ6dMFfh2Vj,PLAYING WITH FIRE (Live),BLACKPINK
6GRwto16rPuypVyb2Z5rLh,How You Like That,BLACKPINK
7LT5HRxYa3QGKibJfdhDh6,As If It's Your Last,BLACKPINK
3iC3qlIi0KqATuA86pRGcZ,WHISTLE - JP Ver./ BLACKPINK 2019-2020 WORLD TOUR IN YOUR AREA -TOKYO DOME-,BLACKPINK
2jjh53eV2QVGIRjGTawheD,WHISTLE - Acoustic Ver. Japanese Version,BLACKPINK
1b8L7w2aOmmaZ1BbWJurZZ,STAY (Live),BLACKPINK
7Iv6YcXoLNhTPYhHqtyNUy,"LET IT BE〜 YOU&I〜 ONLY LOOK AT ME / ROSÉ - BLACKPINK ARENA TOUR 2018 ""SPECIAL FINAL IN KYOCERA DOME OSAKA""",BLACKPINK
5eMbkNvdn4VbUQaJmqyalo,As If It's Your Last (Live),BLACKPINK
1uK64bAOSKhKFTUwrF2r2p,"BOOMBAYAH - BLACKPINK ARENA TOUR 2018 ""SPECIAL FINAL IN KYOCERA DOME OSAKA""",BLACKPINK
38eKmp6QjELXKgLh0pePfG,DON'T KNOW WHAT TO DO - JP Ver.,BLACKPINK
6PDvHZDWtGSVr8LXN3stsH,"DDU-DU DDU-DU - BLACKPINK ARENA TOUR 2018 ""SPECIAL FINAL IN KYOCERA DOME OSAKA""",BLACKPINK
4sB4UCnEu6UVC0dWtCqUAT,"AS IF IT’S YOUR LAST - BLACKPINK ARENA TOUR 2018 ""SPECIAL FINAL IN KYOCERA DOME OSAKA""",BLACKPINK
4UEcgapaOf3Y1azxXPDjz1,WHISTLE (Live),BLACKPINK
1hPIpoUwxbXBp5fGMSDcXx,AS IF IT’S YOUR LAST - JP Ver./ BLACKPINK 2019-2020 WORLD TOUR IN YOUR AREA -TOKYO DOME-,BLACKPINK
5S7by1wwGii36WAs4sBjzc,"SOLO - BLACKPINK ARENA TOUR 2018 ""SPECIAL FINAL IN KYOCERA DOME OSAKA""",JENNIE
56oGoEjA9eTZYgsttEFKY3,The Thrill,Wiz Khalifa
0gZ6hv8Am0HBXx4gYqKSOs,I Don’t Wanna Know,LEE CHAE YEON
6QdnKD1zwEgyOWtkrdzlOF,Hurt You,The Weeknd
2dHHgzDwk4BJdRwy9uXhTO,Creepin' (with The Weeknd & 21 Savage),Metro Boomin
6ArK3RtQGmvDV63sUnPHRN,your favorite dress,Lil Peep
6qVqWJxIpsabUKBILG7d6N,Welcome To MY World (feat. nævis),aespa
2R9998qWII0jEgDaFaKXj2,More Than Ever,CHASETHEMONEY
78JKJfKsqgeBDBF58gv1SF,Hands on the Wheel (feat. Asap Rocky),ScHoolboy Q
5pbud4qOUqxWBNOdUWL5Rx,Yalla Ya Shabab,Ragheb Alama
1EaKU4dMbesXXd3BrLCtYG,ELEMENT.,Kendrick Lamar
7GRTrWsP3yo2Fx8umJfA1X,Freeee (Ghost Town Pt. 2),KIDS SEE GHOSTS
3KyKxJ4P3pVCgaZwaq2rUC,Gasoline,The Weeknd
0WxUDoU2wo8JG62Dz3Lpol,Paid the Price,TheCosmicLad
2doammtCiLQMD8LXIKl4OE,Princess Diana,Ice Spice
3gahizdt1kEi5ovjCn6eql,SOLVED THE PROBLEM,Comethazine
4kdKKsPHWsyNrvFsZrcg52,Meet the Woo,Pop Smoke
2JGsTyLC4gLCWXVmvUn5Wi,The World Is My Oyster (2023 Ver.),LE SSERAFIM
4K8jDTlNhZWEdnzZVGRMtN,FEARLESS (2023 Ver.),LE SSERAFIM
0bMoNdAnxNR0OuQbGDovrr,ANTIFRAGILE,LE SSERAFIM
3NJ5Ksj7LNbvfNgEtl3o6Z,Burn the Bridge,LE SSERAFIM
7mYwDmbbp8UPLlnRjTJ54X,Impurities,LE SSERAFIM
51vRumtqbkNW9wrKfESwfu,UNFORGIVEN (feat. Nile Rodgers),LE SSERAFIM
6DSGb5CmwHX4pvclq8HUU1,No-Return (Into the unknown),LE SSERAFIM
4QhnNyKDsAkXPwHkSnuc89,"Eve, Psyche & The Bluebeard’s wife",LE SSERAFIM
0sNfFxw3pJkVmRsgY781vM,"FEARNOT (Between you, me and the lamppost)",LE SSERAFIM
74cpuIw43kA8xPgbQEPdss,Flash Forward,LE SSERAFIM
05RlBHEZg1RmL9DnPgv9Qq,Fire in the belly,LE SSERAFIM
2ahp0wvyEzyvgWfOhStHWp,Blue Flame (2023 Ver.),LE SSERAFIM
72RWX5lMa27RQG5DzbGaoj,The Hydra,LE SSERAFIM
3QqJ44HiM84iyZS0G2IKIP,Paranoia (feat. Gunna & Young Thug),Pop Smoke
0JhonNQL2ixH1JcsgEj4Hn,War,Pop Smoke
5JYsU2yRoQ6utiLW7Owvjc,Mood Swings (feat. Lil Tjay & Summer Walker) - Remix,Pop Smoke
07G3EKJrILPuDTNPulzSF7,Defiant (feat. Dread Woo & TRAVI),Pop Smoke
7kFMvM2gUzVeW2ZlkKRhzu,Showin Off Pt.1 (feat. Fivio Foreign),Pop Smoke
5UVWO3YxgiICjUevQvPenf,Enjoy Yourself (with Karol G),Pop Smoke
5Ugzeyda949Ldt7wbWOLgh,Something Special,Pop Smoke
3HnPbz5IlXUMuKpPzugLNt,Make It Rain (feat. Rowdy Rebel),Pop Smoke
6JzyJgeHSRS4aYiK5gt02M,Showin Off Pt.2 (feat. Fivio Foreign),Pop Smoke
4Tc9PHEoeP17PQj3OOKXPu,Diana (feat. King Combs),Pop Smoke
14phcuX970C43LchHxXrUV,Mr. Jones (feat. Future),Pop Smoke
7geOVVTDhTITXhgs5VpV5l,Run Down (feat. OnPointLikeOP & G Herbo),Pop Smoke
5UpNgshYfG2FReGGz6zyGW,Good News,Pop Smoke
26eibHIN0oV4AGuFCbTTm0,MPR,Pop Smoke
4wNKxMbE3n1gRm4F6OaCP1,Coupe,Pop Smoke
4dpgUETtAY1YLAHulN0UtP,Welcome To The Party,Pop Smoke
2lwmsAqBFuNqwL2m7ygKvv,She Feelin Nice (feat. Jamie Foxx),Pop Smoke
13bjzSvnVIpsOcmiU8EfKp,Dior,Pop Smoke
1iQe8WanjWOVsgnjZqAkr0,Backseat (feat. PnB Rock),Pop Smoke
2hYN1IVp5LGIsi5MpzcjVz,War (feat. Lil Tjay) - Bonus,Pop Smoke
1EI5fPYwbCLDaxFHe7nFM2,The Woo (feat. 50 Cent & Roddy Ricch),Pop Smoke
1Noe5fcm9FT2gcbDKJdBV1,Bad Bitch From Tokyo (Intro),Pop Smoke
5pFn569bgXKoKIaF3LSfaI,Enjoy Yourself (feat. Karol G),Pop Smoke
1nvIvzeUjSRpZWd47kMykI,Woo Baby Interlude,Pop Smoke
3PePmt1SRX0sdGNUtQbSXP,Tsunami (feat. Davido),Pop Smoke
3O7rBns1WnpXueDRcI5TgI,"Lane Switcha (feat. A$AP Rocky, Juicy J & Project Pat)",Skepta
7xZuJ5p52IKprk5PwgO5jW,Aim For The Moon (feat. Quavo),Pop Smoke
26CqCHDhGPFqaL9GdhuYNV,She Got A Thing,Pop Smoke
2SxR5RitJdsG6wINvJLBSD,Tunnel Vision (Outro),Pop Smoke
2FhEj9lvEIaJihjFprRrGt,Snitching (feat. Quavo & Future),Pop Smoke
1wXN2YC8tTGK5J1wOn55TO,War (feat. Lil Tjay) - Bonus,Pop Smoke
1Bs4kZgtguPmsRyau5hkxr,Rumble (feat. Tayy Floss),Pop Smoke
27tVhP9FsW8XqkX3ZrwMi5,Hello (feat. A Boogie Wit da Hoodie),Pop Smoke
1IN7pViz23ZsjIH5hV47GO,Welcome To The Party (feat. Skepta) - Remix,Pop Smoke
7ClZUuzhHULLKjjrHEz6HF,"Top Shotta (feat. Pusha T, TRAVI & Beam)",Pop Smoke
7c8rbgioh20fKkcmdMDeVk,Mood Swings (feat. Lil Tjay & Summer Walker) - Remix,Pop Smoke
5GzHu3DEa7PlLLJLbctXl0,Imperfections (Interlude),Pop Smoke
5Evn9HZVpqpKDV0nkWlPmx,Scenario,Pop Smoke
0XUVjWfvGbEvhGmt2cilWj,Feeling,Pop Smoke
7sjFIZ1g5QLJLGja3k592K,44 BullDog,Pop Smoke
73gEzDLKZNPJms5HkSwBmd,Beat The Speaker,Pop Smoke
18bum1uNxoHQ8WwbOlMY9Z,Armed N Dangerous - Charlie Sloth Freestyle,Pop Smoke
4dFPHN0Yf3eG9SNU84y5a5,Dreaming,Pop Smoke
1EGnSeCByNJ3w4R3lEI7ML,Hawk Em,Pop Smoke
3QPZqYIzgEXbVouiHpu7wR,Mr. Jones (feat. Anuel AA),Pop Smoke
6AIvtfUPf3bUxCOV9SgE5d,She Got A Thing,Pop Smoke
4wVuGccjXDNf9sWWVajkpk,100k On A Coupe (feat. Calboy),Pop Smoke
1hg3RlqFZXJb5YgRoK9qmF,Gangstas,Pop Smoke
2FcxERmTy16Z6SIX31cBVc,Diana (feat. King Combs & Calboy) - Remix,Pop Smoke
7gXttbAcEdUgRYGYJD9OQH,What You Know Bout Love,Pop Smoke
5nkzBlt92PJLVEvPXBd9WZ,30 (feat. Bizzy Banks),Pop Smoke
6I2CBN870yi1dKGVxo7Qsw,Got It On Me,Pop Smoke
0kjIeKhqH933ppKUK6gOCE,Don't Know Em (feat. Rah Swish),Pop Smoke
3MmvQKMKdN3UhVS3eGzJIW,Brush Em (feat. Rah Swish),Pop Smoke
0bjgQ24UZGwKikldIyEOgf,Yea Yea,Pop Smoke
3IEBelBRCYrV9YqjhYluy1,Creature (feat. Swae Lee),Pop Smoke
4qfhecxbALf3sB1HmB68yq,Money Man (feat. Killa),Pop Smoke
5nCL0ULKVpkeJdQJ4UYVAI,Diana (feat. King Combs),Pop Smoke
7mpoOB5YMpPnbllsALgSfr,Flexin',Pop Smoke
6fxcVgWOjLLdjIucAzlS1u,Questions,Pop Smoke
5Ar2IdS42hvVwV7EhflI8b,Shake The Room (feat. Quavo),Pop Smoke
0VJ29bT7OaRZfOEvoYc70c,What’s Crackin (feat. Takeoff),Pop Smoke
3uEJ0Z1lXBRqN5DbMAI69m,Bad Boys (feat. Obasi Jackson),Pop Smoke
24YG5Z8Of1VHovrfXsbvCZ,30 (feat. Bizzy Banks),Pop Smoke
1Eu51GaXEehPMrDMh5QghA,Tell The Vision (feat. Kanye West & Pusha T),Pop Smoke
1oZq1wMYbEkr7ovRV7OWty,Good News,Pop Smoke
6bsqes8Zg9gUULzuCkMUs0,Woo Baby (feat. Chris Brown),Pop Smoke
41Ee1u8ignxtICyaPI5OqO,Dior - Bonus,Pop Smoke
6BYPomivIjWbWAvrhplZCx,Creature (feat. Swae Lee),Pop Smoke
17vGPZ5EsdvtgAOCD4FLWI,AP - Music from the film Boogie,Pop Smoke
7wAnRqccDr2tzcSKLR4jKl,More Time,Pop Smoke
2fmHaHIsKAKzkkpIPJLm9V,The Woo (feat. 50 Cent & Roddy Ricch),Pop Smoke
5eJpwQyirY5EEdNadHKRAM,Mannequin (feat. Lil Tjay),Pop Smoke
2UwALqx6yOsXTFt7zRxnts,Tell The Vision (feat. Kanye West & Pusha T),Pop Smoke
4CPcZHzSvIBM8AKhdHUwnL,Clueless (with Pop Smoke & Fivio Foreign),Polo G
5CFJRZRq6sdKKtRwNPWbYv,Show Out (with Skepta & Pop Smoke),Kid Cudi
06L0ZfiMzfrzLRmwHeuzfI,I See Right Through To You,DJ Encore
7uAgqmyJ8PTRXL9WtZfPNe,Sunburn,DROELOE
1Imw8G9fVAVKg7PzQMA92Y,Salty & Sweet - Track Video Version,aespa
7Bot6AB2dsvZEyqzUL8AUH,I'd Do Anything To Make You Smile,Jack Harlow
11qa6plS660rrrkf6VJ3cX,03’ Adolescence,J. Cole
05jQUgTm40hzAw5uqOy0ob,Intro,J. Cole
6LBpGdlukUARutol7VgWIS,January 28th,J. Cole
52A8OAP8lTQKZCj4Rce92B,A Tale Of 2 Citiez,J. Cole
6sf35vqrEAN8fOFzrKmv9A,Fire Squad,J. Cole
5dp2DNJtGuNjwgEtAN6BZd,St. Tropez,J. Cole
0Thqjtu54vKMP06pwZkAWp,G.O.M.D,J. Cole
7L3yLy4K5CI7AWK2DfAbTv,Hello,J. Cole
5O59s7bCgTFsXDXlWecyQ1,Apparently,J. Cole
2e3Ea0o24lReQFR4FA7yXH,Love Yourz,J. Cole
3U1mFf6W429eMYDwmgkbaZ,Note To Self,J. Cole
5o9GCBBMWxSu7y4naOdFPy,Villuminati,J. Cole
0bo51LGbhYn93hLzpfH2II,Kerney Sermon - Skit,J. Cole
0hW72l6tZgSY7Od2OUVDIC,Land Of The Snakes,J. Cole
2uwnP6tZVVmTovzX5ELooy,Power Trip (feat. Miguel),J. Cole
3hiZ1PIshAM8p8oF7uEadZ,Mo Money - Interlude,J. Cole
28s8woKltdzuYwKRQ02mmY,Trouble,J. Cole
3eZjDYBS6oVs1z5POqjX9f,Runaway,J. Cole
6lKCaafKm88sVfYz2u7S4B,Rich Niggaz,J. Cole
2msLj7Kp7pXpA2fIWtpvFN,Where's Jermaine? - Skit,J. Cole
1mvDFqbbmgmMmU6U4dIq5m,Forbidden Fruit (feat. Kendrick Lamar),J. Cole
4ftDe1imzovl3Vw6j01aoD,Chaining Day,J. Cole
4KUUaKfBqPw1IOitTW3Pba,Ain't That Some Shit - Interlude,J. Cole
5gFoAVTN9YlM9uJCrFZtgl,Crooked Smile (feat. TLC),J. Cole
561jH07mF1jHuk7KlaeF0s,Mockingbird,Eminem
2tUL6dZf1mywCj5WvCPZw6,No Friends In The Industry,Drake
2mv6GY70UsHiTCGQZ4JfgC,Fools Gold - Remastered 2009,The Stone Roses
7Hc3YL8oDiAzbiAW32KXrw,Dive,Kid Cudi
1Rq4GtIucW9CAcF8B6PAbW,I Serve the Base,Future
591ks2A0o7ratTpiRdI7M6,Heart On Ice,Rod Wave
6yIjtVtnOBeC8SwdVHzAuF,Heard 'Em Say,Kanye West
1dHW6MypbqYUzRXAItBQ07,Higher,Aktive
4Q3N4Ct4zCuIHuZ65E3BD4,Tunnel Vision,Kodak Black
0IW0qaeyxL5Et4UG2MrJKB,We Don't Care,Kanye West
3ylgJvzFdjbcXNcxj9mXku,Bikini Bottom,Ice Spice
4Fd2BjzdKHzrc2uY7zmMar,LEFT RIGHT REMIXX - FEAT. CIARA & JACKSON WANG // PROD BY JAKOPS,XG
1HXajOe3oHqAh10XFA2R9M,Woa...!,Yeat
7CC9nqOp7fXsoyKsitBZ6J,Get Back,Pop Smoke
5J6CXHvsfRGyyCnQZmVPoE,Poetic Justice,Kendrick Lamar
4qF2TKSzChJTr7HYYJTw4c,Triple Six Clubhouse,Three 6 Mafia
5s9d3JiqxsuAkuDTDStBh6,Zatoichi [Feat. slowthai],Denzel Curry
2dfqS3MRtbLZSZA1IL8xY5,Skepta Interlude,Drake
5iozkhSH9ZyOupcJvXfSL0,Palace,A$AP Rocky
1D2L6MefbXon28PzIk9I3r,92 Explorer,Post Malone
61eJ7HqXGyHfmHIqJApX7v,Already Rich,Yeat
3AhTANwPh05IairsIXltRi,Know You Miss Me,Chasinbens
3q5qpprtugUIEPExuI7tRD,Welcome To MY World (feat. nævis),aespa
1ULdASrNy5rurl1TZfFaMP,Spicy,aespa
4wQDjZtXjsFtU3BLSiIH4t,Salty & Sweet,aespa
6nICBdDevG4NZysIqDFPEa,Thirsty,aespa
6fzio74FGqFFsenYkbGPzR,I'm Unhappy,aespa
60Uio68M57PwKEgZxSutL6,'Til We Meet Again,aespa
5m0yZ33oOy0yYBtdTXuxQe,Low Down,Lil Baby
5xrzU3SlcBRxG0VNmFNHOa,Social Distancing,Lil Baby
5cAN3P7jWVf78gev1eF7TJ,Still Runnin (feat. Meek Mill),Lil Baby
1jzOG0T6JjvaOoHgzl91Nd,Style Stealer (Lil Baby & Gunna),Gunna
6w2laMOxRE0yUsbq4bVLiZ,Heyy,Lil Baby
19n0UZuW8AArMVWNztoXu9,Frozen,Lil Baby
6h4JuOPlHFYpHPIEmBwbus,Make It Out,Lil Baby
493yZ6tjpDiUQbwnSTwMgt,Ride My Wave,Lil Baby
6MSyik7EzWsHQjTOPLFBrr,Rich Off Pain (feat. Rod Wave),Lil Baby
7k5oDaCm4noFEBAR9sMrpF,Get Money,Lil Baby
598yNsG1JFrGd4n2kMoz7F,Woah,Lil Baby
0EtDzvypBIlsIrUofKlOFk,Hurtin,Lil Baby
6eVxH9Kyanzrw636zJRPcw,Errbody,Lil Baby
3tDqEKKUs6gf8zMvSuLyLA,Commercial (feat. Lil Uzi Vert),Lil Baby
3HNWVQHXpW70ubsDhvnegu,The Bigger Picture,Lil Baby
5ixKkLQSriCQakDWbdW8qD,We Should (feat. Young Thug),Lil Baby
6FyYMbtmEgQDCgy9mYrOX8,Shiest Talk (feat. Pooh Shiesty),Lil Baby
0xPcT6j7JFdJjRvQelyGr6,Everything,Lil Baby
3GdWfmQBiiJrDUvSZS1bGv,Never Sleep (with Lil Baby feat. Travis Scott),NAV
5RUrVSdaXFVXjYK4lr2xf3,Time After Time,Lil Baby
16QjPRt5HYK0dnLGmGRCvf,Deep End (Lil Baby & Gunna),Lil Baby
3lb4Kpzc4bqOQ2l11ffolw,Same Thing,Lil Baby
2WGI4bWvEKOhnyWJYVzSg4,Trap Star,Lil Baby
4sH7CkHYHH8JLhJqZWiHSj,Day In My Hood (feat. Lil Baby),Sherwood Marty
1r88TOGLhRGBsAHw59xXDR,No Socks (feat. Lil Baby),Paper Lovee
1OwslJYziEr3VrE7CFmVd3,Trust,Lil Baby
37Nqx7iavZpotJSDXZWbJ3,Girls Want Girls (with Lil Baby),Drake
4xY39dsAjIrLfgAxaajyfQ,Looking for 30's - Radio Edit,Saint Vinci
3vJKLsUYcC7mARUTOMUPaJ,Who I Want,Lil Baby
79v9XzY23HpedGnLVuiSBz,9To5,Lil Baby
0b7UwotRCrS7qBoLDjfvSY,U-Digg (feat. 42 Dugg & Veeze),Lil Baby
2wZjsbwmWfNVslgV5afl1L,Out The Mud,Lil Baby
6VhP0ZCa9Zs7j16iz0fNqi,Survive Da Motion,Lil Baby
6eJVuYB7vUq1V3NqTzRaKp,Ween wao,Tek lintowe
3P2oqjOgaaSzbLett3rgHe,Hai Domo,Yolmaxrd
57NsyEzmk0NT3NcOwuQT55,witchblades,Lil Peep
7ovUcF5uHTBRzUpB6ZOmvt,アイドル,YOASOBI
49zD0wr2S3d0lZPib0K4e1,Fuck Up Some Commas,Future
2vp7R84OmVjhqES3ShmxrM,Nightmares,Teddy
2dSKFFNoNXKo3hPnlwUdPe,They Don't Love It,Jack Harlow
4cNVAgyBsekhIftQjrAdys,Chalk 1.3.3 [2017 Export Wav],Flume
1rBTBbtkJlSDk78gg8Dw9F,Hero,Alan Walker
1IzJxbARcQrOWMZgPw1PNj,Go Hard,Lil Baby
1Y7AZ3akqDipAyo6mmOQTy,Daechwita,Agust D
6AknCCsxOsrJ2mkSdCtET1,Agust D,Agust D
0u8rZGtXJrLtiSe34FPjGG,Like Crazy (English Version),Jimin
4RGacGFT2ztXhGgzeaYzIR,Up To Something (feat. Travis Scott & Young Thug),Metro Boomin
2CHmgtK8OCL28WtIK96u4N,30 Hours,Kanye West
3OHfY25tqY28d16oZczHc8,Kill Bill,SZA
3BzlZAqfnZDjv1F5CLlpHx,News or Something,Future
5KUNwkaNf8l5A9sXZhiCgI,Rapp Snitch Knishes feat. Mr. Fantastik,MF DOOM
6HgWWaMu31KdOpEG5l28BG,All My Life (feat. J. Cole),Lil Durk
0r9ZhD7QEbIAcvfhDkIsdV,Bëttr 0ff,Yeat
0DwVfCYLrVXgvejYbWwZAd,Break It Off,PinkPantheress
5BgnL6gHauuvxe4Ok6W1aC,LosT,Bring Me The Horizon
4uOBL4DDWWVx4RhYKlPbPC,Queencard,(G)I-DLE
38MKW2tQHtyO8djIOKlEFF,Allergy,(G)I-DLE
4fg42mtrSFuKQ9NYBboiiN,Lucid,(G)I-DLE
1abAIeSQCbdPcxWgiwDOmL,All Night,(G)I-DLE
0M0LPSeg23xSAELGs2TbXf,Paradise,(G)I-DLE
4QbdGSGyECE7IRtjolOkjO,Peter Pan,(G)I-DLE
2a1o6ZejUi8U3wzzOtCOYw,Danza Kuduro,Don Omar
23NWj2izXAJ4yL6Nah73wf,Pop Style,Drake
5DBmXF7QO43Cuy9yqva116,Family Business,Kanye West
59M5WVjj29KFLXqwCePZnR,Hai Domo,flxme
65rA5ARQlIA4HG2KWypW3g,Decisions,Polo G
3emIsfEQCf5Il2So2RBCH1,Heart of a Giant (with Rod Wave),Polo G
7J1LJnXiuYduGw8m4j7Goj,Zooted Freestyle,Polo G
4dZTNKRngStyYNueXCO2FR,Young N Dumb,Polo G
3YZ5gPYspB2jNZ0KvUvv0m,RAPSTAR,Polo G
323HsST3AqiFwqWOmqseKi,Fame & Riches (with Roddy Ricch),Polo G
47ecV5OlZnCv26WtKmuteb,Broken Guitars (with Scorey),Polo G
0XR5bQGuuPFcwFK5sgxTKY,No Return (with The Kid LAROI & Lil Durk),Polo G
69M0k2cNLKnCLwaIgwzvzs,Losses (with Young Thug),Polo G
5n6Av8TRdQ7ILdqoGQybKE,Painting Pictures,Polo G
00jNPEEAjvGzvp1ok63dZ0,With You,Polo G
32KsanItHBNLJe1SoCBfDs,Party Lyfe (with DaBaby),Polo G
3Lk1l46RRwFP3WeVDI08j5,So Real,Polo G
70Ym7f06cBGncWE4GEN8i8,Toxic,Polo G
3TDWIXarI4pfCrjXKr7RtQ,Suicide (with Lil Tjay),Polo G
1B9Su8GUJ7DETOKVLOOKWA,GNF (OKOKOK),Polo G
3XErT01GyoZlJNLOtND8K2,Epidemic,Polo G
3hnKhjXwyRyRV8JviQXgB5,Heating Up (with YungLiv),Polo G
2QIBJFl8DJR1mDh9GwfZef,Don’t Play (with Lil Baby),Polo G
5bh3nrXWsRiqBwMU3vbnYK,Black Man in America,Polo G
1QIAtS4P0nuAIMLae1CS7n,Go Part 1 (with G Herbo),Polo G
0pytLWYHCQdheIWB2Ay5Dk,Ambitious,Jack Harlow
78aELoNP2X3DC3rjHEVLPy,Is That Ight?,Jack Harlow
6fMM4VMig1pSp0Pd1paP0N,Gang Gang Gang,Jack Harlow
5r30gHLxvhp60XMc5TIIMh,Denver,Jack Harlow
2nK3bNHjO0IAMarcoN27UK,No Enhancers,Jack Harlow
2lW1lJSLatkcHxwDdCiSTB,It Can't Be,Jack Harlow
5w7IRpQTMNA2EuWrHDmClX,Blame On Me,Jack Harlow
1vB79KSHk7mAMufH8AHniQ,Questions,Jack Harlow
2OZfJcpzSFApBxUA0gXuJz,Common Ground,Jack Harlow
1keDE84x2YRbBwGfCJefur,Guitars 4 Breakfast,Roxxstarxx Archive
2TKwo7J4oyyiYZvck7ky3R,Bane,Destroy Lonely
5BsigwhOMHxCkF6ntEhUQ5,how u feel?,Destroy Lonely
7cFLFmj3fLV5wxhcFfol7u,if looks could kill,Destroy Lonely
2V875q2TKxJrT3jR4TyKEE,fly sht,Destroy Lonely
4xVadFWaJBTagCDBMGOlPv,which one,Destroy Lonely
7s7faEFvkv1To4QO2groLs,raver,Destroy Lonely
43SBf6EWx63LKYe6pGuPyP,came in wit,Destroy Lonely
2dWRDq2oH7HIZ3j8cxoK82,by the pound,Destroy Lonely
65aOWxHKAxBovHwPH9z60h,all the time,Destroy Lonely
1zgXLmPaBkcxB8LcAjskjM,biggest problem,Destroy Lonely
1w813WyEB6ngCbOIi8xf49,chris paul,Destroy Lonely
5BsdVsuzFtyD44mEZOE5SA,superstar,Destroy Lonely
2mtVpCvgZ7h9GRtBg5c9oa,new new,Destroy Lonely
6JnwC9uNoFivgqy3wzkQaP,promo,Destroy Lonely
0OVLwmkhKi970zNb8xff4W,brazy girls,Destroy Lonely
73ABUTIRGYBQ76FzV2w57Y,right now,Destroy Lonely
3PFFRVXPGSt7w1pQvI5JxB,safety - interlude,Destroy Lonely
6XbTdTs8rIXYMYkizqxRv6,redlight,Destroy Lonely
6ExRJ4aI4KbHzO1zQ0QCN4,wagwan,Destroy Lonely
13HLGO55acoMVwYslytUfT,moment of silence,Destroy Lonely
110mTZKRZZ3k4ofoOMmaqA,make sum work,Destroy Lonely
4VNd3XTKq7M4368Hmq6iS5,which way,Destroy Lonely
1wBzln3WyrymdMId5pui3j,passenger,Destroy Lonely
2isv4vebeFnV0zsamd54CG,worth it,Destroy Lonely
7DY58bJgI7TMAvLX5oAeAA,goin up,Destroy Lonely
5pqdoxTWmBvyz1jmHQCy4m,your eyes,Destroy Lonely
2cQxzcGw5eUJtqIdYuRoLq,money & sex,Destroy Lonely
5qyjy0xfsHNzWxvXkHVB85,"Angel Pt. 1 (feat. Jimin of BTS, JVKE & Muni Long) - Trailer Version",Jimin
2zs3ErwfEyzI4K2H9vEnTD,No Good,Juice WRLD
1KGJ5ozUB7XOgCJ73IBMz3,Glo’d Up,Juice WRLD
2n2oTPbvmXIY6GGFeTYG6L,Полигон,Oxxxymiron
6nO3tr47nr2P7f3hXb8JIo,Champion (feat. Travis Scott),NAV
1qrpoAMXodY6895hGKoUpA,You Belong With Me (Taylor’s Version),Taylor Swift
5ihDGnhQgMA0F0tk9fNLlA,Thought It Was a Drought,Future
7ijR2QhI1zIxMBAXDXwLU5,Lumina,Exodia
3JJ4BoL9WVHk4Yye2EGJC7,Flim,Aphex Twin
1gqkRc9WtOpnGIqxf2Hvzr,On Sight,Kanye West
1kMuU3TNQvHbqvXCWBodmP,Right Above It,Lil Wayne
1UMdbkqX19OiwfExH7gzYA,Through The Fire And Flames,DragonForce
3CeCwYWvdfXbZLXFhBrbnf,Love Story (Taylor’s Version),Taylor Swift
186hvCTyrni4KT9nwIQ7zS,Superheroes,Daft Punk
6QzkbRRLWTEcFE0NyOX1Dt,Enjoy Yourself (feat. Burna Boy) - Remix,Pop Smoke
3mZNztgWFsvm9wfcqSOdKg,Mood Swings (feat. Lil Tjay),Pop Smoke
25Wq1OwZyKLMjVNXIhzVlV,Aim For The Moon (feat. Quavo),Pop Smoke
3eV2WT9YhfzkxbufnBF8wK,Creature (feat. Swae Lee),Pop Smoke
2IT0T0EqPaUxasjl2o8J2G,Christopher Walking,Pop Smoke
00zk0uua6s2ifh0Nc3ppfW,Nun id change,Yeat
6OEolOOk9Gh9bqkdpfIOl0,Ridin' Solo,Jason Derulo
4t3Kxt97GEYurt1qw1biVz,Resurrection - Axwell's Recut Radio Version,Michael Calfan
1Zhgr9kYxYvgbCNOxrJO56,Kant changë,Yeat
610gzNqwaSz89u6YIpDlyZ,NEVEREVER,Destroy Lonely
4Tq5SHIdGg2Q1DsrDY5NIF,Castle,BLP KOSHER
0Ymjv0OJeIIPXr6s9wi3iW,MATHEMATICAL DISRESPECT,Lil Mabu
4ZhPLoMzZwewHLLjV1J15c,99 Luftballons,Nena
3QPBocWfIcOCdFFvmqn60F,Just Look Up (From Don’t Look Up),Ariana Grande
59o6ojGNGJOYiVJSzC6Lsa,Memories (feat. Kid Cudi) - 2021 Remix,David Guetta
5MNfAmHvsqOliIxtwiFzsz,WARNING - Sped Up,MC ORSEN
5PfNKiRk4pyJWxle5cU0ba,AFTERLIFE,CYREX
31ccGiz6yWABley75baFDr,ТАЙМАУТ - Remix,Nikitata
0rcEhhu744CN1GCAO2WxWj,DANCE,THIRST
7j1zdoPKctwEoMNY7qEg8c,Phonk De Favela,Alban Chela
0I6az5MEb9s14unUboiM95,Resonance,Vinsmoker
0us6HsfLfz9BpjUw7WeUXv,DECIMATION,Eyez Hate U
4LEdlrheOw2AF5nMU9MYoL,In a Hood Near You,IGARASHI KANTA
1UCP7yVo5rfa3lRbYoFspn,DJIN,Vinsmoker
7LZ4qPmd7LwzdFIR9lsdnw,UNDERSTAND,THIRST
7mLWNwcvwRdEviz6SfYp8A,GigaChad Theme - Phonk House Version,g3ox_em
33jNhRb9njyX482vPmFPMu,RAVEN,Phonkha
23QiiiiaiReK6gvbMORlhY,Giga Theme,R3YAN
3IDGN5nhdII3wFHhknL44X,RESURRECT,PHARAØH
098ttCNmncrO4YvqWUNMvn,High Life,Daft Punk
5fEB6ZmVkg63GZg9qO86jh,Break from Toronto,PARTYNEXTDOOR
2RRFTLIglxHgAYQzsSLI4Y,Coldest Winter,Kanye West
1D9XLqQp2YYiOxrr5KLb8K,Under Ground Kings,Drake
0syXbGoFZbTMXm8hGCEvW0,Old Money,Playboi Carti
3K6U7TamNyVSWcFH8pCQHX,Love Hurts (feat. Travis Scott),Playboi Carti
475jSz0H6U3duJyNiDS0tT,Right Now (feat. Pi'erre Bourne),Playboi Carti
2rPSFKzGeqUWwfcCFVkkq3,Poke It Out (with Nicki Minaj),Playboi Carti
5wPyd3IQAZft1vmxoIqGrU,Home (KOD),Playboi Carti
1s9DTymg5UQrdorZf43JQm,Fell In Luv (feat. Bryson Tiller),Playboi Carti
424qpX6swdUdhLq95cecNu,Pull Up,Playboi Carti
5Jue6vup8nHUgXFUGMk478,JUGGERNAUT (feat. Lil Uzi Vert & Pharrell Williams),"Tyler, The Creator"
2Yt4SXIgmoaPZHGdRafp4P,Umbrella (with 21 Savage & Young Nudy),Metro Boomin
7vgTNTaEz3CsBZ1N4YQalM,Ghost Town,Kanye West
6DhcuZbi4FW28RLicWNmmx,Halo,Halo
3TrDf60Q4FiuShvCWHKx75,RIDER OF THE SKY,Ace
5wG3HvLhF6Y5KTGlK0IW3J,Trance (with Travis Scott & Young Thug),Metro Boomin
6sQH5GFuqhvemSdP2oOfRi,Pretty Boy Swag,Soulja Boy
6AtZLIzUINvExIUy4QhdjP,I Knew You Were Trouble (Taylor's Version),Taylor Swift
6cpk00i5TxCqSeqNi2HuIe,One More Night,Maroon 5
4pKz9WFWg6fZOhY3yierml,The Name,Constera
79XrkTOfV1AqySNjVlygpW,Energy,Drake
72nLaDnt2dfxCA3ZAiEC2c,Still Dreaming,Nas
34y2pV3RGFiCHSP12bNHVk,Boys Like You,ITZY
5MAnH0CFbD13INQBsnKI9y,Demon High,Lil Uzi Vert
5Y3Tj0wJhKAaPbwWxXxZGS,Feelings Mutual,Lil Uzi Vert
1QgTBfRN5m81a5K01qens6,444+222,Lil Uzi Vert
3tcoEYOZUHKB3RKNByIN13,For Real,Lil Uzi Vert
0YFqKxV9uNu6LUeYkLOKRS,On Time (with John Legend),Metro Boomin
52WWw9qNZXZZtWU336TtKG,Cross The Globe (feat. Juice WRLD),Lil Durk
2VtgzixdB967bHDNu5A1nh,Metro Spider (with Young Thug),Metro Boomin
2N9LEu6Pf8nDcp3GjWJT1Z,I Can't Save You (Interlude) [with Future & feat. Don Toliver],Metro Boomin
4WuOWVnAqvEQxgSRrspBgt,Niagara Falls (Foot or 2) [with Travis Scott & 21 Savage],Metro Boomin
1UsQe17Ef7tV1ahFqHEFR3,Walk Em Down (Don't Kill Civilians) [with 21 Savage & feat. Mustafa],Metro Boomin
0OoNzMdPSgbkM5MkcuEZfm,Lock On Me (with Travis Scott & Future),Metro Boomin
3SsJ17EnPIu1B4GZshqjIS,Feel The Fiyaaaah (with A$AP Rocky & feat. Takeoff),Metro Boomin
4a1fh9vJMMoRjNrBmEWoM0,All The Money (with Gunna) [Bonus],Metro Boomin
70t7Q6AYG6ZgTYmJWcnkUM,I AM,IVE
39MK3d3fonIP8Mz9oHCTBB,"Annihilate (Spider-Man: Across the Spider-Verse) (Metro Boomin & Swae Lee, Lil Wayne, Offset)",Metro Boomin
6Ec5LeRzkisa5KJtwLfOoW,"Am I Dreaming (Metro Boomin & A$AP Rocky, Roisee)",Metro Boomin
0B6g379TMw0nYGXA7y5xHz,"All The Way Live (Spider-Man: Across the Spider-Verse) (Metro Boomin & Future, Lil Uzi Vert)",Metro Boomin
3X6qK1LdMkSOhklwRa2ZfG,Danger (Spider) (Offset & JID),Offset
6HexNTb392JS071DoTGo0y,Hummingbird (Metro Boomin & James Blake),Metro Boomin
5rurggqwwudn9clMdcchxT,"Calling (Spider-Man: Across the Spider-Verse) (Metro Boomin & Swae Lee, NAV, feat. A Boogie Wit da Hoodie)",Metro Boomin
5Lv5L45PQmp5CTjs5PlQ6e,Silk & Cologne (EI8HT & Offset) - Spider-Verse Remix,EI8HT
0y8Pu7x5jXgUjOIJvQIF5L,"Link Up (Metro Boomin & Don Toliver, Wizkid feat. BEAM & Toian) - Spider-Verse Remix (Spider-Man: Across the Spider-Verse )",Metro Boomin
0AAMnNeIc6CdnfNU85GwCH,Self Love (Spider-Man: Across the Spider-Verse) (Metro Boomin & Coi Leray),Metro Boomin
2qlBAT108lYOzlXhBxBqEv,"Home (Metro Boomin & Don Toliver, Lil Uzi Vert)",Metro Boomin
3xMnPIvsaWwzHzqqzaihEX,"Nonviolent Communication (Metro Boomin & James Blake, A$AP Rocky, 21 Savage)",Metro Boomin
0KoBrntyQ2x6Y1eZwgGe5P,"Givin’ Up (Not The One) (Don Toliver & 21 Savage, 2 Chainz)",Don Toliver
4mTKCa00WAZS2ag4GYwu0t,Nas Morales (Metro Boomin & Nas),Metro Boomin
5xP9lQYA8YQmQh6BOxcAnR,Popular (with Playboi Carti & Madonna) - The Idol Vol. 1 (Music from the HBO Original Series),The Weeknd
5zsHmE2gO3RefVsPyw2e3T,What's Up Danger (with Black Caviar),Blackway
1d6xaY4JvvqTWfgCeJAtWa,I ≠ DOLL,HUH YUNJIN
7j1vFohEm1lbsctYY9gyGd,Raise y_our glass,HUH YUNJIN
0GLXQAdrh4tdvz0JLw8DX8,love you twice,HUH YUNJIN
4pWhirHrE0xY4mPwDRMVfH,Last Christmas,HUH YUNJIN
5viZ8CLipufc1Q1NXpMRNN,AmEN! (feat. Lil Uzi Vert and Daryl Palumbo of Glassjaw),Bring Me The Horizon
7fcZk7OXeFWD7DWybltVVf,"Be Who You Are (Real Magic) (feat. JID, NewJeans & Camilo)",Jon Batiste
0BC1Cn4fnoIHY8iRMUWqRI,THRILLEЯ,Kai Angel
36dfGEKTGHxLmdNIYr0VTi,I Walk The Line,Halsey
1UAmQe8EwpxQ80OfYVD13z,Lookin,Playboi Carti
23QyE9GQpXsX9WgEDADMa6,Let It Go,Playboi Carti
2TdZdeKIDMqi1B3139W4Wb,Half & Half,Playboi Carti
30sc425JEvj3tgmGAKORea,New Choppa,Playboi Carti
1KsfhDZbBY2JjTHLmYhkK1,Other Shit,Playboi Carti
5Nq6lLSxphlsA6nQB0KtES,NO. 9,Playboi Carti
1xUQwXDDKW79z7GRUt2vMW,Lame Niggaz,Playboi Carti
3hDp5jRxvtD31giFGUaE1x,Kelly K,Playboi Carti
2mkV4angeBLZPTcYOSrjee,Had 2,Playboi Carti
1h6w4POXM2LfG4ZD4xUfZQ,The Hillbillies,Baby Keem
4i6cwNY6oIUU2XZxPIw82Y,Karma (feat. Ice Spice),Taylor Swift
1BBwECyBZklj6svVFlIi3m,One Kall,D. Savage
1vQjmVRqGcv1Nj2T6pxiRM,Free Game Uzi Dugg,ChoppaGoOff
1udwFobQ1JoOdWPQrp2b6u,Surround Sound (feat. 21 Savage & Baby Tate),JID
6j8gTlbhj9KJSeypNcNAS9,Street Lights,Kanye West
0V3wPSX9ygBnCm8psDIegu,Anti-Hero,Taylor Swift
4R2kfaDFhslZEMJqAFNpdd,cardigan,Taylor Swift
0ug5NqcwcFR2xrfTkc7k8e,Style,Taylor Swift
4W4fNrZYkobj539TOWsLO2,Die For You (with Ariana Grande) - Remix,The Weeknd
44DKlYib2s0q3oOk9JDm2f,- A beginning -,MYTH & ROID
4hDSxzbd1smKTWSIznKSXW,TRAGEDY:ETERNITY,MYTH & ROID
3CrYQaVrFUppSElxRwNHJK,Paradisus-Paradoxum,MYTH & ROID
2tcSz3bcJqriPg9vetvJLs,STYX HELIX,MYTH & ROID
6KxSSuQd6ofgTY48IQtWoh,雪を聴く夜,MYTH & ROID
0OsbTnhvJGJ82iSHmSkOWf,Tough & Alone,MYTH & ROID
7DQygUzU3ah8qyOY5Y0XsN,ANGER/ANGER,MYTH & ROID
0vg0xdSVTqMHYrLBJ6YSpa,theater D,MYTH & ROID
4Onwdny3EsHIfDlX4WVWSE,JINGO JUNGLE - HBB Remix,MYTH & ROID
5yWFdQALoZ61nTNpJrTzyq,Crazy Scary Holy Fantasy,MYTH & ROID
44MCNFwV5AuEpm7iaTLTCA,L.L.L.,MYTH & ROID
0Y1NtOzNm5Ad5UvrSFKZPW,sunny garden Sunday,MYTH & ROID
1BoO5Pgzw9Ae6IJY6ddZDO,─to the future days,MYTH & ROID
5DEUmvC14GrN4ElsuyacLL,- An ending -,MYTH & ROID
0KstTuuJnmjisMtvZhE2ct,We're Only Human,Graham Kartna
6yraFyhgbavO2amB2lhpfi,Waiting All Night (feat. Ella Eyre),Rudimental
0JvNr7LdHnMvKZBJvDcKOp,Hai Domo,Cao White
3fNMgjG8yXaSam46swhz7w,KNIGHT CRAWLER (feat. Juice WRLD),Trippie Redd
2gSPHSdf0vrk2Psxmn8sUn,i need u,Ken Carson
77hy1Umsp0q0MSAwcj1RL4,Everything Is Fine,ROCKET
7fEoXCZTZFosUFvFQg1BmW,Took Her To The O,King Von
1qMMYpVatbRITKCfq1gasi,PUFFIN ON ZOOTIEZ,Future
4KDNRh9Oor80z3XIxdWlui,Bubbly (with Drake & Travis Scott),Young Thug
5vDNippoMr52KpXBO9b9KQ,Coffin,Lil Yachty
6Kj17Afjo1OKJYpf5VzCeo,Pain 1993 (with Playboi Carti),Drake
0gVnVIsEXNNqXPvKRAm4fC,JDM NFS,shadowraze
1otOtuMMxEHZAiSlgupXZb,IMYA,9mice
5nCbEpcrOyoyv99OPWp3Bc,DOROGAYA,9mice
55kGubknYuhsmmSpp9WpkN,SSNS,9mice
2yakFrlj8ReuHiOPIkUNrM,Y3BOK,9mice
3HqGDrSOZ6LbBfX5EsiaAj,Split,Yeat
3FSwpQ9dBZBeBV6UdYHI2R,712PM,Future
6w9GrSUaQQIaMBYtabge7p,Embarrassed (feat. Travis Scott),Don Toliver
0kAsyNvkTyVyk5j3AKnlaO,SPACE CADET,Lil Uzi Vert
5XLJcatQ96h01sMTfxWllA,I KNOW,Lil Uzi Vert
4nFHCz2W1v3LgL7X3T0yPg,FLEX UP,Lil Uzi Vert
5Yug0vdBalgyoy1OzlNnaW,FOR FUN,Lil Uzi Vert
1M6fnD0V9ky0N0TVcvbjRN,CIGARETTE,Lil Uzi Vert
7nD5MiXspW533xaREDma2N,Buck 50,DJ Scheme
0ro5QCkSCtbfhMHnvMase3,How to Talk,Lil Uzi Vert
7rEUuRanwV9piOwwPKxPIM,south to west,Gunna
40Uq6dLoDrwm06vIBFlIbm,Attention,Doja Cat
11xC6P3iKYpFThT6Ce1KdG,Attention,Doja Cat
4muwDurKeVOB1WBjTVRWlD,War Bout It (feat. 21 Savage),Lil Durk
0oUBuOO4g9P4lREqfqR5nq,A Man Without Love,Engelbert Humperdinck
0mpRZFUTmtXwvOsIC5NtXo,L.L.L.,MYTH & ROID
5PHD8VK1KePlEZnaOGewg8,ANGER/ANGER,MYTH & ROID
4oXiAad1l0zLus8jKgeNUq,STYX HELIX,MYTH & ROID
3rgDla62mxVfmsciSYyPiD,STRAIGHT BET,MYTH & ROID
4GWItSLYB1y2ggyg9LIXeo,Paradisus-Paradoxum,MYTH & ROID
5cXZcSfOfxDRyKlRenYWJL,theater D,MYTH & ROID
0imlDtfyPoeq59I5znDrxN,Crazy Scary Holy Fantasy,MYTH & ROID
0odCKxebckSvV83jqeM8YI,JINGO JUNGLE,MYTH & ROID
6UGudaDPZCm4EPeYokdstU,Remembrance,MYTH & ROID
3cTEg4jnGbwJPeBLGv7F7t,HYDRA,MYTH & ROID
0FwLBF44DDkRZ1vpkG8dzI,VORACITY,MYTH & ROID
3Ex53UHAqHiZ5fXhguDKas,shadowgraph,MYTH & ROID
1LWlpRhu9jUkDK47xzUzu1,I'm Not Human,XXXTENTACION
2CrrWAO1SOHP5xw8nACU2o,BOW,MFS
2Hq30cZApR0ZUXSVlFbhrk,AP,Pop Smoke
0w2piYWj1F2bzUftzGJgK9,Paranoid,Kanye West
2lD6AoA8qf2t4Dkf2TcmNK,Rigamortus,Kendrick Lamar
32GHYtVVAsYNQGafHrrRxv,Take Me To The Sun,d4vd
3bkpVSoNvBkvt9LJMFT5at,Doomsday (with Juice WRLD & Cordae),Lyrical Lemonade
05CTjmZKjZoCKQvM1Ldq9M,Parade on Cleveland (feat. Drake),Young Thug
0k88aN0xmk8Xn1zdnyTiPG,Money On The Dresser,Young Thug
7CyPwkp0oE8Ro9Dd5CUDjW,"One Of The Girls (with JENNIE, Lily Rose Depp)",The Weeknd
5LffvExhQQFcfwqkGNpFpM,Jealous Guy,The Weeknd
02vvwHxBoZtnNDQFFE64NQ,Gucci Grocery Bag,Young Thug
2Okh2n1EHlGhviAYv75MOB,Cars Bring Me Out (feat. Future),Young Thug
0r75DNlHu4recmKUdZeMfG,"Wit Da Racks (feat. 21 Savage, Travis Scott & Yak Gotti)",Young Thug
612Gkl43RQdwlzKGPgkudm,Uncle M,Young Thug
4Zsi5pyvmZBxvRg0KeDFMC,Abracadabra (feat. Travis Scott),Young Thug
7fYI5lJNkyJMtTdhIVPy07,Went Thru It,Young Thug
7qLr3HMApUbyDkUvgIvHnB,Oh U Went (feat. Drake),Young Thug
3GXjlz7evuodm50dfiDDWo,Want Me Dead (feat. 21 Savage),Young Thug
5nYygW7bTgPOhckh3uDR9L,Hellcat Kenny (feat. Lil Uzi Vert),Young Thug
5vg13q0WVz8iamRtUjaVU0,Mad Dog,Young Thug
4mRcWpEcBCXNzrapIH76R7,Jonesboro,Young Thug
6tCmZiMZDwAYSfjnArGG48,Hoodie (feat. BSlime & Lil Gotit),Young Thug
79AzC6p5uKHZC4Rb7xrpR1,Global Access (feat. Nate Ruess),Young Thug
3G6hD9B2ZHOsgf4WfNu7X1,Team,Lorde
0c4IEciLCDdXEhhKxj4ThA,Madness,Muse
1t55dGrBkLvKDzNa9QJ3LV,too easy,Gunna
2c1MtDpi2wLblVsh9X1qoN,Stop Hey What's That Sound,#1 Protest Songs from the 60s
3F18I7LhWKxlf1PytSoTBH,Welcome To Heartbreak,Kanye West
4jTs7ny5eSRnKTzxdrFv5I,Smoking on my Ex Pack,SZA
6gxKUmycQX7uyMwJcweFjp,We Paid (feat. 42 Dugg),Lil Baby
5BmB3OaQyYXCqRyN8iR2Yi,SLUT ME OUT,NLE Choppa
2VjOTvl50tscmc0RDjPdr2,UK Rap,Dave
7xYZrvdWXSGmNgobMEqqoC,21 Questions,Top5
6c6WmIHcHlhccEwSFBhzNa,Put It On Da Floor Again (feat. Cardi B),Latto
3VLsdzHOFM9pyn79QTjiGJ,I Can't Lie (with Kodak Black),French Montana
3qnznOzVFYuDWjidDAxEV4,West Coast Weekend,Tyga
59COzThWJAOeIM6SBItYZI,Whole Family (feat. Flo Milli),Saucy Santana
2FDTHlrBguDzQkp7PVj16Q,Sprinter,Dave
0XyLyJATYbD8eSyfqq72hx,PORSCHE TOPLESS,Kid Cudi
1UFCw2ZU50ZXdjHUtKg9mp,Florida Water (feat. Luh Tyler),Danny Towers
4VkyknxFWgVYBeoEoUJ3k6,WISH I COULD TELL YOU,SoFaygo
6J34RvjJj3xQuezQOjbKL2,RECKLESS & RATCHET,Hit-Boy
1o8NmBVhT1PeADJhmAi7vZ,Off The Court (with Polo G & Einer Bankz),SleazyWorld Go
3yGkAxLoThYMYzoZcWMNwJ,ADD IT UP,Kash Doll
7sliFe6W30tPBPh6dvZsIH,Area Codes,Kaliii
2beD5W9IkefQ04IO39XF7w,My wrist (with Young Thug),Yeat
1QLgRHLG9sQXq4Plb600kj,Thinking About Drilling,Baka Not Nice
3iRCr53b2ZOvoKMTNvBn5d,MVP (feat. G-Eazy),A Boogie Wit da Hoodie
3NqKpLijeFLWflbXDj3Hra,What's That?,Joyner Lucas
2JNaqjOm7jHePMdr6WIadg,Same Side (feat. Rob49),Lil Durk
1Bgga0poKKUZftx5p8b16y,Act Bad,Diddy
132Yd321hAG0oOz3lbiqig,Lick Or Sum,GloRilla
6IEXjer2qbXhRLFv99NQQv,Pound Town 2 (feat. Nicki Minaj & Tay Keith),Sexyy Red
7pFzbZz89oXVsRxhUvO7q2,"Ring Ring (feat. Travis Scott, Don Toliver, Quavo & Ty Dolla $ign)",CHASE B
0ZxhtATQ0a6EvQNZ0z6NKV,Princess Diana (with Nicki Minaj),Ice Spice
0oWL7FTlaA1YtsRRuiF4Xs,Honey Bun,Quavo
31yydnZnSeCwkRPY7tlgQJ,Hot Boy (feat. Lil Baby),Nardo Wick
4wEI2bW0thTqJFukEaeXJs,Keep It Cute,Maiya The Don
06eobTXs90ICbtbxhmgviZ,Keep Dat Nigga,Icandy
4EgZqNfwsDJ1HvvSMEXypp,Andale,DJ Drama
72vMwCjJuRRa1r0bhFBbE1,Bops,Coi Leray
451acSEXA7pfbMKXoC6vJX,FreakyT (feat. Latto) - Remix,TiaCorine
4ZJ58LR9dwGJBFGC8RilBM,Just Relax,Lola Brooke
4tiKQGqkoVmvshWNFDvFxG,Mississippi Slide,Rae Sremmurd
0yUaLqhsVsguBpoOPL4cO7,In Ha Mood,Ice Spice
5uNg131mN22zZzQ9XjRQ5Q,Bad Bitches (Remix) [feat. Lola Brooke & Kaliii],BreezyLYN
7xNgrfKL4Ih82SbJIU9S1q,Chrome Hearted (feat. Tyga),OHGEESY
7fhcDui4AKQydfFoXILsso,SILVER TOOTH. (with A$AP Ferg),Armani White
6S4WM9LW6oGkAtBFePffh2,STUNTMAN (feat. Vince Staples),"Tyler, The Creator"
6UN73IYd0hZxLi8wFPMQij,Players,Coi Leray
1CaOUy0DDaVrxqzDltzLnk,Ransom (feat. Lil Uzi Vert),Luh Tyler
2NV0mpU5YbyJXydzYPgw5O,AIN'T GONNA ANSWER,NLE Choppa
0jQ4mEnWB1AuSVqnFLhxT6,Hell Yeah,SoFaygo
7rl489EKnUgITmkBd6P9zi,Don't Play With It (feat. Latto & Yung Miami) - Remix,Lola Brooke
2i2qDe3dnTl6maUE31FO7c,Mad Max,Lil Durk
4wRJHXHDJnKSPr9IVn0BFR,To The Bone (feat. YoungBoy Never Broke Again),Quavo
1a7tOEheXeaSNathZW4Gzk,Hanging With Wolves,Lil Durk
6aGpM4DXts4pdRhVKbRYuk,Don't Play With It (feat. Billy B),Lola Brooke
5B40Td13cDQ4adeAiLf8Z4,Twin (feat. Lil Durk),Roddy Ricch
2BSl2gSFHdzJAMus74qzNj,Backstage Passes (feat. Jack Harlow),EST Gee
0WNfQxDGaPTl0yogcMR5v1,Tomorrow 2 (with Cardi B),GloRilla
6Md6lyVVoKWcOaSg8u1tDn,Shoot It Myself (feat. Future),EST Gee
1KaRuTOGchQyTnrY3vWzfR,Aston Martin Truck,Roddy Ricch
3wspfG772mi1c25JpnNOVP,Walk,Kodak Black
2TSfStvlAMLw89u3tali79,Dah Dah DahDah,Nardo Wick
2SAqBLGA283SUiwJ3xOUVI,Laugh Now Cry Later (feat. Lil Durk),Drake
20FZrLl9zSbO9b3DhaqO6M,23,Mike WiLL Made-It
5m0eMnsWwzgGsUxe1mhFYR,White Tee (with NO1-NOAH),Summer Walker
2eNcM4qnXHF68ytBGZsJ4X,White Tee - Slowed,Summer Walker
4lIQV5xM7SMgwNFZPmB1di,Kill Everyone,Hollywood Undead
0GY3LiAOOOYIIDv53TXbjR,Cars Bring Me Out (feat. Future),Young Thug
6bFsZCWWJaCyE9uly2NhAH,Money (feat. Juice WRLD & Nicki Minaj),Young Thug
3sSlrxRD9X1jYCzBtbbiwg,Jonesboro,Young Thug
332TO0w5iJ8h4h55Qq5a0R,Mad Dog,Young Thug
2BR4cE9udCDcvZ2HtuLv3N,Uncle M,Young Thug
4r4rpFbzk8LDKosME0ZW1C,Want Me Dead (feat. 21 Savage),Young Thug
45QTjP8zsLtJ1a3lPa10U1,Oh U Went (feat. Drake),Young Thug
5edae1tuaQswnqiXcUlWRO,Hoodie (feat. BSlime & Lil Gotit),Young Thug
5KKrQbmw7K7Rvl7SCMAwNx,"Wit Da Racks (feat. 21 Savage, Travis Scott & Yak Gotti)",Young Thug
0ySvHlwks7CO0HWjB5ZBOo,Parade on Cleveland (feat. Drake),Young Thug
7GPI9g56brDQat3wHUG2E3,Abracadabra (feat. Travis Scott),Young Thug
69eqSx7e4dIyEOhoPff0WS,Went Thru It,Young Thug
4ds2Ed57KqkU9eg0Subk3c,Money On The Dresser,Young Thug
3YbJ4wQ8I7rM9FsqkNp7sR,Hellcat Kenny (feat. Lil Uzi Vert),Young Thug
44Pv0rinObvVa4nQ4TXLga,Hello,Martin Solveig
7EBg0P4VY9IHBF5hq6WQZS,HOLY GHOST,Future
1fQxT1YDOBjgzMVf8WjZfi,It's A Dream (feat. Lil Uzi Vert),Snow Strippers
1Wsbr1d2BouNGk2q92mIj7,Pt. 2,Kanye West
12oxsGACfwMozi4nK9noGQ,Suffocation,Crystal Castles
6WzRpISELf3YglGAh7TXcG,Popular (with Playboi Carti & Madonna) - From The Idol Vol. 1 (Music from the HBO Original Series),The Weeknd
5OqMZ8In8CkCa0SbknnDPl,GRL GVNG,XG
4Ls53fBNVfaXTROBi6X8Hw,Just Wanna Rock,Lil Uzi Vert
4daEMLSZCgZ2Mt7gNm2SRa,Flooded The Face,Lil Uzi Vert
3fDTzkvrOo5xQIO480Qmsb,Suicide Doors,Lil Uzi Vert
2Hc1LaV6bzFil3dE71eORA,Aye (feat. Travis Scott),Lil Uzi Vert
11pn4LFXCIXyprWQk8RSlM,Crush Em,Lil Uzi Vert
2ydwqnjPOcM24MV0kLThwi,Amped,Lil Uzi Vert
3a36nM6fPVA8K1vqq6d03o,x2,Lil Uzi Vert
6kQF79mjbOkvuRvg0J2XZv,Died and Came Back,Lil Uzi Vert
1pDbGAAH5GQ8U0KG4fI77H,Spin Again,Lil Uzi Vert
1bIHv5s0rByq6ZOqDSt8K8,That Fiya,Lil Uzi Vert
3lcfs9Qjfxzy00VSVkixDv,I Gotta,Lil Uzi Vert
41bmnQZoDMQdDh5zyomtW7,Endless Fashion (feat. Nicki Minaj),Lil Uzi Vert
5V5Xpbmqi2rp1xSJWZTvYu,"Mama, I’m Sorry",Lil Uzi Vert
6kHYpEnDpMCyGu0E2PlWY1,All Alone,Lil Uzi Vert
2lophWrG2xqv9CSgSPca5k,Nakamura,Lil Uzi Vert
02Mqx9HzVRyfdCUpPNR6N3,Fire Alarm (feat. Snow Strippers),Lil Uzi Vert
64b4ElrrZOEp3H1Pac2lG6,CS,Lil Uzi Vert
3ySqZ8yGoh4Emi9HiPCCdP,Werewolf (feat. Bring Me The Horizon),Lil Uzi Vert
0WCJSIy75ZVxqY51ce0enc,Pluto to Mars,Lil Uzi Vert
05grSYrVwYw58YMOdJceyz,Patience (feat. Don Toliver),Lil Uzi Vert
4Dk42ykoREkq82ny0mWZnU,Days Come and Go,Lil Uzi Vert
3diKIcRsDj2WultNgqi62P,Rehab,Lil Uzi Vert
07TSrx1BDK6twM9avkYzbe,The End (feat. BABYMETAL),Lil Uzi Vert
3VFGA65JnN8EDmnRb5SHW2,Zoom (Bonus Track),Lil Uzi Vert
2cg9zc2ba5HGiGMTu4oj69,Of Course (Bonus Track),Lil Uzi Vert
2w4NpuHV8X5FOlJpM7GDZF,Shardai (Bonus Track),Lil Uzi Vert
1e3QySsKsWxtBFOYiITId6,BABYMETAL DEATH,BABYMETAL
213fcsbfrn69u0vHnrg1Gl,Megitsune,BABYMETAL
3u4LYXov3pkGo92mnQszZu,Iine!,BABYMETAL
6JcwyVBFzp3ZPlmUCFp3T8,Akatsuki,BABYMETAL
6BlngNRIg8dDBsV8SJR5jY,Doki Doki ☆ Morning,BABYMETAL
3kGT8ibGepflSyggXpxRcH,Onedari Daisakusen,BABYMETAL
6oy4D8FANF0pIzaQOLCpik,Song 4,BABYMETAL
14IULKKxuvCEExCmhoKLDB,Uki Uki ★ Midnight,BABYMETAL
6IvespQWGW4USXwexlVKDm,Untouchable,Eminem
1xaLyNaaZC3i5tmaDAWP76,"Eve, Psyche & the Bluebeard’s wife (English Ver.)",LE SSERAFIM
0tandbS4dlin5BAgZGbzak,Die Meistersinger von Nürnberg - Act 1: Prelude & Hymn,Richard Wagner
2oXy2fGz7a0a3JqMGyZYqR,Pray For Plagues,Bring Me The Horizon
7plLqO7J7BhO317cTk8pJL,A Lot Like Vegas,Bring Me The Horizon
5NwpR7gzDBAXsvoQcwDJ54,Black & Blue,Bring Me The Horizon
1NjEx2Keum7ZGeVyJZ2FID,(I Used To Make Out With) Medusa,Bring Me The Horizon
1LN65IThh1rfCbdk2Wokhv,Off the Heezay,Bring Me The Horizon
5BAMSK8p6mRRqnIXYm8Hul,Diamonds Aren't Forever,Bring Me The Horizon
4jjqWCCsfeSWxmO37c5WcV,The Sadness Will Never End (feat. Sam Carter),Bring Me The Horizon
5War7My4JhrF6WYLNmpdlJ,Suicide Season,Bring Me The Horizon
09r7idxJD07nbRLLMoPHXE,Blessed With A Curse,Bring Me The Horizon
6SePnvTZkIXZznc8Ftc6vM,I DO,(G)I-DLE
74fpNVAJrKGQuqHETi4WSt,Tennis Court,Lorde
2xxjQg2hh2Rjm7EY9OhZXY,Agony,Yung Lean
5L3ecxQnQ9qTBmnLQiwf0C,K-POP,Travis Scott
6vG3Zv9VEA6YbJPJ6ar5Y7,Lesbian (feat. Gunna & Young Thug),Metro Boomin
0hL9gOw6XBWsygEUcVjxEc,HYAENA,Travis Scott
1PH2MDbcBAU094DlgTIND1,THANK GOD,Travis Scott
3KCNiDi9Pza6ZD8FggNoaw,MODERN JAM (feat. Teezo Touchdown),Travis Scott
4kjI1gwQZRKNDkw1nI475M,MY EYES,Travis Scott
04WxWo7XeVyx22xEsrWRUb,GOD'S COUNTRY,Travis Scott
7LSpFCvRZZot2AlmkUzy9k,SIRENS,Travis Scott
67nepsnrcZkowTxMWigSbb,MELTDOWN (feat. Drake),Travis Scott
42VsgItocQwOQC3XWZ8JNA,FE!N (feat. Playboi Carti),Travis Scott
0OEe83mMZ5kaNw5uZQ7ilG,DELRESTO (ECHOES) (feat. Beyoncé),Travis Scott
6wsqVwoiVH2kde4k4KKAFU,I KNOW ?,Travis Scott
0lodMO0qK83vfPiiD7FMEt,TOPIA TWINS (feat. Rob49 & 21 Savage),Travis Scott
4GL9GMX9t7Qkprvf1YighZ,CIRCUS MAXIMUS (feat. The Weeknd & Swae Lee),Travis Scott
2Q0aElTZQtEUsoiaQfizu6,PARASAIL (feat. Yung Lean & Dave Chappelle),Travis Scott
0bkV1iQHSxBaksUqgEkcbc,SKITZO (feat. Young Thug),Travis Scott
7EiUtdeoWcKqLi5ELZCjYf,LOST FOREVER (feat. Westside Gunn),Travis Scott
0a4SMs889NwP8oWI7Vemle,LOOOVE (feat. Kid Cudi),Travis Scott
4o82J5zr4DFEs9yj5szCVX,K-POP (feat. Bad Bunny & The Weeknd),Travis Scott
1i9lZvlaDdWDPyXEE95aiq,TELEKINESIS (feat. SZA & Future),Travis Scott
76gcXhY3Zv6wW0BTe9nHJo,TIL FURTHER NOTICE (feat. James Blake & 21 Savage),Travis Scott
00KjOnN3U40e3lXFUOue7h,10AM/Save The World (feat. Gucci Mane),Metro Boomin
22ykS8KWpd2r4zcRZ0XMK5,Dreamcatcher (feat. Swae Lee & Travis Scott),Metro Boomin
4sfXQzbYjROMuEgDfJisj3,All Night (BTS World Original Soundtrack) (Pt. 3),BTS
2nG54Y4a3sH9YpfxMolOyi,Shy Away,Twenty One Pilots
385tLniAOVymvQs4vwNgBG,So High,Repiet
4Se3fXoHJkcraQzJXo2IYn,Monëy so big,Yeat
7vgiGtKJ0uHroj1iyZwXuH,JPEG,Digitalism
7LTCmtMpf3JPfBE8gAl64z,Turn Yo Clic Up (feat. Future),Quavo
5swUIbecpzLt2yR8gTsx0b,Money Twërk,Yeat
049m5wlslFiYLQuqxrG6QB,Realest (with Eminem),Ez Mil
3horUXBBgEyTEAxfeT9c0P,TGIF,XG
2IGMVunIBsBLtEQyoI1Mu7,Paint The Town Red,Doja Cat
1QBi4PZtJ1olpOFO0ZaRoi,LATATA - Japanese ver.,(G)I-DLE
0QWpxoUxwJRd2H6aOdlp5n,Relay - hue Remix,(G)I-DLE
3jSMGwspwFJGWIaxNIDWsT,Light My Fire,(G)I-DLE
6b5UB8AvYPTYP5AC99BYjB,Reset,(G)I-DLE
3VqP1DVYFoS6sLhPbEtifi,Put It Straight - Nightmare Version,(G)I-DLE
4CYmauJmQcA2y07qfAbD03,Relay - Inst.,(G)I-DLE
2SZcEMawmu7BGQHllLKpkv,LATATA - Japanese ver.,(G)I-DLE
0WJAcoDysyE1hDbFOD7x6K,Uh-Oh - Japanese ver.,(G)I-DLE
5AhnpPbVuGKA9IvFq3vrKT,Senorita - Japanese ver.,(G)I-DLE
4rXLjWdF2ZZpXCVTfWcshS,fukumean,Gunna
7iHHxY2NLlJRAmlAmC4ahQ,Stuck In A Dream (feat. Gunna),Lil Mosey
7KokYm8cMIXCsGVmUvKtqf,Karma,Taylor Swift
40EXFgNMOIQRQOwJZ8mJkC,Who Told You (feat. Drake),J Hus
4RhkLF7D9fXIxnHNz1x77l,The Great Pretender,Freddie Mercury
0MXemkrh7WpAfiafcGQwZO,NOSTYLIST,Destroy Lonely
7LoWAhcGbxSkT6trTqXQR6,Intro,Juice WRLD
1L0OmJV0LnPDWuHCIGmBV6,On The Radar Freestyle,Drake
7woEDtme8YkFiWeyiinIjy,New Jeans,NewJeans
1sxGIhaxY8eF52e1TlShSP,Pardon Me (Lil Yachty feat. Future & Mike WiLL Made-It),Lil Yachty
62arbBrzA5unfUhpxXgrjv,The Cruel Angels Thesis,Beatrice
3k04M45DYWlXBBW2bo4T8b,Imaginary Places,BUSDRIVER
4ytYA85w10r770jRNr3o9U,Mr Emotional,Syence
2dFoLxdFqJHHIrwIz99r6D,Ambience,TRIVEA
2buC0ru4cVutdUhxIjH9Bj,"SUPPOSED TO BE LOVED (feat. Lil Baby, Future & Lil Uzi Vert)",DJ Khaled
2YXGbxICUdOUJe9OPlicy1,Pink,Lizzo
11C4y2Yz1XbHmaQwO06s9f,Dance The Night,Dua Lipa
3syxwxJqX5jpgjNYmvzdW6,CAKE,ITZY
5Ravsw8TmHN5wBiYPPYUFw,Right Now (Na Na Na),Akon
78p1rF7xx1snnaKxtUzBHn,Opp Stoppa (feat. 21 Savage),YBN Nahmir
2aLEATUp5mFqAS8X9gp97z,#infinitaProfusion,latex fruit
6NIXcwiJQHsqfbMuhqWQfV,molly my bean,MA Beats
69vbni6QGflWHbLmhL3j3m,WAKE UP,Gurinder Gill
7Kv0yPSr550uUxbAwAhH01,Groove District,Starjunk 95
1OaAlsbTJugFODycEgIDUj,Blood Moon (feat. Lil Uzi Vert),Mike WiLL Made-It
6zZWoHlF2zNSLUNLvx4GUl,Better Things,aespa
5qR6mlCWqzHMi1b1S8TrBB,Number 2 (feat. Future & 21 Savage),KSI
5BojMTUzwug3YQ21nThLhv,What's Up With That (Future feat. 21 Savage),Future
0Sya8tcvqVXsn1u96NEu2V,"Iced Out My Arms (feat. Future, Migos, 21 Savage & T.I.)",DJ Khaled
3d9qrCD7YR4dFTY0xIP8yq,blessing in disguise,HUH YUNJIN
3qX1dqmDdmMvvfMVfsx4Bh,m.A.A.d city,Kendrick Lamar
0kwrPQkiGVE8KTHalH1uMo,Super Shy,NewJeans
56v8WEnGzLByGsDAXDiv4d,ETA,NewJeans
02wk5BttM0QL38ERjLPQJB,Cool With You,NewJeans
1wUnuiXMMvhudmzvcCtlZP,Get Up,NewJeans
5fpyAakgFOm4YTXkgfPzvV,ASAP,NewJeans
6Pjzy9avwlVr4UAbxkQQmh,NEW DANCE,XG
7hxvMTEUOXEKDZ3nnUqbdJ,We Go,aespa
4367dXCt02KMgELPisJ2D4,HVN ON EARTH (with Kodak Black),Lil Tecca
2FI28SeyrsLmor4TaNmjEn,THE GIRLS (BLACKPINK THE GAME OST),BLACKPINK
0oc5rEc1sV7SHfKluwvxB0,Temporary High,Syence
0hT3FP6ZzRgIz5j8EOkE74,Ego,Syence
53Or0YarAZQT7RfEsI8Qw2,Firehazard,Syence
7LpMG3AEaIJgs62HQhAa91,i'm so tired...,Lauv
2Zo1PcszsT9WQ0ANntJbID,Feather,Sabrina Carpenter
7oTQ4d0UJeH8LOyvpfd5uW,I’m So Sorry,Imagine Dragons
1btlDAzPCavxclxczHG2WR,The Cruel Angel's Thesis,pasa michaelson
6hPWQ0BxwioM7wzG0DE2F1,Miss The Rage,Jeethz
3ORJauxAOuvOmVi0kU26Sp,Demons,Doja Cat
2u5jKAjyvyEDmsWTtfQzNf,USE THIS GOSPEL (feat. Kanye West & Eminem) - REMIX,DJ Khaled
0hfBRQVuRT2R8KDwjjir1q,The Real Slim Shady - Instrumental,Eminem
6Db8IlZ7YY1pfIjJllejyH,Hailie's Song,Eminem
0mlxHb4jbPr1PUBUv0WHRS,Stamp On It,GOT the beat
6mtjo5kIHKlboGE84lf1FJ,Need It,Migos
1cMMVJ4FDqhCci9efd1BU6,Need It (feat. YoungBoy Never Broke Again),Migos
1yr9HpAu3prvxmq783ZELn,Lemon Tree,Fools Garden
4cIRWwluJnwhz8yjvqSttd,Got Me Thinking,Maduk
0gKGu2f3ARj12I7mtpntre,OUTSIDE,HARDSTYLE DEMON
6yTy7zuNnUglg5EIlD5vX4,How it go,Yeat
0TBgMKD86t1VP3IzhxCoUl,Slippery (feat. Gucci Mane),Migos
1aJrVsHwcQMZ8TZ6mlvT5J,A Real Hero,College
7fmJGzyvOcbh6UANsH8Cp6,Lisztomania,Phoenix
6FmRdZepHOiewtzi0u88Kg,Sweet Harmony,Danny Byrd
0B5OTb36fzLayn6XQHg5A1,Scholarships,Drake
6t6oULCRS6hnI7rm0h5gwl,Some Nights,fun.
0hMoGEOU0ogjOAJCzMAczN,Off Tha Lot,Yeat
34KUIBsIUiPV7oCIzSdDAU,Diamonds From Sierra Leone - Remix,Kanye West
11B7WTuoInwUvuP1BnnGWW,bigger thën everything,Yeat
53vBLnXiEDNYMe4nHE7w91,Bury Us Alive,STRFKR
6uWtOFYzcpe4FygTlRt9uW,The Trip,Logistics
4F7A0DXBrmUAkp32uenhZt,Party Monster,The Weeknd
3PvChJcbDMKFCQppIRYQo9,Balut,Doja Cat
626ny9yM8RJRu7fEsKe62H,Hoohah - VIP Edit,Fox Stevenson
0dIfSEyjNJsdTzJKdBC2co,YAKUZA TIES,Cochise
749HNBEskSdXTKtGYvASFH,Barbie World (with Aqua) [From Barbie The Album],Nicki Minaj
1WwY9Dre9hiYT6TDo5NHx7,Memory Lane,Netsky
3MGaY9QZZht36DyfSyYb4n,Kallisto,Camo & Krooked
1q0jS20WymGaQCFpZsBZvV,Count Me In,YSB Tril
5ynDRNBqzffgtqSSxuIovs,LO TENGO,Trueno
3E1y4V7dxcn5AwKCD4AqFn,Dope (with JID),John Legend
7fsMkFC6OwhFqqYYPipgrO,Just In Time (feat. Lil Wayne & Kenny Mason),JID
5KWwD9LzZa6ruNYGNqAqoN,Ball Is Life (feat. Jack Harlow),Swae Lee
4vmqU3xlzuhxtaeXrtAX1F,EdEddnEddy,JID
1lgy5Mb6QKx47vJXmmwIri,Galaxy,JID
3utisM1p90YUtH7yjXyrrY,Raydar,JID
2WrldKXSBVbNNm3A9vJryi,Dance Now (feat. Kenny Mason),JID
65dO13qYabE4LDdQmjU4p6,Crack Sandwich,JID
2H2l7zo9EqtqxFr8R8N8Zg,Can’t Punk Me (feat. EARTHGANG),JID
6ZGoFntcQUWTPGGQPQmecY,Kody Blu 31,JID
3n31mf1JGlRxAGwHwx3pDd,Bruddanem (feat. Lil Durk),JID
3uFweCfk2Tk4fZzmTMzbRe,Sistanem,JID
14m8FDBybkX7ROmg1AXOpu,Can’t Make U Change (feat. Ari Lennox),JID
1SsbAUqPSt20PhHAuVSDNu,Stars (feat. Yasiin Bey),JID
5050y1NZdlMdTKMLNWv4nl,Money,JID
01uxEKAn9PjVOagvwWOSiS,Better Days (feat. Johnta Austin),JID
14l9gwYmyxQu5m8tD5bv0W,Lauder Too (feat. Ravyn Lenae & Eryn Allen Kane),JID
6KNNqqLaousABh4LeVhdJ9,2007,JID
41HjRauqr8JoBGf6z6aTW4,Molly My Bean,MA Beats
3HhAZV8ngUOOt4eUHovhud,The Fame,Lady Gaga
6M9SU31LwGOXLjvVfVrNU1,A Cruel Angel's Thesis - Director's Edit Version,onurbrv
7LqjznQwfrax7MjQXmxqdQ,Jenny from the Block (feat. Jadakiss & Styles P.) - Track Masters Remix,Jennifer Lopez
7DlZH8EiVDgQXNoj3dnyZC,Paint The Town Red,Doja Cat
6vb4kCEIM7zrwuHlxFbfeB,Demons,Doja Cat
5MqauQV2PhcEFfhKtBOTua,Wet Vagina,Doja Cat
6DOphQTeNmy1gk3um8sPYC,Fuck The Girls (FTG),Doja Cat
18EGw1StZNDftpUcX8PM74,Ouchies,Doja Cat
3zLwDjumhvIFFwAAZaDNPL,97,Doja Cat
15sNe8FD178zMsVz6ug0AS,Gun,Doja Cat
032UZ3KVrzII6AE9Abnj7z,Go Off,Doja Cat
4rjQxlKAIXbEqHzjrnYZ7x,Shutcho,Doja Cat
7dJYggqjKo71KI9sLzqCs8,Agora Hills,Doja Cat
5ZyQqAgrPr0cVm0VfM69Np,Can't Wait,Doja Cat
18dR6VljfkTb47HJOQ9chv,Often,Doja Cat
4NW3t9GA7CyBisyoROefUs,Love Life,Doja Cat
3qefkziLSTq2l5H1bRoea8,Skull And Bones,Doja Cat
56uOalQCSny79UjPrefkHy,Attention,Doja Cat
3yeVb5di44wD6CZ2sJromR,Balut,Doja Cat
1qimDZEBflJE25RXkF24Yg,WYM Freestyle,Doja Cat
7KbcPfcBMquaJGf4BVesOv,KRUSTY KREW ANTHEM (BACK ON THE GRILL),Kash Krabs
2XHzzp1j4IfTNp1FTn7YFg,Love Me,Lil Wayne
1auxYwYrFRqZP7t3s7w4um,Ni**as In Paris,JAY-Z
7hIKkllltXJFgGfUZbVazE,Lollipop (Candyman),Aqua
3qQbCzHBycnDpGskqOWY0E,Ella Baila Sola,Eslabon Armado
55OdqrG8WLmsYyY1jijD9b,Wyclef Jean,Young Thug
2fujhLR4zhDRPbYDhI0xRr,Who I Smoke,Spinabenz
4VnDmjYCZkyeqeb0NIKqdA,Can You Hear The Music,Ludwig Göransson
6AgtouHw1KrKy1PsoLjY3o,Daylily,Movements
4N1MFKjziFHH4IS3RYYUrU,My Love,Route 94
7hYW4hKuPkfaLbzTpg9hQB,Bayside - Radio Edit,Obskür
3YPF6GxjOi54ShTtuYr5zX,Не вернуть,Heronwater
30vtNWUytVwGIpN4HjXmtP,2033,Heronwater
4I6PlROQ8dSUmuQuz0kteD,Зависим,Heronwater
49hajDKqjFHykYyGXw0B0u,Мяу,Heronwater
3eXbmQ58zo1jULMJJzn9jC,Любить буду,Heronwater
4XpiSpfzFLHQLPtcQk2rjo,Рок стар,Heronwater
7yw4LUtI8MGBu4wQG6mzyI,2 часа ночи,Heronwater
4XLFnnl6ySlBfORSAEtFbg,Соло,Heronwater
4PXQeZ2LISjm5VIZBbNlF8,Много,Heronwater
0neJZiX7UgJAPFggWPQod0,Один шаг,Heronwater
2LWSVwIacpKyt0I0K7GHAT,Ща нормально,Heronwater
5R0QZk6LeoDS31RDlHAt85,Сегодня,Heronwater
1QxZcU1KEBA63VdW0FPIZT,Всё дизайнер,Heronwater
0EtCuEtXtyKGISJLf66AiV,Пугали,Heronwater
7JzA1NxdVp1vhZMemHigQS,Не везёт,Heronwater
1zAXSZrqq4nZIQVsBsmHZW,ТПФ! - Так пахнет Фальшей,Nikitsunami
5LuXsO34x6KVlL8OWsxRqk,Ok Ok,Kanye West
1dl8w8jWWN8c00TUKH6vwh,Pyramid,ALYSS
0uOFnl7AMGFPSos3yXn4xj,King Cobra,Yung Lean
2Zw3HNjaNV42LnQ2uY5JQs,Myth,Beach House
2VdT56BGpdqNHUgOe1j5vc,Rich & Sad,Post Malone
3pbN3SGJott0Rgb5aE5kqc,Transgender,Crystal Castles
2eDvflMCe9ssOkUJrxqikB,Thé à la menthe,La Caution
7gpy7sfWPNuOKmUNs3XQYE,Carry On,fun.
7BqHUALzNBTanL6OvsqmC1,Happier,Marshmello
23SZWX2IaDnxmhFsSLvkG2,Gorgeous,Kanye West
0NYghWsUxVToYiv51VDIC7,Gravity,Metrik
3BnDvpeuGOj21Ir2aVEtQo,Calm Down,Rema
3ulPHKDNiXKU9l27dTq43N,КАК MOMMY - Sped Up,INSTASAMKA
35KV2Nuib6jPMVN00O8iba,No Mistakes,Kanye West
7q5wmC4tPHeRGr2RpxEVN3,Climax,Camo & Krooked
7x8O57b6oXzmbwANbSy2wq,12 Stout Street,Rx Papi
0ijQGZOw93dc4Uo73FivD8,Titanium Hairdryer Slow White Noise,Katie Anne Trigger Sounds
0ohx3e1J7BBGM6sMD4QfU5,Trap Phone,NLE Choppa
68RhNM8ehkarnEKnCkqlsp,24,Kanye West
7cJm6ENCOTONwAMBPN1U9r,Forever Young (Live),BLACKPINK
7a86XRg84qjasly9f6bPSD,We Are Young (feat. Janelle Monáe),fun.
2bjwRfXMk4uRgOD9IBYl9h,Portland,Drake
6x0jeG72v8tYQfpfox6dWh,Born Free,Kid Rock
0JKGe340YJwfDrpXqPQ8sw,Daechwita,Agust D
4bjN59DRXFRxBE1g5ne6B1,Haegeum,Agust D
0SHO7NVnp3U5NFc9YWkPCR,Gët Busy,Yeat
3SXXFIZel1VQQ4ENiqozxi,Still into You,Paramore
5yuNoNdlwATqwlliZ6nPLd,Serenity,Trshckdbl
1WnKJJKMtnmPdvFGOxcRVZ,Everything BoZ,Trippie Redd
4DBLBCVLDOmJwRysidmjHL,I DO,(G)I-DLE
01qFKNWq73UfEslI0GvumE,3D (feat. Jack Harlow),Jung Kook
0203aGEIzVVlmvQ8lX4fmV,Side Piece,Jack Harlow
3u8bblcJtOxxmGzJrviWLp,Movie Star (feat. Pharrell Williams),Jack Harlow
4QvdQaaVVxFcAB9CTaA9Hl,You & Me,JENNIE
6p2GEXda3oj2PjPGoZieTK,You & Me (Coachella ver.),JENNIE
6xXCn7H2Yl8SDD6jxo5SpN,You & Me,JENNIE
1Z3sBD8yUSLUVt16mMdaVj,You & Me (Coachella ver.),JENNIE
3eP13S8D5m2cweMEg3ZDed,Virginia Beach,Drake
0Mrnt1YqVuW2bqmwu4VxDt,Amen (feat. Teezo Touchdown),Drake
3oZZfVvLJuDYc4Vn3A63Fw,Polar Opposites,Drake
2nibvvDdAQkVraYP00z2RS,Calling For You (feat. 21 Savage),Drake
1mjAD7IYvI5UGiB7WnppMf,BBL Love - Interlude,Drake
1yeB8MUNeLo9Ek1UEpsyz6,Rich Baby Daddy (feat. Sexyy Red & SZA),Drake
4IcbUXrAzBtn6iUO1LP471,Away From Home,Drake
1PIgY9ybyFT9uWLM5POYGY,All The Parties (feat. Chief Keef),Drake
6ZprqcYFC6D9eIZaCoqrSn,Gently (feat. Bad Bunny),Drake
24FUBxaAYSBlWsbSnEzDcn,Members Only (feat. PARTYNEXTDOOR),Drake
0w3Mfe4PIVjuFjJbe3OlYv,8am in Charlotte,Drake
1DAibqbopEYULPEtE8WHTE,What Would Pluto Do,Drake
17IBDpAl3J39swaoPlfGpp,Another Late Night (feat. Lil Yachty),Drake
0ArVfVP8B5svkfj8clHNzB,Screw The World - Interlude,Drake
7aqfrAY2p9BUSiupwk3svU,First Person Shooter (feat. J. Cole),Drake
3IHt4j5uAEl7iBu8Utn985,Tried Our Best,Drake
03rwnftfgpYVO6QDWOZcG6,Drew A Picasso,Drake
1GpWY5RiInhezB8wGWs6oN,7969 Santa,Drake
2YSzYUF3jWqb9YP9VXmpjE,IDGAF (feat. Yeat),Drake
0AYt6NMyyLd0rLuvr0UkMH,Slime You Out (feat. SZA),Drake
53KaP77tkliz36LPxWGlWK,Fear Of Heights,Drake
4ZT0wGKwlJRjpMUuwZVy3p,Daylight,Drake
3JZjcKImHcmOI9ylL4zrSc,Bahamas Promises,Drake
4OGIeHtYhRTJ8iW21UUyZW,Bad Bitch From Tokyo (Intro),Pop Smoke
6O7fPYTsb2mY0PiFt2ymDB,Aim For The Moon (feat. Quavo),Pop Smoke
71d7LaAgPcNcUopu3OzmP7,Make It Rain (feat. Rowdy Rebel),Pop Smoke
1JDhNQ0oOT7XpclZn3aQ8F,West Coast Shit (feat. Tyga & Quavo),Pop Smoke
0dkB3lhbWvyCq7nQTMokQ0,THE GIRLS (BLACKPINK THE GAME OST),BLACKPINK
4YvWJ90kvKt4G3KoYtxnhj,Hai Domo,Cao White
210JJAa9nJOgNa0YNrsT5g,GODS,League of Legends
19vHgVS1aukRiQWhTqfKnE,DArkSide,Bring Me The Horizon
3CUMd8XMv3LBSLrDrKoXQE,From A Man,Young Thug
0BlMeDRvAOgRjUDDLamIaO,Bikini Bottom,Ice Spice
3QLjDkgLh9AOEHlhQtDuhs,Best I Ever Had,Drake
1xWkeSPhf3bZqHY7Ncz8vp,500lbs,Lil Tecca
5G9CRx8UPvVfZe1L8gXKT0,Sorry Bout That,Yeat
5qekvMTAf3MkUGkqHLTQiR,Beautiful Lies,B-complex
0A4U044HpN5o6sni7ookNg,Solid (feat. Drake),Young Stoner Life
3HqpgMVOwvufx2UKwn5lv5,Get It,stack$
7hgue2CGpzs1SCP9VswVyJ,Kane Train,Machinedrum
608a1wIsSd5KzMEqm1O7w3,I'm On One,DJ Khaled
6aE1kHca8lxdIDMgZwAwfJ,Way Back,Skrillex
4pcafPzLDSqQktqSpxHL3E,THUNDER Y LIGHTNING,Bad Bunny
5YSHygGN9D0mID1NsVd5my,Reminds Me Of You,Juice WRLD
01JMnRUs2YOK6DDpdQASGY,Grace (feat. 42 Dugg),Lil Baby
2i2gDpKKWjvnRTOZRhaPh2,Moonlight,Kali Uchis
5Gt9bxniM1SxN61yRzRhXL,United In Grief,Kendrick Lamar
2c7sRekhMGlj7u1WIIzoQu,Fighting My Demons,Ken Carson
3wAI7MIQtTgwcRmwchPZBc,Go Legend (& Metro Boomin),Big Sean
303ccTay2FiDTZ9fZ2AdBt,Music Sounds Better With You,Stardust
2Gk6fi0dqt91NKvlzGsmm7,SAY MY GRACE (feat. Travis Scott),Offset
6ptNBM3aWWACAQqC4rgkmp,Save That Shit,Chief Keef
5Ex5aIXLQimPjhiRUZjtre,Mazel Tron,BLP KOSHER
2a1Q7nkbTnSZKemuJslY4z,R4C3,gaptoothv4mp
11pEKMLmavDu8fxOB5QjbQ,Pipe Down,Drake
09OvHPSQFbUI3a9zcs1rr2,yeaaaa - Rolling Thrax Remix,svntana
7rC5Pl8rQSX4myONQHYPBK,Mob Ties,Drake
3tYxhPqkioZEV5el3DJxLQ,Youngest Daughter,Superheaven
707DkaerHk1Ad2uySczdR4,Games,Dina Ayada
1Py8c3dkLF0YczcAyBFBEM,Never Hating (feat. Young Thug),Lil Baby
6rTInqW3YECMkQsBEHw4sd,Solid (feat. Drake),Young Stoner Life
38844QuZDlnt44uHPrSA3S,Oh Okay (feat. Young Thug & Lil Baby),Gunna
7zjEyeBsaw9gV0jofJLfOM,Livin It Up (with Post Malone & A$AP Rocky),Young Thug
1jk9c0gZI0wbn5GvAj7PBV,Check,Young Thug
6755DFiZ7CWe2WMdTGW5C1,Ski,Young Stoner Life
3fX6IqwpcIYjyJwQFdJF8c,Focused (feat. Young Thug),Quavo
6mnXRMJbREKWyhoBk22mm9,Ok Cool,Young Thug
0bHGxQlqSFCXG2UdKhDcrM,Como Te Llama (feat. HiDoraah),Young Stoner Life
4yIU37j6zJPhxdiJ4oKbLH,Run It Up,Young Thug
1yKLa9X63tBfvLojNOw9y8,Harambe,Young Thug
3gU5UjonWuuBhyHriPIcLQ,Paid the Fine (feat. Lil Baby & YTB Trench),Young Stoner Life
7BjDcHQ6aKuVDjfiNFzk3I,"Really Be Slime (feat. YNW Melly, Bslime & FN DaDealer)",Young Stoner Life
1KO3uvaL4nIfvY3xYW1I7g,Jungle (feat. Gucci Mane),Young Thug
0WFPUgTcCfBdCrEmfcYicD,Stay Focused,Young Thug
6DIujfQPzP04ZtgtIYQ4Pi,Around My Way,Young Thug
5b06JZjts6dgyyuY1m7roq,200,Future
7cUUMazsBo0UWky3LdUXZI,My City Remix (feat. YTB Trench),Young Stoner Life
4Dgo1FQ8twbLTdEdgi8H1c,Omg Bro,Gucci Mane
4XXZUgs1CzGqAzTUGBWHf0,Trigger Finger,Young Thug
7qS7KuJXDGaz02j7fbdRJW,GFU (feat. Yung Kayo),Young Stoner Life
54nCzj6TQ2tukxToVUJJp5,Sake Of My Kids,Young Thug
43bzQqXjp9XsgSUqGqMtCX,Stunna,Migos
5kBmoWvzfQgpd1pVGwFwab,Dome (feat. Duke),Young Thug
5PrUgp50eMSlL8oCF1tkQX,Stay Down (with 6LACK & Young Thug),Lil Durk
3OvpPFBnvymTrQgriPfwoe,Doors,Young Thug
78TCs438McpJgCGijm2Xeq,Tell Nobody (feat. Yung LA),Gucci Mane
1DL8sQcR4hUsaSisoFnQkR,Trance (feat. Karlae & Yung Bleu),Young Stoner Life
3VoOoJulzDLJkmlHBCIhio,Mister,Rich Homie Quan
4QfVMnOYuE5Ah7E4g1p6Bx,Can't Tell (feat. T.I. and Boosie BadAzz),Young Thug
0nnazcJ4kKCLAVXS2BnDx2,Plan B,Migos
7hcjkFjIyw8vsUOVIDlcmS,Old English,Young Thug
4PMzZ6gKvrZQxEq4JDmM7D,Rollin Rollin,Young Thug
17BRwZprutfd37Y8lEb5q4,All Type a Drugs,Young Thug
1QQasRIKWL2IaVqVL6q3Xl,Beat It,Young Thug
6ISVKd55z3xQic5mkSzUU0,But I Want,Young Thug
4X4cPQicoAfannkUFUXmi9,That Go! (feat. T-Shyne),Young Stoner Life
29GvhwlStyNr9BQTX4M9qx,Faces,Young Thug
7GvUBG1eQWBWq42r52gexo,1017 Lifestyle,Young Thug
6hzihWgC6jDEni8JPGMnAn,Mack Truck (feat. Jim Jones),Young Stoner Life
0jBtYJQTfichBA9tdpJehk,Pots N Pans (feat. Lil Duke & NAV),Young Stoner Life
0SCI38AbloD4iazmdjCOmm,Aye,Rich Homie Quan
0uqsdBw9KvD8jSWmfMmMAp,Stressed (with J. Cole & T-Shyne),Young Thug
67ROH2OmjC1mtmBMFYPB2U,Stoner 2 Times,Gucci Mane
6o4nVtywF4F75RkOcDxrtd,With That (feat. Duke),Young Thug
1X1dy95bo2OirAmMkBIwkS,NFL,Lil Uzi Vert
3aNUyVXnMz7dvtU3kcZ5k5,The Cruel Angel's Thesis,rash
3SEd8nPd8MpGwk6ZZ8tk2j,Mamacita (feat. Rich Homie Quan & Young Thug),Travis Scott
5O9zs6G6RcB6yP1OKwnwiM,Choppa Won't Miss (feat. Young Thug),Playboi Carti
3GkEnNf2RWmdwkA2FfjQ3g,Came and Saw (feat. Rowdy Rebel),Young Stoner Life
1CDBn2Lm7E63XKQDsdCq6O,No Limit (feat. Young Thug),USHER
5uqphUYsR45kPYplrYSAQh,Throw Sum Mo,Rae Sremmurd
1tbGgVkbTmkGlrfxgU5HZJ,KNIGHT CRAWLER,Trippie Redd
1JgknGBbrfmEHeOZH051SS,ecstacy (slowed),SUICIDAL-IDOL
29WxJqIfDRMo9isV07kbJP,PARANOIA,HEARTSTEEL
4y4Prw5JPDmM6NvtA4VK6g,V12 (feat. Lil Uzi Vert),iann dior
46NzAxDzsE443IsyZndZfP,Miss The Rage,Trippie Redd
6JpN5w95em8SODPiM7W2PH,The Story of O.J.,JAY-Z
076dgKUJezTQ6tyW4MMGTm,< EPISODE OF AZUL >,MYTH & ROID
3nkNQlnl1hg98AaUQ3HrlC,RAISON D'ETRE,MYTH & ROID
0QRkegi3ShNaOexUSTMFMM,MOBIUS∞CRISIS,MYTH & ROID
0c0YHn3DIQLl1opsQDd9kO,Wish (feat. Trippie Redd) - Trippie Mix,Diplo
5sdQOyqq2IDhvmx2lHOpwd,Super Shy,NewJeans
73RbfOTJIjHzi2pcVHjeHM,What It Is (Solo Version),Doechii
74X2u8JMVooG2QbjRxXwR8,Perfect Night,LE SSERAFIM
2EL58P9iKGM5L2sO203i5y,Blastoff (feat. Juice WRLD),Internet Money
2BH3j05ZXWr5PR30sW079d,Crystals,Isolate.exe
56QNTK715IJeYmJP2grB5f,Singapore (feat. Destroy Lonely),Ken Carson
7ELPiYjcp2DjvbrKdqcAx1,KEKE,6ix9ine
6wyhUr4Xw8z5uSy0AhoZfU,I'M ON ONE (feat. Drake),Future
5PDg07WlhP4B6XWtRgYMQD,Before I Die,ShadowStep
6wQlQrTY5mVS8EGaFZVwVF,Smile (with The Weeknd),Juice WRLD
2sTDlCxmuZCTDKKk9f1qus,WHERE SHE GOES,Bad Bunny
7EiZI6JVHllARrX9PUvAdX,Low Life (feat. The Weeknd),Future
2d8xiUGjUalhOp4t6M2i0w,Girls,aespa
4KpRtp0XqvXQgq8FRNmSEZ,ЧАСТУШКА,Karna.val
66XdchOy7BJNdtmqj6LU9E,i8,Karna.val
4EumbJMAz46utp1Xi6IsLp,ЗАКОНЧИМ,Karna.val
3DZwsHxTYjCcMUTcSkATPl,ZOOM ZOOM,aespa
2ouguQxJZn4jXisuNREqe5,Life's Too Short (English Version),aespa
3tB10LUdisNWISpLw5gPCk,Lingo,aespa
6kCHPE4E6nVg3KxZdlifnE,Forever,aespa
1uIN3VCVKzMXqF2A2Qlw5q,Life's Too Short,aespa
11JpW4h96X4TlGt6LFpNCC,ICU,aespa
7jW2dcStZndF9lWRrPUvzV,Shine,Spektrem
04hgBWsBDEyVP8pH0BCZbG,Jennifer’s Body,Ken Carson
0108kcWLnn2HlH2kedi1gn,Blank Space (Taylor's Version),Taylor Swift
5GyEbpUAN4ErmlPOxKgODR,BILLY,6ix9ine
6RGH7mvHffrBcHuW60vgZB,PAINTING PICTURES,Superstar Pride
0rKWJnmo6Q0ovoPOLoLm0t,TOO MUCH,The Kid LAROI
39xDX63yonTblgoHdTKLtI,Hardcore,Ken Carson
3oByO94xgLnworeBgkCsGo,Wish,Diplo
0zKCV1MIjwbBmIDjNK7ZwW,Night Work,Sione
7imeoEOH6oT8bGeo9C6Lvk,ascend.mp3,mimofr
0grLyO9HmxtestrFZrFJfU,I Don't Need You,southstar
5XWlyfo0kZ8LF7VSyfS4Ew,Drama,aespa
3EI3OLBeM89B0o0UsIGCOx,Trick or Trick,aespa
2uJEnyojuGg31VVlLTQFpp,Don't Blink,aespa
1mdtLny0zugh89vokWGG80,Hot Air Balloon,aespa
3OQWohbPUsvbXaH1AiRazX,YOLO,aespa
52qof5uEYA0TV0EpR7jNxs,You,aespa
330IIz7d75eqAsKq1xhzXR,Better Things,aespa
4OMJGnvZfDvsePyCwRGO7X,Houdini,Dua Lipa
2dGxjfhFXDIUX9h5ImyKkE,Sexy Bitch (feat. Akon),David Guetta
3r8RuvgbX9s7ammBn07D3W,Ditto,NewJeans
5bnqVShfhXTIk1XCyly5w5,Get A Guitar,RIIZE
3jHg6QE70y2FTdnsxSrCbv,GingaMingaYo (the strange world),Billlie
34JfHOd0fcefm4FSPSrIhF,Cold Blooded,Jessi
63pHo56L4k2VLXqzt1shrK,Lovin' Me,FIFTY FIFTY
14XLUySagFhP9KoqOTg5ka,VIBE (feat. Jimin of BTS),TAEYANG
2bnJ8IxZnVc2YmUaX0sZap,JIKJIN,TREASURE
0giAhiU1PIrYKHRpKNp4XT,Red Button,Drake
1GZJGEId948OqKmf24ubj5,Polar Opposites,Drake
5Mc8XDfGQCMkOEZm9rS1cE,Red Button,Drake
0ZB5pdrM1leH58IgokDPZM,Stories About My Brother,Drake
2Mph2Rvl5kVg0MYtfV60wZ,The Shoe Fits,Drake
4ASBfwBwwo7DTT2zq9YSLP,Wick Man,Drake
2ut4BOQSqxLpcX5MtPjzYa,Evil Ways (feat. J. Cole),Drake
5Se32hEA9raeboZerywxka,You Broke My Heart,Drake
2R30S0W4JCM9JaQWlpmeWn,Calling For You (feat. 21 Savage),Drake
1us5wNgZc0YLT8RQQs2Q7L,Daylight,Drake
4gQBXN2GBRpemMuxg5y3h9,Slime You Out (feat. SZA),Drake
6YV2AI87l1n2fzqU8Dyo05,Virginia Beach,Drake
59ZmQR4pwCaa5iM3veM7Cs,Amen (feat. Teezo Touchdown),Drake
4CljUDO1I5hpKjwSNK6RWY,Water - Remix,Tyla
5FDc4ljIWyW8wClzt54dhs,Big Diamonds (feat. 21 Savage),2 Chainz
5ELU5WP9GpuMQ78RAivBjx,Fade,Alan Walker
3gMcS1sIJMCa3GEUlAVCRy,RYU,FBG GOAT
1a9x6fk6pUMxr28vZR3nU3,Never Freestyle,Coast Contra
2rboIU0MlYu20NuLlO3DJz,Legacy,Coast Contra
4ZEG0B2F6vrlnzNwKBXzC4,XXL Freestyle,Eric Jamal
3MtB4aOzFkXJvAREmsy1Dj,Green Room,Ken Carson
5ZY2fIqxuKDr5pdz0ucpRz,Lose It,Ken Carson
0hhNTyH6RJJGItHeSMCof3,Me N My Kup,Ken Carson
6dhLnWxKnrrCszvUKRPkNq,It’s Over,Ken Carson
2pcv4nUQqaZnJk1kYvCfXV,Succubus,Ken Carson
2l48XirhkqQ5qRqtwItNXn,Paranoid (feat. Destroy Lonely),Ken Carson
1uKWqIe47TjOC06rvTEWQa,Pots,Ken Carson
1DypGkTryeH4cPFBVucxo4,"Like This (feat. Lil Uzi Vert, Destroy Lonely)",Ken Carson
4hZi9952OTtYQnXo2FJT6C,Overtime,Ken Carson
1U29Vg8V5ivbxirZaG7XAR,Vampire Hour,Ken Carson
5wotbFovMedDXEMKC4DrHf,Nightcore,Ken Carson
6p1j9OP2IBdzR5tgtyJk10,Nightcore 2,Ken Carson
5I8LS9jiW5xju1lzakh1s3,Rockstar Lifestyle,Ken Carson
3YBU7JlsPHIXhEuc7OXrIT,i need u,Ken Carson
6WSBZroxQaO3FYEpT2ACFH,Baptized In Fire,Kid Cudi
2joEpsXflccZD0ZwKEdz5m,Sugar,Men I Trust
21vc2kQZMS00cAyNT82a1M,VULTURES,¥$
2QKBvCMHdokPoy2b44dK2m,Don't Play (feat. The 1975 & Big Sean),Travis Scott
1YD3uHIQDElnNeEyfvQnWf,Christmas Drillings,Sidemen
6BjtaWm1T4kDWAqHrf8vEi,Legends,Juice WRLD
1DVrsNQ5lb0m8R8lVouNPF,+++,Isyti
4tYgIiUcdPwUNgAGJy8gOL,Hai Domo,keloqz
4xhsWYTOGcal8zt0J161CU,Lovin On Me,Jack Harlow
3Inkkjvl4toS3ygca6XdBx,Eternity in a Moment,HOYO-MiX
6boMhSqEsb7LcRWl0mzo9T,Streets of Elegance,Yu-Peng Chen
4fFHFp2cadSc397kr5wPbx,VULTURES,¥$
28niVl6iodHnHpE1bCeJiV,Freestyle 2,Ken Carson
0WCiI0ddWiu5F2kSHgfw5S,Take It Off,Kesha
0kHlKWunEQ5zoQmKHNJT6P,K-POP - Chopped & Screwed,Travis Scott
34pKV56b6d7Nz1l6av1nZ1,I Want That,(G)I-DLE
6ehWdR7cGDXnT7aKEASJxE,3D (feat. Jack Harlow),Jung Kook
7uyeEbG6hyApgXuEypGcsZ,Baddie,IVE
2DwUdMJ5uxv20EhAildreg,Cookie,NewJeans
04CXnx5jbmTSXhItqc13fs,DELRESTO (ECHOES),Beyoncé
2aZg0to4VSRb3CXFdcPAMp,Whole Lotta Lovin' - Grandtheft Remix,Mustard
0O85RmVuOTvfj0oHIVrZlv,"Ring Ring (feat. Travis Scott, Don Toliver, Quavo & Ty Dolla $ign) - Extended Version",CHASE B
7mEUjhl6aTztdHCrxoTgBG,Wash Us In The Blood,Kanye West
0O9WkgPDfZ7A9DMDocF6ur,MELTDOWN (feat. Drake),Travis Scott
628Ueb4sRiXApObhcU9iPU,Black & Chinese,Huncho Jack
3ypseB82bDUiUAnL5R4yGF,Whole Lotta Lovin' - Grandtheft Remix,Mustard
56AMYGJzxBO6p8v0wEe9de,Hot (Remix) [feat. Gunna and Travis Scott],Young Thug
7JGyxh8G8QZnu4AMJuCqlj,Saint Laurent Mask,Huncho Jack
3GUEsjyYsxsgk06bkiyYsa,Antisocial (with Travis Scott) - Ghali Remix,Ed Sheeran
5mEE5p155rwEwxk83wcRIZ,K-POP - Sped Up,Travis Scott
0ve8TlcRP5e6N9p4C4hQ9Z,Whole Lotta Lovin' - Le Boeuf Remix,Mustard
4RgoqOBE34Q6zZj8K7RUAx,Go,Huncho Jack
7g7raxdQpiLZT7aOlib4S1,Motorcycle Patches,Huncho Jack
6h9CGN0OKU6DHoImT76ZCG,KRZY TRAIN,Trippie Redd
6JNnCWv9LEpbOfgG6Vy2w6,The Cruel Angel's Thesis (Director's Edit Version),fatit
4MbUcaX58NkUmKXe6FuBaV,Blessing It -remix (feat. Substantial & Pase Rock from Five Deez),Nujabes
1Q1onoQM04M590VO7aLOyt,Spiritual State,Nujabes
6fzsRmsi50Wa6snAArkfkf,Another Reflection,Nujabes
6zYBZOP6SuKa5JszwpAz7Z,ordinary joe (feat. Terry Callier),Nujabes
6JSUYYELFOb5YaBTnTKFlA,Battlecry,J-Naphtali
4mVB4tgvoxnrCppDLCm4JB,Samurai Champloo - Battle Cry - Main Theme,Geek Music
6eGMwVVABqVTe9bWRIm498,reflection eternal,Nujabes
6gSalwEvVQfSFiqgwfyITp,Luv (sic) pt2,Nujabes
54tP7fhHUq3Y7JsWofn9TH,Luv (sic) pt2 Acoustica,Nujabes
4SquYNaAEtpiTLT5T8tkx6,Luv (sic) pt2 Instrumentals,Nujabes
45ejirK0hfPnsjgzj3s7gP,Music is mine,Nujabes
7mEPuj0XW6eK14Unu6IUc1,Eclipse (feat. Substantial),Nujabes
2g8vK3m0npTrzsADQAnbVO,The Sign (feat. Pase Rock),Nujabes
2eej8hyValZva7TdN39zeD,Thank you (feat. Apani B),Nujabes
7BBZGDSZbsb4Esi8YB94HT,World's end Rhapsody,Nujabes
07JBINIJSHZMkpghrXe2po,Modal Soul (feat. Uyama Hiroto),Nujabes
69jGxyfw3lzGGYf78jdkpF,flowers,Nujabes
4rAcMik7N6LlIs61u5bzYo,sea of cloud,Nujabes
2rUaktaAxshyPzIdAKzk1Y,Light on the land,Nujabes
545g4jlvOqZo1sj6k1f9j9,Horizon,Nujabes
2rnAYh7REAMGYqJUXJKZZK,Horn in the middle,Nujabes
0JL9TZip7mL7iwC5EOkALS,Lady Brown (feat. Cise Starr from CYNE),Nujabes
3GUqoL8LDEpw2GH6G9onE0,Kumomi,Nujabes
3yKLskgaU2py5ET4OBDQmg,Highs 2 Lows (feat. Cise Starr from CYNE),Nujabes
5tO3pr49SdxO05TNlYHfHT,Beat laments the world,Nujabes
68hjxmQouj1VRaUg8BHWAV,Letter from Yokosuka,Nujabes
0rKR7VLBxqVQAz2UEe3D8N,Think Different (feat. Substantial),Nujabes
07JIJUJdAP9LiyYS5rS8cR,A day by atmosphere supreme,Nujabes
2csdd679hni5tQsW8lkEV1,Next view (feat. Uyama Hiroto),Nujabes
65u7IbuZ4viAlVBHxnpos1,Latitude -remix (feat. Five Deez),Nujabes
43pWChQ7AOab9wlSGy0dN6,F.I.L.O. (feat. Shing02),Nujabes
2NgInslT2bXxgqeCaoyX2z,Summer Gypsy,Nujabes
3MZHDutJalh9C4DNLptn2v,The Final View,Nujabes
4pVwc3fU2RqL7l7L0fSwaq,Peaceland,Nujabes
35cOJUqY0WBzPP7QfKRdTZ,Luv (sic.) pt3 (feat. Shing02),Nujabes
6norVbAE14clVMEyDuRw1m,Luv (sic) pt4 (feat. Shing02),Nujabes
7FY4KAi2JIoPLxNPLdmnAY,Luv (sic) pt5 (feat. Shing02),Nujabes
72LSGNDLY4sdvyrGIKtd2Q,Luv (sic) Grand Finale (feat. Shing02),Nujabes
7GgxAb6nyVReB3FFxtQWkV,"Luv (sic) 12"" Remix",Nujabes
2aFye87RZsU4JCTpufsDSD,Luv (sic) pt3 Ta-ku Remix,Nujabes
1aavevgQdmNMbbUqiptqD9,Luv (sic) pt4 LASTorder Remix,Nujabes
1RvcbRFBPwe8GdHDT7PkDj,Luv (sic) pt5 Jumpster Remix,Nujabes
16wGHOPaWoat5rkAZkixxk,Luv (sic) pt6 Uyama Hiroto Remix,Nujabes
4x7z7PwjRpbtFNKXihsHRr,Perfect Circle,Nujabes
0kktHCDWaD777RCGHw6Alg,Luv (sic) Instrumentals,Nujabes
5iwQQDLg0wRhQ3WHorms7t,RAISE MY SWORD,GALNERYUS
0DWdj2oZMBFSzRsi2Cvfzf,TQG,KAROL G
4O3RwH1TFG1EjPezLIYehI,Life's A Mess II (with Clever & Post Malone),Juice WRLD
6vqBH5sqd2Evzz8SSTHqE1,hai domo,Coa White
5xDmI9T8BGIliC0m1g3xCG,Haepari,Coa White
2mPlFdgYNE9LKIkrwABifp,Free Game,DJ Drama
54XqJ3fP3GxmUejMsKwCaK,One Of The Girls,The Weeknd
2ewEh7LuvToYyGHq7yT8N1,Shelter,Porter Robinson
5kJ4BWZ9Y1qFIwwTbMIxYX,The Difference,Flume
7foeH2Emgq8A3LWk3q6dat,Kitsch,IVE
5XXAkqaDUHTVyBCuVBzCWF,VVV,mikeeysmind
41iF26gge0j1ZNkaGQUpJg,VVV,mikeeysmind
7zxRMhXxJMQCeDDg0rKAVo,Some Way,NAV
1nX9KhK3Fff27SnrIor2Yb,4 AM,2 Chainz
59Q16UjyoQLm5T6zj8VUf7,Nothing's Alright,witchgang
6Xro9B6kJoVhZG33Q3qGAg,Ur thë Moon,prodbystarz
1kuGVB7EU95pJObxwvfwKS,vampire,Olivia Rodrigo
4qmG24ebshLXtKu9HIShBP,Lace It (with Eminem & benny blanco),Juice WRLD
4bJ7hDIjOucR0hGDEaVBOr,Best of Me - Radio Edit,ARTBAT
6lZ7Xk3tviCAAWGgVpnpjA,Ur The Moon(see yuh),Gonova!
4wQmwPWCUn6gi11Gep2qsP,IT GIRL,Aliyah's Interlude
4XLAs5Afol9rREXQpm0wvJ,2024,Playboicartier
75AQGl24TZ3XtquEkMfcFZ,HOODBYAIR (CARTI),Launchr
4zDVyID7jd4pHxEpm1opuO,2024,prodbystarz
3QuC9rZXdD44FNBg64LFrw,VVV,mikeeysmind
0aKtOaxsJwe3xECPZFbj8u,VVV REVAMP (prod. SANIKWAVE),JAY DVRDEN
3Gz6hPjXvBbWEPcNG6IDh4,Talm Bout,LL Clawz
0JAhPEoONQL73kx2aLNHh9,Pissy Pamper (Cuttmixx),Cutthroat Mafia
2DamfbXzcyaTYNjVGkbVom,Pissy Pamper (They Tryna Be Cray),Sly M
4kjrB4xpcXRiAjLRivGhN2,Broke Boi,Playboi Carti
3EMjLBx4YPmSPOGW3F2LJi,Pissy Pamper,LL Clawz
0r85vScIQIDyiPT8UwzmFa,They Tryna Be Cray (Pissy Pamper Freestyle),Cartier Pineiro
7Gb9W3Wp5oDwYd3DLcBrmA,Pissy Pampers 2,HBK Ronny
76RQhJdlV0x9P9fAHmxwkk,Pissy Pamper / Kid Cudi,Ace Hashimoto
4pmyLN8S5ArgDrjkvzJIGi,Pissy Pamper,elevan.
1oNcc2isuz7d3hc1fMoHqj,Mileage (feat. Chief Keef),Playboi Carti
2iqHcRoOfLl1fXCf1bGO0J,King Vamp,Playboi Carti
5ty4Q5MYQrrZcfcLiT1bp8,H00DBYAIR,itechica
2PlKiiE4RaHr75kkHk2b7I,2024,725
2I60ftRTKAAjcfQMbOmbSr,molly my bean,b4lnci
2nvgRMZiyfFAHEGsxGSbxT,"Hello, My Name Is Baby",Мэйби Бэйби
1qnJkcQxCcLDVGppCbdWXr,DURAGA,Мэйби Бэйби
1NqjgcPyktZDJArRz9486a,Принцесса Диана,Мэйби Бэйби
7qHNSOvoAZc7SdeJClZJbq,Kid Cudi - Remix,Xavier Wulf
2EVtNumNKJ5rsDxSJCyEOl,VVV,333etman
4ylzPQ0re4NRE5EWnNUxCw,UR THE MOON,725
1LphKBiUJOq1mzeQ6SPMbs,2024 MUSIC,prodbyhaven
3x4378ztiLvFmm2nuzEI0C,The Cruel Angel's Thesis (Director's Edit Version),Yoko Takahashi
6iY6AZY7FTpXYDjneY9TMS,VVV,mikeeysmind
5JwFFJ7h9GN7D9ZI11qkBG,2024,KillTec
2rMalf25yo25RfK5yPuZf5,2024,Devious Dingleberry
7fa9MBXhVfQ8P8Df9OEbD8,Girls Like You (feat. Cardi B) - Cardi B Version,Maroon 5
6rdkCkjk6D12xRpdMXy0I2,New Jeans,NewJeans
3gtlthEgyulDfT8dWdKsnv,Spicy,aespa
6odqveUIgvpWWvtANLcZpH,Red Moon,Lil Uzi Vert
7ztsvXsYxhTLGoUOUx9Yvv,2024,@tayyebsultan_
5ZJGv7aGdIr9IGpxzSG18T,Everybody (feat. Lil Uzi Vert),Nicki Minaj
7fKRGSEsy6Y5e1gE7trjAv,Next Level - Lionclad Remix,aespa
4WOBcLq8VFP4xWLyNMAotu,妳在哪裡 (WYA),Jay Park
5vsjD4VbQzkUUlvwFOhppn,ONCE AGAIN,WINTER
7LOV1wyhrT7XjFgbz5sJ88,Dreams Come True - Instrumental,aespa
5fqaeJMmqwhDzdYD7b4J51,The Bottom 2,Glorb
13vDyXsPFtx2JTdoREXDNZ,BACKR00MS,duchovic.f
285Bh5EkbxGGE76ge8JDbH,Lucid Dream,aespa
6l1dTAhX7P6EKvA11NLNuW,I'll Make You Cry,aespa
3UKKwGrpWWamc0XNSKXjmz,YEPPI YEPPI,aespa
0QdCkuB3CH8jbttzGQUilL,BACKR00MS,Midnxght
543jVJIoCGTUCcCWNheFqp,Ur the Moon Catier,Negoheror
7FHO4mwDma9ZDSxYKVy6Gs,BACKR00MS,bazu
0ZN01wuIdn4iT8VBggkOMm,Symphony No. 5 In C Minor Part 1,Ludwig van Beethoven
1N4aKUceMYrmoFxrFyUPw9,"Beethoven: Symphony No. 5 in C Minor, Op. 67: IV. Allegro - Presto",Ludwig van Beethoven
13o5ovRBi7RFHlSEBbPLJa,"Beethoven: Symphony No. 5 in C Minor, Op. 67: III. Allegro -",Ludwig van Beethoven
4dssRGm0miXv5WWaTSrDyA,Backr00ms,TTSound
1Jirl3rwbIHIYocjSR2k9o,BACKROOMS,liminal00
3XqM8hLCEYlbnFjoWwqtFv,Angel Numbers / Ten Toes,Chris Brown
20WKIcsFqP3fpWvnfKEqv2,ur the moon,wzzywrld
3VBj0lzjmhTzVFPEDOjNCG,BATTER UP,BABYMONSTER
5elnlnwyQuaLjQjV3jxDaw,How So,TwoTimeVae
09bCi6R48VLvechRCgeuN0,Hai Domo,RXCHLD
4yreExU3eRNTe2iJz6X6k3,american dream,21 Savage
2FoahzOSxJnalPA8aBUme3,all of me,21 Savage
52eIcoLUM25zbQupAZYoFh,redrum,21 Savage
6x9pCndnXEoea0CMcfjs9W,n.h.i.e.,21 Savage
2K7sv1mno9PvbXVBpqvSKn,sneaky,21 Savage
47yD0e9MCRIB8dgUXPfyW3,pop ur shit,21 Savage
5P1z8XwsCStb74emERTx9v,letter to my brudda,21 Savage
0fyP96TikhD9sM4eKqw5Yp,dangerous,21 Savage
2yUzr8Sr6ldG8vmHhZwTnz,née-nah,21 Savage
4E64eAph6AYI98ucunrGH8,see the real,21 Savage
5wttBUDyaHAR5q9fYnN3YF,prove it,21 Savage
4Xzq2WibDHR5Eufi21HlEZ,should've wore a bonnet,21 Savage
5KI7I4mEtulXcv5VQJaV35,just like me,21 Savage
4yLyVdEqV790aIXyGif85v,red sky,21 Savage
02Cp3VTUWNed8hr69BhKz6,dark days,21 Savage
1TSO0ctzwVy2OPrbCvJDnR,"OFTEN, I HAVE THESE DREAMZ (with DJ Drama)",Kid Cudi
0vb7QySMXepNXxyhBhEJRA,KEEP BOUNCIN’,Kid Cudi
2Adxpr1j5lSihOCsmIfflJ,GET OFF ME (with Travis Scott),Kid Cudi
5670KAPQHSRuZ0AEVA0zlR,MOST AIN’T DENNIS,Kid Cudi
2RWlRSi9TthgUka2yrLnrD,WOW (with A$AP Rocky),Kid Cudi
7iwBRiipMHOz0sApVqZBRF,ELECTROWAVEBABY,Kid Cudi
3DYpdmTRaVSEAitwkMHSwA,A TALE OF A KNIGHT,Kid Cudi
5csTIHoUYgE6jHVrsRrV7a,CUD LIFE,Kid Cudi
5DZHW9R4WldaenHCUtM8KC,TOO DAMN HIGH (with Lil Yachty),Kid Cudi
5LKdHz3R60AuKc8Wy6na2j,GETCHA GONE,Kid Cudi
0kUQWMs1bRlwFNKA4Dce3f,AT THE PARTY (feat. Pharrell Williams & Travis Scott),Kid Cudi
7BJtyE1kN9ryPK7hacABLz,MR. COOLA,Kid Cudi
3D6P7SBsmLeWhzPcNL4kEF,FRESHIE,Kid Cudi
0fNkiHpqmGcxD89fDOfArX,Ur The Moon,Maori Beats
0HYdOMRPsDwihmgJXzFaKx,The Backr00Ms,xust.
617xCVhCgPZwyJo7zLqr7R,Airplanes (feat. Hayley Williams of Paramore),B.o.B
7AC2hiOBZCRWqptCca5r16,"RUNNING IN THE ""90S"" - EXTENDED MIX",Max Coveri
7GcbUQUvw2TIfmDfya8Jgv,Digital,IDK
5ytDzVL5ThzdrCYGQ5pSPO,No Cable,IDK
7JxDiCxsYDidZMbgamzAPu,"The ""E"" in Blue",IDK
5d6Mjuu2uCGRPYpFjGpCX5,Sugar,Maroon 5
5WbSJEinvcu8u7AgaeSQz2,On Top,Flume
4loUHO28CuvSbEiZXId1BD,NOBODY,JEON SOYEON
412SI13OfbJ6cpg2XYCtzz,Press Play (feat. Future),Nicki Minaj
1S9s9KeoM7RrXfIMb5SebB,Wassam Baby (feat. Lil Wayne),Rob49
7dTRqEiEFOeBN01GwD4Oyv,BACKR00MS,dopuu
3O6HR6RIaa1YFpIITVyeVq,H00DBYAIR,tsumeichi
45tD5FiRiU91ya2H62j8cL,残酷な天使のテーゼ (Directors Edit Version),Yoko Takahashi
3mDrmbNj1k3MUtJTHbkPlT,...AND REMNANT,MYTH & ROID
2EqH7eu4ZMfZg3DW8kUzSe,TEMPEST-TOST,MYTH & ROID
6zg798QwrK5RKDq2sVSuwd,Cracked Black,MYTH & ROID
6efHAEQ2qyzltYoBlkuomO,FOREVER LOST,MYTH & ROID
4k801lamr02gXMt7uk8Tev,PANTA RHEI,MYTH & ROID
0Iqcphch06zxuUFcljKjaI,ACHE IN PULSE,MYTH & ROID
6h0OixJrEgxP0CLngdtQ8F,TIT FOR TAT,MYTH & ROID
4StEtf6fBE2Banv2SPronf,miss the rage,RAGEX
6hWU8LrnjLyYHShDyNWFZj,Wife,(G)I-DLE
7f9Nbqm1ds2kxGHioJtdf3,Sculpture,(G)I-DLE
4GJ8qbGQ455O65r4pkcwAN,dans tes extended,Justen Koenderink
2ckw25vIQjnbN03XRwp55B,"yes, and?",Ariana Grande
3Bf4mbLfhXmvteuzPT8ADK,Evilj0rdan,YVL
3cqX6bsRIwJ24CvKwzaIQw,BACKROOMS,mud washed denim
0eF8TYM3rYzdS26URcs4U6,Gimme Love,Joji
5BEZtiV4ClWO0L2J0Mw7Hf,RICH BOY,payton
3QAMxMw7BBpqkIJpW8gE0K,Hai Domo,RXCHLD
6rY5FAWxCdAGllYEOZMbjW,SLOW DANCING IN THE DARK,Joji
2w9o7RW2F5kH7CtAxUfh2l,UR THE MOON,Carti
4htqRoEruF5WY8DUXzVx7z,miss the rage,RAGEX
5ck9P3yEwc8w2Z1oE0CRlz,Popular (A Cappella) (with Playboi Carti & Madonna),The Weeknd
5qI5EUqfDJpQ7w6sMECK7U,Super Lady,(G)I-DLE
3qWCIDzq2fBeCMNOL27XLX,Revenge,(G)I-DLE
4C7PyWUlTLUUgVZQVboCma,Doll,(G)I-DLE
7Dc5JF6aM3FjRMemwC39Ho,Vision,(G)I-DLE
1U7dCgahLpmAqLQ8YLh7tP,7Days,(G)I-DLE
2vNPGH1x5ZwxTjlvzLCyc2,Fate,(G)I-DLE
71E2JcSbv1abMaua23RBSV,Rollie,(G)I-DLE
1j8jqwFpFQ8YqsIJAiYFLZ,Wife,(G)I-DLE
7DHaf24CxsjF8mbXmoJv7G,Major System Error,Marmozets
1hKjEpzC0ijicBXs7SqVtl,Why Do You Hate Me?,Marmozets
0yVeiWczGMnI4SiSoAAx8U,Vibetech,Marmozets
4z2yBGCTe03An8vC7sVNxV,FACE,9mice
416l0Ja4QLqtXFGBDYw01o,SV,9mice
3Nm8zIKUAlUhRnpzsD28a2,SHAKE,9mice
1zMhdQNoES8fuWnaWnGR0c,STAY WITH ME,9mice
3Hgb84Lc1zM1fNotJuif1y,KINO,9mice
5bLPKjIyqFV47A6VERFaHy,XO4ET,9mice
0ECKdA9bJ1FYMoTUpinnD1,MNOGO,9mice
5qSepb2ZtQdJol9cvYb5Bl,SOOQA,9mice
5R2Y8RaLZFWMBwzrJZUl3l,ELA-ELA,9mice
1Ky6ZjicB3Pmiq6LMhFc6L,GWYN PLAINE,9mice
0UwXzHsDjqOBt8TOVlKH3A,BADMAN,9mice
6dIWtkoQ1o6Fxt2hTx7Dih,ГЕРОИНЯ,9mice
5gPA08pZwDXJf3hIj0IXwV,DEVO4KA,9mice
2fFVuZR61V8kfgyc6In9mn,RAZRUSHIT,9mice
48DSGMIsVnB3QwaftuoHtP,4EVER,9mice
1e1lAQAXDJ4VpXlnPB6WCj,N1CHEVO,Kai Angel
44Z6s87Qrn5qoOS6xfporf,VANDAL,Toxi$
2K70ZV0Ls65Kkj0WUEfHlz,Kerosene,Crystal Castles
54szynbAGTYhKKAjC2txza,Kerosene - Sped Up + Bass Boosted,deprezz
49dWV0bmBvIG4R37ipjbMR,Kerosene - Sped Up,fam0uz
3K5KXm1uZjiyQk0J7op1xf,9mm,Memphis Cult
7gl5qUaVpN6xOg4mkzGHSl,classical phonk,0to8
4nyMoK6gePLzCJybQl4O2F,Mtg - Coração,Dj Samir
7bxyNLXYaEYaZTxAuQTHlD,TUCA DONKA,CURSEDEVIL
2YSBjsqZ2YxwwHi8xqf9ms,Oppa,NECROLX
69dAPEKgjAUhtLBaOeI2BI,DODGE THIS,core5k
684yJVwS41anCimZla5jk9,The Automotivo Infernal 1.0 - Purple,MRL
6Seth37t5I69wFbuGFrsiG,REI DO BRASIL,Seek
0dQZTgDVjsQfrp7VCTQqYm,MONTAGEM - MELODIA ENVOLVENTE 4,DJ Dudah
2V3hsJU3bTOATih0Fm4aDp,BRODYAGA FUNK,Eternxlkz
6rm58LPjSArdS4zEHSKXDu,KAMI,DR MØB
0wGbyS1tExQSwOYu6UceyE,SHADOW,ONIMXRU
62ZAFyVwbc9f2M8qCW1qJr,MURDER PLOT,Kordhell
5Sk39LuvdwuvL84jD01Dum,vendetta!,MUPP
3bVJS1FUUkx3RmmmOVoeK2,ENOUGH!,Eternxlkz
1A7qPfbcyRVEdcZiwTFhZI,Memory Reboot,VØJ
2xIwyvnngUMIicY5S878bw,AREAMATE MIZ,Anar
7vtGOauV0Zz8Px5EJYm7d7,Life in Rio,Slowboy
0uLd2Bf1FBtBNQPsWIkpPG,Own Paradise,LXAES
7hcagAQDiI0TgUOv337NIr,Orquestra Maldita,TRASHXRL
3GbFWANaWI8VZf1AxqFeaN,Funk of Suffering,SXID
6ijmhnbAimirN5LHl0ps4W,REBOLA NO MEU CARALHO,TOKYOSLEEP
40BgVqrIRCLTb8bLS9xVY7,Twilight - Remix,Gatito Malo
6fazW2YcCSwJRdkoWls1FB,Brazilian Phonk Mano,Slowboy
2X1cIpDWE6nyBCde1iUBVM,Mtg Ensurdecência Estelar 1.0,FR3ST
7FoanMQjdrrecBH8YiIti2,PHONKGASKAR,Rushex
7vOmSP2647oNUGGEhWd1cr,Montagem Mysterious Game,LXNGVX
6yVjjQA31SLM1kc4j5jPwF,BRAZILIAN DANÇA PHONK,6YNTHMANE
2G23H0snYYKYqRlyFvVObS,|BONKERS|,staplegun
1qiio3SpjGF7M97YSyeAcB,OM NOM NOM,LXNGVX
1tkHHqMZaVoNtQvC32Om8X,PSYCHO CRUISE,ONIMXRU
6hRvewF5MRAsqqxnNs3z2b,SUICIDE YEAR,WEEDMANE
0iUrxveyNUBfj0cqjYEijt,NEON BLADE,MoonDeity
6qlnqjooo2LfPr0FLbWsbQ,Ashi Ashi,6YNTHMANE
4oMyggIzClkOcCTvotFLkP,Why Not,Ghostface Playa
5nyZmmFT3guVqrRxSkt12C,PSYCHO FUNK,ICHIRO
586x98q1tY2vlDlhN1BwQM,Mexican Phonk Eki,NUEKI
4kRLRWnn5u9wO2wOKAAdEN,Automotivo Bibi Fogosa,Bibi Babydoll
12FbZlYxIUv2rhB0oCQEhQ,Sequência da Dz7,TRASHXRL
6nqdgUTiWt4JbABDurkxMI,Sahara,Hensonn
1lS2qOUk6GA20XvjjrWc25,MANDA BALA,Ariis
6O4oKV3btLiEtOgEuplIUn,Override,KSLV Noh
04cMUwER7r2VwqMCj4kYJ9,Devil Eyes,ZODIVK
1ytfbcVbSMHIgzijgt4z2e,BIBI PHONK BR,Bibi Babydoll
7KmbiagSkUbepU88x7NWjb,Scopin,Kordhell
1vKRuWNMzYKX2MxdQawM0N,HOJE EU VOU COMER NOVINHA 02,DJ AG O GRINGO
4h3KlpOEXS6FxIpab6EKlf,INCOMING,MC ORSEN
3RlfkOE0lXMec08I6CaakR,YUMMI,LXNGVX
3RksMYhWbtDx6zicQFAn9F,CHIPI CHAPA BRAZIL,John Bis.T
7E7YqRQZiASXIENrGYlpSU,DEUS DA GUERRA,$pidxrs?808
2pIC8fTfWwGjbo31YyNtzT,RITMO DE TREINO,YOUTHISENDING
0G17UriYHMjXnZE2OJJSMR,SUNRISE (Slowed + Reverb),Xantesha
3TzPVU3jj6YdTunVdKimiQ,GHOST!,phonk.me
65YPiyiBBGQgqjiSG8jkvM,OneShot,msht
1aqP9g3lLR8bpFtkCTm41N,ANUBIS,KUTE
0zcvETeNHWNO050bqZAjOs,COWBELL GOTH,DRAGONMANE
0EqczV3o6fwksegAavIHpX,LOVELY BASTARDS,ZWE1HVNDXR
09m40hbfqNwnF5w2CbqIqt,Heavenly Key,glichery
0R902FnwJO8kBZYvtpQLrL,YUM YUM,LXNGVX
0RVmg31gzlshCm356g0HF2,BAIXO,xxanteria
1cQnwmwwUDB1G64mIi78O0,BACK2BACK,STRLGHT
4hcnbu7PdISGGj82ZuDpFQ,FRESH,NXVAMANE
3yMrcqveZ2DrWBYJbDsous,COWBELL WARRIOR!,SXMPRA
3VvcKToPY3diGRjERt8NvD,Sea Of Problems,glichery
3thB8qaxyKtLJ7ao1NpkRB,RAPTURE,INTERWORLD
3R3zF6Y5fnimYRXuBTrp9D,Robot Rock (Funk),DJ Paulinho Mondi Da Baixa Baviera
4B8gtpBuEtU9XUizl6BK2W,WAKE UP!,MoonDeity
3bzkdI9iT7ygXbHMzl4rkB,Beat das Trevas [Slowed + Reverb],DJ MENOR DA ZN
6njJR3OIp3oA0Kc4aC9Tzf,MONTAGEM - PR FUNK,S3BZS
72iyEnh9p6PoyJoEnAJDjO,DEMONS IN MY SOUL,SCXR SOUL
1Ucdq5ig5JvlNis649Q7GY,DEMONÍACO MANO,DJ FKU
5Y4OwloGr9QSxZLZ5DXGte,Broken Trust,SAY3AM
1RDxavHcARHSsw46Mz2hbJ,One Chance,MoonDeity
5KAwRUyeAky7zPyRkuuUl9,Montagem Game 196 e Nem Começou o Filme (feat. MC Morena de SP),DJ Blakes
2rCVGFo2htxWlkDwm3klAB,ultraphunk,dashie
0LDUzTvKVEla4L7GusNck2,POOR,gqtis
3xuOs8TPNwItkEYsApFEI2,TREINAMENTO DE FORÇA,TRXVELER
4sVrOA0sytAzv102tnQmr7,RITMADINHA DANÇANTE,DJ GUDOG
51XITKYiTT8sTVf4MElZg2,BREEZY,NUEKI
3iQ1B1jF370iZEaJUIs3eJ,krushed!,$werve
1IPHnu3hVkawJMzkP97tcm,Sleepwalker,akiaura
1cOOhtwpwDFIjsuZkp2KYJ,THE AUTOTREM 1.0,DJ RICK 013
0F22C2GRDrqxQFCEk7mds1,Louca Encubada,Dj Samir
7fuGHAXIjGGycKnIPlhG4L,NXSTY BLOOD,Wels
68Oq6HpPyW9aZAfShlrcsW,OM NOM NOM - Slowed,LXNGVX
7w4t6sPVdboBZpa5prmUuj,paranoia,KENTENSHI
7GkRFuPiAOxmRxiqUf52LJ,THE AUTOTREM 1.0 (EDIT by DJ ZK3),DJ RICK 013
46f2B6isZhPq4shhC1vZZu,SEQUÊNCIA DO BMW PRETO,$werve
1kJSda5yj2yM7NLXItqgZD,Diamondz n Roses (Back It Up!),VaporGod
7tQPXgC9h5m7XyzSpRCYkD,Poker Face,Bread Beatz
0kbBU3ey5IkKwPvDHXJOry,The Lost Soul Down X Lost Soul,NBSPLV
197TWE9WajnAEGBMYnYf3R,STORM DE BRAZIL,ashka
7kgpzX6QHe5RaE26F8ITiP,CALAMITY,Skorde
5H4pqmQbvIGYApiH4pXYKF,DRIVE,MoonDeity
4Cl2yoVbGozFm97tBNgq0L,CURSED,MoonDeity
6k7DBwWf8QnBOMYzQpJNOV,PARASAIL (feat. Yung Lean & Dave Chappelle),Travis Scott
1GhbQDYGEOjyFwfT8lojcx,California Gurls,Katy Perry
7oUHzZKNKUTrlU7DYxhQ7v,Maps,Maroon 5
4JQSMg83F8qYwSBt5xOXsQ,Diamonds,Rihanna
6QFCMUUq1T2Vf5sFUXcuQ7,Beauty And A Beat,Justin Bieber
1Qrg8KqiBpW07V7PNxwwwL,Kill Bill,SZA
02XnQdf7sipaKBBHixz3Zp,Paparazzi,Lady Gaga
1TEjSXPdAakDotj2Wji3PU,Hot N Cold,Katy Perry
2pFoS1KG1Jn8FynqPJic5q,Ur The Moon,dopuu
4dVMEUgiGPCAMqd3As65fz,インフェルノ,9mm Parabellum Bullet
6g7dZnyvxAvZdXRx0nRTQo,EVILJ0RDAN,dopuu
5CDuTBTKuXHwLIfbmqQdQK,No Save Point (From “Cyberpunk 2077”),Run The Jewels
6KlvybbokGa63tRS4J3Uqh,DOWN BY LAW,Killer Mike
6dqsNpjxt7mLDjhBjtEK0i,SHED TEARS (feat. Lena Bird Myles),Killer Mike
4EPfeopXB7rDQGR4ae0Xmt,RUN (feat. Young Thug),Killer Mike
0fWtHLKX2LsgOfImCyu94h,"NRICH (feat. 6LACK, Eryn Allen Kane)",Killer Mike
7BFp1EFXdckn3ERagdyHBG,TALK'N THAT SHIT!,Killer Mike
17K5opp9TO1OANv36IWsCh,SLUMMER,Killer Mike
1UsPflAuWTNteFUPJAJe8E,SCIENTISTS & ENGINEERS (feat. Future & Eryn Allen Kane),Killer Mike
4ctB5Ns5kSzqp9c4b4XO1R,TWO DAYS,Killer Mike
2Yu8MFsFUBXid4qUXVa4fK,SPACESHIP VIEWS,Killer Mike
2JsSL8GJDBDZB46TmLBv2J,EXIT 9,Killer Mike
7rxSBDMo5Lc1D0Bpn4unHW,SOMETHING FOR JUNKIES,Killer Mike
6bgwZ8k3UMqSfA7lj1vPqU,MOTHERLESS,Killer Mike
1f7eBRPgFfKPhqMU7z31yF,DON'T LET THE DEVIL (feat. thankugoodsir),Killer Mike
2h9FT0UAaAbrx3T8MHzwwd,HIGH & HOLY,Killer Mike
0v2Qgk39gLXMIJi6BY34Fz,The Weekend,88rising
7fkt7VMk5B3O0iY5yp4ZeX,HYDRA,MYTH & ROID
6J4rRj2uVfziGMyfrPEPLo,TALKING,¥$
6OON4kMjTFqARMFrRbmlwy,STARS,Kanye West
3aZSvXuZt8ymQeixzFQM9W,KEYS TO MY LIFE,Kanye West
1tz4np70ZKhzaXjdgl0J8i,PAID,Kanye West
3qnbLYCLzKvGIQXFyopS2H,TALKING,Kanye West
0Tgm7wkLb0AfAHAZDschvD,BACK TO ME,Kanye West
71MzcOebEC5KoWBbzvFPkj,HOODRAT,Kanye West
61jz3LFcAXLKU0i2JFXaSe,VORACITY,MYTH & ROID
2wtv09TnMhY1krBA0tgOBU,EVILJORDAN,"20,000"
4YSa8VQxjzsski1DOsvkHH,DO IT,Kanye West
3IoAMvGFYzM05B64h7qmdf,PAPERWORK,Kanye West
4E3XDKil4ElJt6sXuz5cc6,BURN,Kanye West
5rlXuCLnMdfo85079qXHoz,FUK SUMN,Kanye West
4202KkXGtULRsbRocWSw09,VULTURES,Kanye West
4m4BHvDfzIgj5LbQLuFiIp,CARNIVAL,Kanye West
7DPUuTaTZCtQ6o4Xx00qzT,BEG FORGIVENESS,Kanye West
6soQZdONN0ZsQ9hZ6Pkef4,GOOD (DON'T DIE),Kanye West
1ty0at2tUKqMGTyYbJ43eL,PROBLEMATIC,Kanye West
3jAI9AAHIlyKito0eQme91,KING,Kanye West
7GUhiAHLoVy1V8ucQuZ3CB,Popular (with Playboi Carti & Madonna),The Weeknd
3vkCueOmm7xQDoJ17W1Pm3,My Love Mine All Mine,Mitski
34r29cNzzV4elD0XTz1ihT,Next Level - Habstrakt Remix,aespa
0ijCESscFXtRc0dtDgu1Uv,Jingle Bell Rock,aespa
26YNVqHuwAPeBVfDscTPds,Forever (약속),aespa
0tCqfQ0MHZBYvsZ169ZnUM,Sorrys & Ferraris,Polo G
2dyAiC9k6s0mWnMSQRQJGd,Psycho CEO,Yeat
3bDH7eIQ84QWdBeWwffUZD,Power Trip,Yeat
5NAOhPAZ57eFAXr3qatS6i,Breathe,Yeat
7KdQOqCspznOjPDT0KAnuq,Morë,Yeat
5Bno6wFa22tRbFUwh4iZdk,Bought The Earth,Yeat
3rLjenWhYQNFGI1xrvTHWy,Nothing Changë,Yeat
17vVm6v7GE2tP2KRVbCwqv,U Should Know,Yeat
15qRV1yUqFR6ViOwxoopod,Lyfestylë (with Lil Wayne),Yeat
30ln1OwxEZdXDfEploBcsU,ILUV,Yeat
1ObrUCFugAMJoXcvpggbOd,Tell më,Yeat
3vpocwyn0RvKzeXo1tzSrW,Shade,Yeat
49wkg1xBo56T3oSa778RWA,Keep Pushin,Yeat
2qzkFJtbIFrGpOctOBeCbi,Riot & Set it off,Yeat
0D01toUYF9V47nYuzov5BZ,Team ceo,Yeat
3si9GTRnTpVGI1UIysHtrC,2093,Yeat
7H3lr9bsPBGFx5NyTuBBGc,Stand On It (with Future),Yeat
3w0w2T288dec0mgeZZqoNN,CARNIVAL,¥$
2OM0MeY7mPIRbs8SCzRdTH,Familia,Yeat
5tEaVciE2GnR28aN6W9cLS,FUK SUMN,¥$
0sHToOGWNu3u4rFl7CkzQJ,Hai Dom,Flex La Carte
1Rt5f1CktdvBOLX2RfBO6K,beamer boy,Lil Peep
5a8z2vyIDKMh5qcRG6w9wu,IT GIRL,Aliyah's Interlude
5NxjQuevCs0kaOk2IQ3eQk,VVV,mikeeysmind
3rRd5DKX8arozhm3JXDNBK,Ur The Moon,Frinecolis
14QW1Y8ZEJbWkkNAQkPn9M,Dreamland,Fox Stevenson
4UXmlYr1AbcsWsIbrUz2DC,Good Bones,LE SSERAFIM
2O4Bb2WCkjlTPO827OnBMI,EASY,LE SSERAFIM
2GquhrcHbl2zOnF5javAFp,Swan Song,LE SSERAFIM
4lR8sYGMGZPvthF2yUfo7T,Smart,LE SSERAFIM
631jkOX5M1tanSVc48QsJT,Psycho CEO,Yeat
6uFG0BRd3BaonWjEGuHYAh,As We Speak (feat. Drake),Yeat
24ySl2hOPGCDcxBxFIqWBu,Rain On Me (with Ariana Grande),Lady Gaga
2Lhdl74nwwVGOE2Gv35QuK,Cupid's Chokehold / Breakfast in America,Gym Class Heroes
4UFeJRT5wLdtrUhGfeKKmF,Cupid's Chokehold (Speed) - Remix,Music Factory
7Hqig8kp32q2Ire3ECQvWM,Paparazzi,Lady Gaga
6et5HwX6nTYddg7hDGAxug,ONE CALL,Rich Amiri
2mOG4ODdWBFXZXTzbZNRqP,Bittersweet,Gunna
1R3T5hYa4ffAqmsJfYPnQx,Okay - Acapella,French Montana
6Y9LODoptY2RDhLJtZXAG7,Run Thëy Mouth,Yeat
37R5fNqhHvcBOwilspUwHq,By Myself (feat. Destroy Lonely) - Sped Up,Highway
3W2kGv8CcwRl2MWQN5vxKL,STUPID IN LOVE (feat. HUH YUNJIN of LE SSERAFIM),MAX
1MY75FuoKZwaR9dXS0qRjS,Same Block - Fast,Trekt
0g4PNSR6DXV9x2XNNM41Qo,Praise God,French Montana
6Z7daM6VLNrZM3neE4GR9s,A Cold Sunday,Lil Yachty
38xfZGIHjdZnSfMuJu7R1Z,Conquer,Marshmello
49oKnEjgRSs3DMXScEU2G1,Gangsta,Free Nationals
7Cp8NGy4IqrJiefzZoSG0w,Spin The Block (feat. Styles P & 50 Cent),Uncle Murda
69qpnXA2OzzhrvtlwpJrIf,Ain’t No Money,DJ CEO
6Qb7YsAqH4wWFUMbGsCpap,Training Season,Dua Lipa
41cpvQ2GyGb2BRdIRSsTqK,Moon River,Frank Ocean
2KNMqqNd3sLfeN4ukKduRT,Moon River,Frank Sinatra
2EOo6tJpZIgmVQHmUv1dtg,Moon River,Audrey Hepburn
0z3SLiAGchaMeEqMGihxWQ,Moon River,Melissa Benoist
24AIahNHzBxm9S12peXbnG,"Moon River (From ""Breakfast at Tiffany's"")",Andy Williams
3sICyTPASesVzpfGc1nM2t,Moon River,Carla Bruni
2HUAjeHWA7FQNbnWhlboOL,Moon River(Original Main Title),Henry Mancini
5iGleL7HpEThuuYQ3us2jh,Moon River(Vocal Audrey Hepburn),Henry Mancini
6ogLCBRFJCVD8d5oWmOHwE,Big City Life,Mattafix
0wEGo9LsSrSUz9HOtraWAO,Overcompensate,Twenty One Pilots
5FgVPx6YCKH2phxXmILF6a,Over You (feat. aespa & Chris Martin),Jacob Collier
2FBkPf8hS5Jam6YEnV8DBF,Colors pt. II,Halsey
4FqMPJlvfY5Nfo3gRKcNxl,Colors,Halsey
5x2XIAdvFxWCwIOMNkbWUj,Young God,Halsey
4U38hORPx8SsUAXGumsUYN,Hold Me Down,Halsey
6s8PRmROPJHlqZmu9Bbviz,Roman Holiday,Halsey
6zQq3TrWnilO8SR1fgvTeD,Strange Love,Halsey
3ek4HgBlmvkTWgfT5sTSe9,Drive,Halsey
1r1WtSrPbAOYHE7zwq4eqK,Haunting,Halsey
5dcYoYFAXh0f0qI05AoufB,Ghost,Halsey
5Dg2h1wsm7ZijCo0yLmbvR,Hurricane,Halsey
3UhxppZQkfk9WniMtjpESF,New Americana,Halsey
0NoeYUnwpb9R26mpylHcR9,Sugarcoat (NATTY Solo),KISS OF LIFE
70efTlnBNM8BvfhfPiqOBN,Nobody Knows,KISS OF LIFE
5n4FTCMefvyKUjeWumdaWv,Miss The Rage,Trippie Redd
3mNGuUrkCvfE8eu9dqgueo,Если Захочет Случай,17 SEVENTEEN
5expoVGQPvXuwBBFuNGqBd,Hurt,NewJeans
6fdlsLUlBjKm3ktImJfFEE,난 당신이 그리워요,neevah
167Ik6zpt9ivirr7n1sJ9W,Sleep tight (feat. Sogumm),KONA
0C3UgbB0xPdvSTgLyUn4L3,daydream,5sckar
0pvuzonxoFvwTPsxxFFkbl,SPACE (feat. Khundi Panda),JIJI
7pT2hRT5Q2Y1rruyHmYpDM,Don't sleep!,NECTA
5D6JJNT4i8jcW48RF65yZJ,Byuljari (Star Sign),Liu Lee
6Gu5xbkZFqu2C6q8jmV8Up,used to be (Feat. Offline Stephen),babycandy
6Uh6sqPKqPUxvKue0rZSaP,akiba (feat. kosame & Ohiorabbit),Coa White
4aDLfMYkF2MXEdw9lqmSyy,DAY (Feat. SKOLOR),yaon
0rzsF9B6gD3sEXsokjUUz6,Find Love,xiihu
0yyw0bWbNTzSuFfWiJlWFZ,Different,Futuristic Swaver
0wn2ByteW1XYXKGVUMXYcy,21,Lil Kintexx
4PTmmq3DtJ4lOCn8vH0ftz,not again.. (feat. H:SEAN),vusglacks
6Gu2NCoKTCVH238GzVP8LM,"미안, 넌 자격 없어!",PAR
0Lxq1xGt0EQO93EbXD6Fzd,NISEKOI,Futuristic Swaver
73W2TjEgNRe2tWsMmiiDqL,Butler,jinnin
789OVLjlbJRBbT8gt0SM7e,Flight 801,HEARTCORE
0YBBidlnNiMZ3QU27X0TCK,100000000,ksmartboi
1zcb11MSeMgHhiIy2GDiyW,muxhluv,blowupnasty
5BsgZNSanBNYYG00TA1pYw,수련중 (feat. 하회),Paiddy
3aJvG6dcSw6uKJS5uP00A7,DUMB,Luci Gang
3FLOH7gBLeeAYRVVfVh4M7,Nowadays (Feat. ASH ISLAND),ZENE THE ZILLA
0ksNMDJne7Kw3R2qA7J1Dh,WOCKSTAR (Feat. 김상민그는감히전설이라고할수있다},babycandy
5Y1JLn2xFudNJolHkvoTXk,Slow Motion,Matt Champion
3QS9ZCtoSCJhmaJ7QNXSAS,act ii: date @ 8 (feat. Drake) - remix,4batz
7n95jpOAG7JF4epwkFJwLn,VVV,mikeeysmind
38NXH8WqiK5txwU0wwIcHn,Join the Club,Bring Me The Horizon
6vSRW8utiYAdoCfJG2v86r,Taking A Walk,Trippie Redd
24A1MxM364lveyyDomwIYq,"act i: stickerz ""99""",4batz
0zo4aX57COch7Wh3NRImTM,Heartbeat,Childish Gambino
1D3z6HTiQsNmZxjl7F7eoG,m y . l i f e (with 21 Savage & Morray),J. Cole
0j8ppsOOawdPCJnSTcXgOy,GOSHA,$NOT
4bEcoz1OcfMgUbp2ft8ieQ,911 / Mr. Lonely (feat. Frank Ocean & Steve Lacy),"Tyler, The Creator"
3vF0AhxMruNL9bKYJ0Qlf1,This Time Around (feat. (G)I-DLE),Jennifer Lopez
30n30ec51A8XNUcuT4g6w2,This Time Around (feat. (G)I-DLE),Jennifer Lopez
2eJBpNlTTPatjec4SDQvuo,In The Air,Destroy Lonely
5pgPZFwKj6HND4AHh7TVvO,KNIGHT CRAWLER,Trippie Redd
7zxritDvIwIsJcnZMl0t0C,Hai Domo,Cao White
0knbMPVHpFbsx38pLoYSRs,Hysteria,Muse
3bORPYiUdiKGiQCw0M2xZ7,Теперь Здесь Идет Только Снег,17 SEVENTEEN
2tudvzsrR56uom6smgOcSf,Like That,Future
1pnDvUuAEd6z8bKEsbAjk1,We Don't Trust You,Future
3OxL6MuctgZp1e0zxoAZhH,Young Metro,Future
70ToiXlzl8N1EgfC07ZcZE,Ice Attack,Future
28drn6tQo95MRvO0jQEo5C,Type Shit,Future
57ELn9TPDIhrpl0dasS465,Claustrophobic,Future
2GLWhy9iiO1wrLUF5l4FtJ,Slimed In,Future
7pBcryEKcUEaWHwAu1wUyP,Magic Don Juan (Princess Diana),Future
0hKtu53OlIFXVuYkZwcn3o,Cinderella,Future
4q7y1JFDBJSBSLqXVgcI51,Runnin Outta Time,Future
28xOPIPw0joNPwYd0asIT5,Fried (She a Vibe),Future
72qABvaqn3TP6drO2tByA6,Ain't No Love,Future
3Vg7nPYlOrCkcV1abKbRQ1,Everyday Hustle,Future
4XF9fk0STp9hx8xn5Suwpz,GTA,Future
5imsnhkfPCm3wajS9ksb21,Seen it All,Future
1xwvjqcwflD2NEqRCNcCo2,WTFYM,Future
30TcFxtFyju8isK6Hjo9KY,Where My Twin @ - Bonus,Future
3MAX1blv9P12wBOPgHMfra,EASY (Instrumental),LE SSERAFIM
6kgw7PUCGNd9hq61skYJ38,Колыбельная,Oxxxymiron
00xlok82LYb4ByhaNnbajK,Накануне,Oxxxymiron
0fPgzaKfkQa224ivo4Bnyg,Слово мэра,Oxxxymiron
2y791mn3WOnTjRYeODixkk,Башня из слоновой кости,Oxxxymiron
2H2ytI7ompfNmRkI2sq8Uk,I LUV IT (feat. Playboi Carti),Camila Cabello
0MJ5wKsPEeihONNfugHGy7,Tip Toe,HYBS
7fUdg7SLmtYqZcewxpxmI2,Tip Toe - Sped Up,Scammacist
3oUEzTAoOxqZHN4xiqTGqJ,Bécane - A COLORS SHOW,Yamê
4ToOfelAD6oEqbeHyTTKMS,Die Trying,aespa
1aKvZDoLGkNMxoRYgkckZG,Magnetic,ILLIT
3yphjkz7V5xFXdfBEXVKL6,Cupid - Twin Ver.,FIFTY FIFTY
6uK4mB7y8JHa87NuYxl3lQ,Бетховен,Платина
3CdCn3ml6TOVgFp9rR7n8c,ХТТ,Платина
1zaX79J1OUM4GqY1MCiTfq,Молодой русский,Husky
5b9fy0wOl589N1Va18AMWV,Поэма о Родине,Husky
2bZOEiz3OzibO03DP9Gkjf,Весело и грустно,IC3PEAK
2es7GIf3KtBcoL5aOlG8Tm,super shy - instrumental,no/vox
7sVbKoBdhXtYCEOO6qC1SN,We Still Don't Trust You,Future
0SdpzQRdK8BdSV57rn6AZZ,Drink N Dance,Future
2BOpFmZQ89Rjm2wvmud1MU,Out Of My Hands,Future
4k8XSN1nCJ0rMf4OKF3zEz,Jealous,Future
5pF8pF6U8ZDGTQmTY71hYn,This Sunday,Future
6Gf8Op8esgwchp44p1tIDp,Luv Bad Bitches,Future
5sOsYuB0SfyKzAeW3BXHjq,Amazing (Interlude),Future
0lOQaZwX9AkAiSvObh4G70,All to Myself,Future
6c0rii1TOf2fvq3hhqqExW,Nights Like This,Future
0ho8zpOysOSWZM9C4jALaV,Came to the Party,Future
1Aw7MLqN5oqvIva5KWDpGl,Right 4 You,Future
20BnS6yXNbYNVgPepicE1W,Mile High Memories,Future
2Cl3OfIwpKJFyJIimbGPCx,Overload,Future
3qm3IN6Yx53r3NIououTey,Gracious,Future
7lsepdNR69a3PS9pWMNICd,Beat It,Future
1FIwzmULOKGNmo5bOJqW0P,Always Be My Fault,Future
40vqMm30NcrokceG9auURz,One Big Family,Future
1oq77Ic0whhb0W7f2a1sh4,#1 (Intro),Future
4Dx4e0X5dR6TW85dtFU42x,Red Leather,Future
7nQXU7lu0RhVOSmsa3teKj,Nobody Knows My Struggle,Future
6J9ULUfgdVZfWnofbtLkfh,All My Life,Future
3CWXBLm0HSyJQIoTCFM12e,Crossed Out,Future
3GlQVf7QbQv1bro2mPL3K4,Crazy Clientele,Future
0cGn4vxyoBftN61XUv2aQk,Show of Hands,Future
4Orf7Hvci6SZrPIoUjGuFY,Streets Made Me A King,Future
0NrObqc8nK1XcDNPJNBKRV,UNDEFEATED,XG
28qA8y1sz0FTuSapsCxNOG,Father Time (feat. Sampha),Kendrick Lamar
4k6Uh1HXdhtusDW5y8Gbvy,Bad Habit,Steve Lacy
6huNf4dutXRjJyGn7f5BPS,Pray For Me,The Weeknd
6tDDoYIxWvMLTdKpjFkc1B,telepatía,Kali Uchis
4h90qkbnW1Qq6pBhoPvwko,Sidewalks,The Weeknd
04CyMEHliadfQWMUJb1w99,BURN,¥$
5fy3rE7QRKbbJusdan821g,Song 4,BABYMETAL
3Tc57t9l2O8FwQZtQOvPXK,my strange addiction,Billie Eilish
3LgWsmilsrWXiPYQFRD0T7,goodbye,Billie Eilish
6C1RWo8IahwlaSEAhhWf18,Knights of Favonius,Yu-Peng Chen
2KjVQZEE0vJcTjOWOirfM2,Дал зазу,Блинк
1SS0WlKhJewviwEDZ6dWj0,SPOT!,ZICO
0YThXX1dqUpYBLyJNAsF9N,If We Being Rëal,Yeat
79aidpa0WTZJ4eb1KfhxiB,If We Being Rëal - Slowed & Reverb,vunes
5juCu4WFTFRZ2XilopAMTy,Bam Yang Gang,BIBI
13lUcJaBkHkUPOFkj1vowu,H00DBYAIR,ST4RL1GHT
7yOE9QLCpbLLdpAtg67p3v,2024,ciaffa
77DRzu7ERs0TX3roZcre7Q,euphoria,Kendrick Lamar
0ve0CavjqrUqVmZ605RhTV,Jump,Tyla
6AI3ezQ4o3HUoP6Dhudph3,Not Like Us,Kendrick Lamar
6ERs9uORCo1MfV0m9ixCuv,FREAK,YUQI
0ky07Oq85l9zx7e427XGgC,first death,TK from Ling tosite sigure
0pHylQR53epYtRcVIhUSCh,I Love My Body,HWASA
4zCIxSnVWpGNghERX4uWZF,SMILEY(Feat. BIBI),YENA
3Dah48XTdzVtbIl4dUn6l4,Get A Guitar,RIIZE
3gTQwwDNJ42CCLo3Sf4JDd,S-Class,Stray Kids
1bxEpNR75Hq3T2oF9AZjt8,u,Kendrick Lamar
12Yy0hZrUebGnr3IrppPnW,Zero (J.I.D Remix),NewJeans
1icgLGTpX2fQXKRe4D7w2b,BACK TO ME,¥$
351KkakA2YtGEXqSEIIasy,Supernova,aespa
5OFVzqSeFxGpvDGyHvVeLj,It's Not Right But It's Okay,Mr. Belt & Wezol
6cIWZnJZidKcqGuArAUABr,I'M ON ONE (feat. Drake),Future
21AJQhGZpujjZQXByZAXpr,REPEAT IT (with Gunna),Lil Tecca
79GhK8ZAUQxGFfr6rEpdms,Potato Loaded (feat. Destroy Lonely),Quavo
7vNwsXLLZIZfJifJxzuqXU,CMON FREESTYLE,NLE Choppa
4A8cWXxKfIL3lAyUDzXbCF,Super Gremlin,Kodak Black
4heBcjj4Lw3X2sQVFNbLbz,Scared Money (feat. J. Cole and Moneybagg Yo),YG
5cx7vkF8BQ0iOsVpfvZbnz,Sleazy Flow (with Lil Baby) - Remix,SleazyWorld Go
6Qc90FMwNUjJ2M893RdYUg,BROAD DAY (feat. Future),Offset
1MIGkQxcdAt2lDx6ySpsc5,SUVs (Black on Black),Jack Harlow
3gOL6mYIq19Oq8raxIntrV,LIKE ME (feat. 42 Dugg & Lil Baby),Future
1nQaTUDJ7Rc4yOvZmg9Ozr,Mmhmm,BigXthaPlug
1BzXvBpIFWJgu0P8P6xmP4,Stick (with JID & J. Cole feat. Kenny Mason & Sheck Wes),Dreamville
0P2P1AxcRYhiZvoF5MyRmM,Rumors (feat. Lil Durk),Gucci Mane
3X2r2CnHOJeV5YekPTgBnK,Straightenin,Migos
5VlI5lLyZWdaS6kIn1CyJs,Waiting On This,Joyner Lucas
1a73gcEg6h6Re6hHXoVltJ,FTCU,Nicki Minaj
4sUTagdmyuyAxd7RvbygpQ,aruarian dance,Nujabes
7hzm68uGbxcvQY9FAtpk2s,battlecry,Nujabes
2Tt0lBrZ7g8kmtkSwjD6yP,Luv (sic) pt2,Shing02
6vpEQ6SGQWbRI1kFSzT6eF,Swäng,EL CHAP0
3ytbtkmMnkfwMrBi32a7FD,Like What (Freestyle),Cardi B
3eh51r6rFWAlGQRlHx9QnQ,Push Ups,Drake
73S4fsK22WH929PLFNYgOj,JEALOUSY (feat. Cardi B),Offset
5tLdDm1cVYAH2kk7TyjmdW,Thump Shit,42 Dugg
4EzkcqltSOxYE2lstuLOFs,Pull Up (feat. 21 Savage),Toosii
0jYYthUDGsJrYMCrtdHYtJ,Precision,Big Sean
6gmwkJCHUJa6f9RP4UrjSk,GBG (feat. Marshmello),Sleepy Hallow
1R7IfLjtJ4B9kqjIqaEeVf,NO TRENDS,Mike Dimes
0e1KTuawmiFLiK0Lh3nNtM,OKAY,JT
0aZG8KWrpRnsGL0loUkfSj,plot twist,TWS
1OG1NoKpZZLrMqMYCk9m84,LALALALA,Stray Kids
4Cyf87ul1le0xTWRFBoYd7,Killin’ Me Good,JIHYO
6P3CtlzTKLxcNYGOS3es8m,Love Me Like This,NMIXX
7M7d0e8Ue3Z7QieuZe72J9,Love 119,RIIZE
0ZPjVmof45INEERgYfadtv,Chasing That Feeling,TOMORROW X TOGETHER
5aaE27JUylnG7aPtGJPrrC,DICE,NMIXX
7x9aauaA9cu6tyfpHnqDLo,Seven (feat. Latto),Jung Kook
065yxZRBAsenRLZacB1uc2,Left & Right,SEVENTEEN
26Iv7VGUF1lqU10rxQXFL8,Summer (Feat. BE’O),Paul Blanco
5FJqpWkacWPUrXtJ5waI1j,Sugar Rush,BIBI
19D8LNpWwIPpi6hs9BG7dq,Bubble Gum,NewJeans
38tXZcL1gZRfbqfOG0VMTH,How Sweet,NewJeans
54tBIDmNdxGp04gPNWCCbi,How Sweet (Instrumental),NewJeans
54uNtM77iZ5gawWBQGnEar,Bubble Gum (Instrumental),NewJeans
2lbZVenA5kq80N8JCA1cnf,Drama - Instrumental,Dept
3xVtc7PB4V3AqAfq4Iahli,I'm Back,Eminem
1npvlbFe5G7F5LKUNE1QiO,Menage,Ayten Alpman
4sgMbwl9lXGyHcHmtFYGMm,Supernova,aespa
6i8MbzVn4nzyjUcSoVcz7B,Armageddon,aespa
1qVOxNk88HMDXteLce4fyD,Set The Tone,aespa
1tDvNjVn4dRAMwp9nSpndC,Mine,aespa
2llGaRhftbXIr1UgbpQpWq,Licorice,aespa
1dY5W7IZHUSpvTuCUWeXNE,BAHAMA,aespa
1l4aQeJKuPVUVtMVZw1fTf,Long Chat (#♥),aespa
4stu4P8xHdm8ywpX1YpdFJ,Prologue,aespa
3ybJERCKs3Jf3aT7xU1Vs4,Live My Life,aespa
3Jshe6lnGtBKqEJosdHa8M,Melody,aespa
6uz2JnWMcYfmWgJ7XEsjui,Silver Soul,Beach House
0Lmbke3KNVFXtoH2mMSHCw,the boy is mine,Ariana Grande
1iGQpclvzonFNzy7Ko89V7,Sticker,NCT 127
4C397XtpxJdRNCEmVav0gX,No Face,Ghostface Killah
3dvBEwRdcnh1aZVdT87GN1,Drama,aespa
2HYFX63wP3otVIvopRS99Z,Houdini,Eminem
7fzHQizxTqy8wTXwlrgPQQ,MILLION DOLLAR BABY,Tommy Richman
7wAEsALVvqyTNZAoTuChV1,Malatanghulu,서이브
1bkLYGNqJI2UzOKde3TIuM,한강 고양이 리믹스 - Han river cat,Silly Puszek
5ro5LLwaurWyLZSBnWuOAM,A Passage To Bangkok,Rush
2woXkv6GmNRtvLKmMfOw12,DragonTooth,Ski Mask The Slump God
6OOMOdJRdVWXdJ5CVqhjGx,DragonTooth,Ski Mask The Slump God
22IvmyP4Sy8g9j9Jk6iRL3,Monsters Inc. (feat. Future),Ski Mask The Slump God
4Qg50qAuoyEuZu4vjoIvjm,By Myself,Ski Mask The Slump God
6R6QNEIy56zoi5BZkx4OEA,Earwax,Ski Mask The Slump God
4stgxC6axMtdy6yTjW1v8c,Full Moon,Ski Mask The Slump God
58JZULfIk9SLlG1ABZ0OCB,Part The Sea,Ski Mask The Slump God
7zV7Liwc0902KEGFv8ssQG,Jah's Interlude (feat. XXXTENTACION),Ski Mask The Slump God
5qzqGywZG2ITnIRzsRgyC6,WDYM,Ski Mask The Slump God
0dxGlilXDBOK8UGQfgQq1d,Tuk-Tuk,Ski Mask The Slump God
3pXexc6FHcfGTivRK0jKet,Wake Up! (feat. Juice WRLD),Ski Mask The Slump God
1CrkvBrY114IjudDK57wBz,Hulk,Ski Mask The Slump God
52kliTAjt46mKfcd4TqGU8,Headrush,Ski Mask The Slump God
11qXHcbiKjDw5JknHQv6mI,Frozen One,Ski Mask The Slump God
1H1ZcPMYRsR7La4EYxdru3,KillStreak,Ski Mask The Slump God
1uG1y2bZatMk5goc5IccDs,From Yard (feat. Skillibeng),Ski Mask The Slump God
09I6obARojExYIVWZt0kyR,Him Jung Un,Ski Mask The Slump God
1vmXw8XW4ZkGbFMELp19yi,Let It Breathe,Ski Mask The Slump God
11uXFDwhG6yX0Ot9PSklFu,Mandalorian,Ski Mask The Slump God
3ptbrRGhR6ZlthhMlMejh7,Jump,Ski Mask The Slump God
0Nem7CDbuhQnxmN6BcsXJ0,Shibuya,Ski Mask The Slump God
0qC1gPIiwTRm84yQ13xOid,Go! (feat. Corbin),Ski Mask The Slump God
5hhcYwvps9NlsXdhoF2Wcc,ALIEN SEX,jarchive
2dfnX2aizo1CGP8iHh2U8G,Grippy,Cash Cobain
6fL8iaSdwmSTQiUv9K6L4h,Faneto,Chief Keef
0vaxYDAuAO1nPolC6bQp7V,Midas Touch,KISS OF LIFE
4VyCrRtc9UbYF6SGDuLFwg,Cupid,FIFTY FIFTY
3F2BLyGt6zYLrHYpbdTw5L,I Want That,(G)I-DLE
5AJ9hqTS2wcFQCELCFRO7A,MILLION DOLLAR BABY,Tommy Richman
2RlinrCj73yZ731f2zerOq,Bad Boy!,Bella Poarch
4IFd7EVCyJsUHesBMXI8ju,Parking Lot,Mustard
5ocSQW5sIUIOFojwXEz9Ki,Supernatural,NewJeans
58Q3FZFs1YXPpliWQB5kXB,Right Now,NewJeans
0Zp9WOkXX8xZS8QOhtdQ5k,LEveL,SawanoHiroyuki[nZk]
6Jkcg39vqttJezD7nfqrSj,Look At Me,TWICE
6vvPecFTmWxDfEJ6cYT1wa,Rockstar,LISA
01prGWjCTxKBxJc400zwvQ,Rockstar - Extended,LISA
64Wx8rvZgTwXgoVrapW1mj,Rockstar - Instrumental,LISA
6TeHkTppKC6Z548qme1KT4,Больной,Heronwater
65WARkY1OM3V6FgfchRgmk,BABYBARS 3,Мэйби Бэйби
2iJZhnGTPMuCiutBrmtAvh,BOY$,SALUKI
6ZxDAtoRgddwcwwqYHu3Cc,SPORT,SALUKI
5kuKQtQJrUQPGmCsCRJe4v,КАРИНА,SODA LUV
7h5qLC3yx9xOmCEIalSBrU,Beautiful Scar,Kim Feel
1SaLI6o5GhfcaxPVAJoD3r,Hot Mess,aespa
1oKOeJ2lFLmzReB6ONYLua,Sun and Moon,aespa
0u6Ysac7Oo7Kh8MSesP0dx,losing my marbles/menage,ark
345vlD8E99N5hsS01s7OQm,Ménage,Mobx
4KWeGKChLKcnZsj3sIOSkW,Tobey (feat. Big Sean and BabyTron),Eminem
2sP5VgY8PWb6c9DhgZEpSv,Широка река,Nadezhda Kadysheva
6JOQnO3amVm6uihO8kwgm6,Патимэйкер,Pika
4bbN9jl2UE2U91Spn9tYmh,Коляхейтер Ларин,MESTA NET
3szf2z1Cy1QMrtHrbn8rz9,Elevate,Drake
5Psnhdkyanjpgc2P8A5TSM,Emotionless,Drake
75IN3CtuZwTHTnZvYM4qnJ,My Name Is,Eminem
4MQLOphDb2q6FgtwC8uk8N,Tourlife,OG Buda
2axhadiWTdbV5NATnj5sWD,Сказки,Husky
0YTQAkewOTgjR6MFwPn0mS,Сколько стоят деньги?,Husky
7ySUcLPVX7KudhnmNcgY2D,S&M,Rihanna
01jjeyb08ySjotHVMoaE2H,Кукла колдуна,Korol i Shut
5oO3drDxtziYU2H1X23ZIp,Love On The Brain,Rihanna
0GNI8K3VATWBABQFAzBAYe,Stay,Rihanna
7qEKqBCD2vE5vIBsrUitpD,ilomilo,Billie Eilish
2DRY4qiYLYPZuPUS9lCLED,Бесконечное лето,Ошибся номером
0tMSssfxAL2oV8Vri0mFHE,listen before i go,Billie Eilish
4wFjTWCunQFKtukqrNijEt,MotorSport,Migos
6WK9dVrRABMkUXFLNlgWFh,Enjoy the Silence,Depeche Mode
7p7pzSVr2zovan3m1m5hFm,Sky Fall,Travis Scott
1LAlLBTGBUO0MDA8IbSysd,Overcompensate,Twenty One Pilots
1BANPzYIhCQkJ1ZFq2Fb0O,Next Semester,Twenty One Pilots
6fNaHkjAxP6rI2sZhT7QJn,Backslide,Twenty One Pilots
7GVQS66ukm48XZVymA3ZUg,Midwest Indigo,Twenty One Pilots
4bDIAWaOBGAAk95nyXI6zJ,Routines In The Night,Twenty One Pilots
3sEufjE0ITaW5qhtnW3avv,Vignette,Twenty One Pilots
4hfqe20vqkuRv1RDsA1LbQ,The Craving (Jenna's version),Twenty One Pilots
49oxuPnuWOL793zpF6zgLQ,Lavish,Twenty One Pilots
3gy21TwRSP40aUMwcY7Rtq,Navigating,Twenty One Pilots
5QPGnFslbDUQ7mDteKn3By,Snap Back,Twenty One Pilots
7dI0mSvbdJTynUnEkWIom1,Oldies Station,Twenty One Pilots
0ZucyPms79Cydv0RMYV2Oi,At The Risk Of Feeling Dumb,Twenty One Pilots
5HvDKyJlHWg42BdsE4ycSm,Paladin Strait,Twenty One Pilots
4EyiwgCEcoy6kqT3eInmrf,Find Love,xiihu
5N3hjp1WNayUPZrA8kJmJP,Please Please Please,Sabrina Carpenter
2qSkIjg1o9h3YT9RAgYN75,Espresso,Sabrina Carpenter
294hRgOqnGW2BemqP8D35X,Klaxon,(G)I-DLE
1jQmZ2rSe2jA5i6HfE5JG9,Last Forever,(G)I-DLE
6VMWKUfMM8l0Toddh1Lqto,Bloom,(G)I-DLE
7xWEF7qpFsMzv9pS7Tnoor,Neverland,(G)I-DLE
55u5QIlEuzCipJBtZPdJio,Renaissance,Eminem
7I3RalBqE7ZE0RSxgGlGlm,Habits,Eminem
59151GHN7yr5g9B3bqlGdR,Trouble,Eminem
77pfjsq0gSZwO8bYVTVROo,Brand New Dance,Eminem
21LCotDEwR7R8qOnqPVzi9,Evil,Eminem
7y8n4wbMzsLMzTI6Qan02f,All You Got - skit,Eminem
50No7LiVffAJCWIChZodmU,Lucifer,Eminem
0DIcssPpatAMqFXLZCxZMN,Antichrist,Eminem
5In8B6Om5OKrhwBMB4tXSi,Fuel,Eminem
0bBnrokPXtfwXQarqCu1Gz,Road Rage,Eminem
1CDQzbCz4KSQxHe7LMEgRM,Houdini,Eminem
0TDXeyH0hdiz0SZQo5w1nm,Breaking News - skit,Eminem
3LkXOTWDwskwciQoARFDzu,Guilty Conscience 2,Eminem
7GXOXYdU950eRvk5rUAE8F,Head Honcho,Eminem
6uMGHQvhZq8YyT4kdnG1L3,Temporary,Eminem
15qnOSRK5HMWOgL5HURhrc,Bad One,Eminem
1ymWIr4E5x6xORlDO0bXlP,Tobey (feat. Big Sean and BabyTron),Eminem
0cyN7uQYxTlqwgyh6rm1IH,Guess Who’s Back - skit,Eminem
4HMUrFl8y6rQCzEbaGEkcj,Somebody Save Me,Eminem
56H6BNt2BwJRg91YsiXJS0,SANTIAGO,SIDEQUEST
6IlAm7jpO2EykEJ34hbLdY,Easier Said Than Done,Shakatak
4zIeRcsaho6lZuaXEYR1y3,Easier Said Than Done,Thee Sacred Souls
1CsMKhwEmNnmvHUuO5nryA,SKINNY,Billie Eilish
629DixmZGHc7ILtEntuiWE,LUNCH,Billie Eilish
7BRD7x5pt8Lqa1eGYC4dzj,CHIHIRO,Billie Eilish
6dOtVTDdiauQNBQEDOtlAB,BIRDS OF A FEATHER,Billie Eilish
3QaPy1KgI7nu9FJEQUgn6h,WILDFLOWER,Billie Eilish
6TGd66r0nlPaYm3KIoI7ET,THE GREATEST,Billie Eilish
6fPan2saHdFaIHuTSatORv,L’AMOUR DE MA VIE,Billie Eilish
1LLUoftvmTjVNBHZoQyveF,THE DINER,Billie Eilish
7DpUoxGSdlDHfqCYj0otzU,BITTERSUITE,Billie Eilish
2prqm9sPLj10B4Wg0wE5x9,BLUE,Billie Eilish
2CbpGYiDmVRJNOKOHDevQY,ur the moon,bruhwhosjack
3eQV8nYAqQTrH5MDOOoY9E,Ur the Moon,Lil Kanko
4eIYnlcgI2chjQBuW1VRr7,FUK SUMN,¥$
2fwz9mBaELJCzXuEEEe35Y,745 sticky,100 gecs
4vwHBxN5OGtUqqUWvWClGd,757,100 gecs
6yOeP45D6bNbtQgD3ssQfL,Frog On The Floor,100 gecs
1jPPKYq1s1HhIjAiqrnRR8,Doritos & Fritos,100 gecs
6fXeuZAQ00BjrOxFtoFS9S,Billy Knows Jamie,100 gecs
3aK8EUZaXErerxFpMm06ju,Die,Williams Archive
3kfQuU6FXW4OXHIHjuups7,SUPERPOWER,VALORANT
29aaQRKHU0wvs90nPBMdlw,Devil Trigger,Casey Edwards
2o1pb13quMReXZqE7jWsgq,intro (end of the world),Ariana Grande
1Rweq7vNjK4kZBbGrmxQsl,bye,Ariana Grande
0o3ua5ufFK7nfRzbDUNoGA,don't wanna break up again,Ariana Grande
13jRSCLoWbCoU1XEdJRbgn,Saturn Returns Interlude,Ariana Grande
3RwWW7KeVhHGayYJgUL5eZ,eternal sunshine,Ariana Grande
142PiXzA84lmEw2RstFHFa,supernatural,Ariana Grande
14kyXBpg91RVq8bNRDS1q2,true story,Ariana Grande
5D34wRmbFS29AjtTOP2QJe,"yes, and?",Ariana Grande
51ZQ1vr10ffzbwIjDCwqm4,we can't be friends (wait for your love),Ariana Grande
5cQX9BexkPIEESTZijJhXg,i wish i hated you,Ariana Grande
6XXKB32Om6WuXg3uEWwTob,imperfect for you,Ariana Grande
4mHM5d2fK3n8xgymjf92w2,ordinary things (feat. Nonna),Ariana Grande
2WP8G2pdddDmnh1xbfKBOI,Finesse,Drake
1AIbZL0CDlzTJ1Bv4kBP4G,SLIDE,¥$
6UrsyvM8b3RMperY8vybgK,TIME MOVING SLOW,¥$
106vWgOc5xlj05wewZ2V4u,FIELD TRIP,¥$
7Lfwb4IjZiNYGuqtP65kIc,FRIED,¥$
1iW14NbTMqfTLfJyR0pwgT,ISABELLA,¥$
5v1yAVGillOAN3yqJ6pmPL,PROMOTION,¥$
51Ku9WXBmDgg9Ni5jg5kuR,HUSBAND,¥$
249MAyb50uYCBMck0hSpz3,LIFESTYLE,¥$
6QytYtRN1xFId83ALPtsW8,MAYBE,¥$
2oAuN2P84tdJCICqxdH1VV,BOMB,¥$
27N2bd3ait2QOnprc4seCK,RIVER,¥$
4hm8BZ7nLceFNZUexWTxx4,530,¥$
3OIzMTyg6PIV2ZsefS3O2n,DEAD,¥$
0Pc4DfufX4UGqSdC2bOBS0,FOREVER ROLLING,¥$
3PejDs8Z2jB24Y5HpnvFDM,SKY CITY,¥$
22yRHdYBLZMi7xnvBioqkP,SLUT ME OUT 2,NLE Choppa
5luCaDrc2ttzEjNp4ivaW0,Devil Trigger,Casey Edwards
7vv89PswQvqGKCGJ1rw5on,FIELD TRIP,¥$
4Qay2jEWJYjXmJ8eNOGtaD,FRIED,¥$
7ov3TDp5D00Rnu5R1viX4w,New Woman (feat. ROSALÍA),LISA
5nayhWICkQGMTkisxVMbRw,FlatBed Freestyle,Playboi Carti
7AtBtwrKhz94hYXgGYyG58,Middle Of The Summer (feat. Red Coldhearted),Playboi Carti
45Ln3F9PRPYTXBcMFkZMzS,R.I.P. Fredo (feat. Young Nudy) - Notice Me,Playboi Carti
7HsvTUJcXRQVK6QuALkAvW,Top (feat. Pi'erre Bourne),Playboi Carti
4gXHG9domIKO6FIViDISA4,Cupid (Twin Ver.) - Live Studio Version OT4,FIFTY FIFTY
0wrWxW18WK2MkrfDpRHkyh,Me and the Devil,Soap&Skin
6TQwgRWmnovDECDrHVOxlY,Days Before Rodeo: The Prayer,Travis Scott
0uFz9q2SvuKyWB6Ur1YCfI,Mamacita (feat. Rich Homie Quan & Young Thug),Travis Scott
7zCVvmyZj2FPCHZ1nVdB3p,Quintana Pt. 2,Travis Scott
4b7vk8SRcYgnxpk0JOIS7r,Drugs You Should Try It,Travis Scott
1qXQmENykriAHunVaZc6FW,Don't Play (feat. The 1975 & Big Sean),Travis Scott
5s6ToF2Jl5GGuBh3Wj9qnT,Skyfall (feat. Young Thug),Travis Scott
6Gj8DibSTKIKn9uu2nEzbp,Zombies,Travis Scott
1OLABkcTvWfXE2xs5Yb2Ex,Sloppy Toppy (feat. Migos & Peewee Longway),Travis Scott
0I3MkBTrKeKulwuSSLEJGN,Basement Freestyle,Travis Scott
3cM1GiA3OqESGO5zEZATAP,Backyard,Travis Scott
2UICNcwQNzeuirpkWIaRuF,Grey,Travis Scott
78fsyPMBiIMOXdBnDcBi7z,BACC (Bonus),Travis Scott
6Tm81abzlnFdlMFrRmnY9o,Entertain Me,Ylona Garcia
5fvOIwB9AWT2iplRw6jYqm,PROMOTION,¥$
3lwK3WyKAI5bUuGY1OgGbZ,Smart,LE SSERAFIM
7ovB5FvDwq1g7AG9ICYaNY,overseas,Ken Carson
722NAIXkI6WRNvu9O7JkdH,overseas,Ken Carson
5hfKDfqthxHt6xsgCjimuO,Chasing Lightning,LE SSERAFIM
3AoEQRuFf8zVXWqSLo2UOi,CRAZY,LE SSERAFIM
7vjfnsnDXZGK4PSq54ISjc,1-800-hot-n-fun,LE SSERAFIM
411fZBnpfU4eIDIZmDKswx,Pierrot,LE SSERAFIM
3druZC9WrM7UUv82PX0SfA,Crazier,LE SSERAFIM
5NLnV0krXXSIOqL1PyAd1Q,RAHHHH,alt!
2kgxyflhiicDbF8SDrBxqy,BOMB,¥$
7r6PigmGzlB3YPB7wvBBbi,No Church In The Wild,JAY-Z
7t9d2YdmD87JC72pocMtlz,pocket locket,Alaina Castillo
1FKG2wgJ75wS9MFNVZFiWd,POCKET ROCKET,Cochise
261EcPb2XfhnPWSnlMOi3G,World Tour (Aquafina),Juice WRLD
7D5JJXdw98saj80xQxukTQ,Lightyears (with Young Thug),Juice WRLD
4gxEY3Mh5FZZDAJAKPNrCS,CRAZY,LE SSERAFIM
2cZOYofOX4d6g0OXxkaIjA,ALL RED,Playboi Carti
2FCRKH6ZzGw5Ql98E0L0By,Ganger,RRoxket
44BsmG88pON9MopbgHTu69,Kaleidoscope,Delta Heavy
1xzsEmaU4IXjvxxwQlA8Lz,Crimewave,Crystal Castles
4zzzZ1UNfr75ASG1lUE9L1,Stay,Rihanna
55LfIkvUycu90eYNy5S8MP,Miss The Rage,Audereus
25WBAqR5bcRrs1du9L6AeC,Sports,Beach Bunny
38x5NsjgoLaYCnhAghHdyo,Guns for Hire (from the series Arcane League of Legends),Woodkid
2jnezASa7o0lP6aif6VrIf,TEFLON DON,Future
3aCPResPDNae3pXTocGpYe,LIL DEMON,Future
6pf7fmrtYcA4WpqTksuh68,SKI,Future
5tUETztMKNT9NDbMUVpxzl,READY TO COOK UP,Future
2t4H61OtTYgmDe61KxkjKH,PLUTOSKI,Future
0DhCbTQZfWD8P8pOlg3jv9,TOO FAST,Future
5sWxZXRYjkAnRQr7894dRa,OCEAN,Future
4BObwxRcqiuifYuPbYrjqP,PRESS THE BUTTON,Future
1zdVrr3f0eUorO9bkdZ58N,MJ,Future
14P3Ep4KDanxUFzFLsmX5K,BRAZZIER,Future
2vXbt6p8MASsy0rGMpgWdG,SOUTH OF FRANCE,Future
6t48Ju7G0qoYovcWJgvVwL,SURFING A TSUNAMI,Future
3xqD0CgWTjZ6RuvXaVyKEC,MADE MY HOE FAINT,Future
6cMCCusy3pnzQJM6UE4Bx7,TOLD MY,Future
2GjUTgYXjkgPV5fN0FEU4l,OATH,Future
3fCRKYjYuQh4s09wIu8wLN,LOST MY DOG,Future
3SfqAvcloZcg65r9Si6ziJ,AYE SAY GANG,Future
4cebwm6DwAPkyOKbNT6RmL,Supernova (Grimes Remix),aespa
79YRHM4e97AF4s4xo60p4y,Armageddon (Flava D Remix),aespa
4sIFi8LpJWPvI5xviWFyA6,D>E>A>T>H>M>E>T>A>L,Panchiko
7AIRXaWc2HPUvIqJ19IbtU,Stabilisers For Big Boys,Panchiko
2zYBRyHAy6dv1wb53JXFD7,Laputa,Panchiko
3FK1eJKXboi8D8hOsWUZPk,The Eyes of Ibad,Panchiko
2hCFo7Rd91GyhyamQgrV3b,CUT,Panchiko
7aafGSa6JccYOY9kNV9FNB,Sodium Chloride,Panchiko
6Cgj4eBFnYmPJcOcdCvnzr,Kicking Cars,Panchiko
5nTx2Ehp81DdJ5nJVnXOON,D>E>A>T>H>M>E>T>A>L_R>O>T,Panchiko
0ABB4oBwssmrmWvep23xm6,Stabilisers For Big Boys_R>O>T,Panchiko
2t0ZYmVXMR36fchq1Egs2d,By the Way,Red Hot Chili Peppers
41Zn87ZIdgv7JVKBBPCnXg,Universally Speaking,Red Hot Chili Peppers
05XKLYOAsDeZyA5983IHno,This Is the Place,Red Hot Chili Peppers
2AkjEtum3SrtNW4WHZErTA,Dosed,Red Hot Chili Peppers
0LGNCDBI88WlGMuo1w6zgS,Don't Forget Me,Red Hot Chili Peppers
2UaJHs6wlASNl7q34j7hK1,The Zephyr Song,Red Hot Chili Peppers
4BcS4LomxUnQpzx4hCaJTs,Can't Stop,Red Hot Chili Peppers
3EAcsZy8hsDrDoTaM13ewu,I Could Die for You,Red Hot Chili Peppers
2gl0Tm1q0TNR9ftWab8y0A,SUBDIVISION OF TIME,MIKE DEAN
6cKog2i0Cz1jt7VY6c7Zty,3 AM,MIKE DEAN
6GvmjCHlsX55roW5XIRqw0,IT’S IN THE WATER,MIKE DEAN
6XY8ZCgnok0cxVIyAmUNzW,Cyber Is Dead Interlude,9mice
0whf2gBRVWuZLqVZgg5Egn,Fountainebleu,9mice
4gypp6InByEhUi7ssgWtAx,Phoenix,9mice
47Mdp52cM7pGwm5FmQcMPD,Blum - Big City Life,9mice
6dXPD2BzUrKjceT1c3eOtK,Ринопластика - Surgery,9mice
0JutXPa2T3yAfMdkpMjeFM,Paparazzi,9mice
20EziCj9xQGgQHeHiRXaL6,So Good,9mice
1vTRrM89DGBCXZWc1r6bkr,Frank Ocean,9mice
3JlIUrzdTsW3tpFiwYOpJJ,2017,9mice
1XljvNdiBPeGeS4EE8dokk,Da Vinci,9mice
6tI91h38Iu4AFb34A07yS0,LMFAO,9mice
01OCztdBtk4POwQcqV1LrZ,Ice + Alabaster,9mice
1Yvgf0pkGvMiXzjclAVSFr,Tusa V.I.P.,9mice
4eNY3PuZxOIwNPXMHDe1GA,I Love God,9mice
4JV6UwbNQdBLfSE1IAeQgf,Smells Like Teen Spirit,9mice
7GtVcvlTu95m3WnuR9w6oK,Hollywood Takeover...,9mice
63lJMJC0Qsx5k3tPpkLdP5,I Wanna Be Your Dog,9mice
1yBoGcqaDXc1KJWZ8UBi21,Hate People,9mice
51ju9h6ItNS7KlDwgcL2pI,Fire Alarm,9mice
7KjCiy8XRqcHIuBSxXoJar,Murder On The Dancefloor,9mice
6Vbf2Sei2QPbjqoSGh5y0w,Homecoming,9mice
7wyskQamWbeOgPrLKRErQr,DON’T FAST FORWARD LIFE,MIKE DEAN
1bMgilk14nH8DvjM8Y3QtC,DISTORTED TIME,MIKE DEAN
34ZKoMshkfqJwExqv1utVo,SPACE BRAINS,MIKE DEAN
1Es7AUAhQvapIcoh3qMKDL,Timeless (with Playboi Carti),The Weeknd
2oGscqSTag2iNgQYNn1dhg,I Want That,(G)I-DLE
28487fkXVQa2e6F2z73CBO,Dynasties & Dystopia (from the series Arcane League of Legends),Denzel Curry
3lLH0FlC2pYCeZEf05zKQn,CRAZY (feat. PinkPantheress),LE SSERAFIM
3yh0lWvcaW1ofgDBdtAcfW,Передай L,GONE.Fludd
5POXQ7xbVIxjnaR4OqUnKi,Худрич,GONE.Fludd
1V4WoNTcsKe4VjUZCRyUCo,DODONPA,GONE.Fludd
0sSJ5C6L7twXpdTHBMgYst,Лунный Лик,GONE.Fludd
1jzR0shjwjd01JxccxNue9,Ути-Пути,GONE.Fludd
4JWkW13mojuyvTHz8T2xdI,Хороша Сейчас,GONE.Fludd
6vIjPq1ZpPX0kw5D1y81MO,STICKED UP (feat. 21 Savage),DaBaby
5JVbvCHX10U2pLa5DEqGav,Safe and Sound,Capital Cities
3yDRcs0Y4pPzkvMbUfeF9H,Moonlit Floor,LISA
3ncznKQDrj2wE5Gz5kf6LJ,Armageddon,aespa
5sjnkOfTLCLNfkkchI2re2,UP - KARINA Solo,aespa
6pIuPm3u7QgUFAX1V0D9wY,Dopamine - GISELLE Solo,aespa
44qlcokPO2RjD8791ohJFR,Bored! - NINGNING Solo,aespa
2xoA126GEgFhrYzRaTH7E4,Spark - WINTER Solo,aespa
37m2khXl5lnBzicq1mGoZG,Out of Space,The Prodigy
69gjQpIkp1ZA4XlCRAm67T,NOX LUX,MYTH & ROID
2CspwnypzT7rcWI9RfsoSb,Mantra,JENNIE
3oELxRDbAzyvOodhd5FQzB,Past Lives,sapientdream
2UO6VQNKdwygetKaVCe39h,Never Enough,Rex Orange County
60JZB9waHUPWJTGbYO6kDB,STUPID IN LOVE (feat. HUH YUNJIN of LE SSERAFIM),MAX
0pQskrTITgmCMyr85tb9qq,Starman - 2012 Remaster,David Bowie
5oybkyECAyGaDxYLUCPjFh,Under Pressure,Queen
4b2fMv44GAYpsDSK4ihbsI,Armageddon,aespa
6PzrJGDWrHMIz18iV7uuIr,Long Chat (#♥),aespa
5lKnZbdGCBViitE1Ce5TZh,Supernova,aespa
2FRc9wqgIjg2E3bH13ww6U,Both Ways,Juice WRLD
3GqB3q2lYK3qsvhghx92rS,Cavalier,Juice WRLD
2rRxbwe4dZ0zsCf1LirqjX,World Tour (Aquafina),Juice WRLD
42GhSb1Rca49SbHhunbc0z,World Tour (Aquafina),Juice WRLD
5vNRhkKd0yEAg8suGBpjeY,APT.,ROSÉ
7JWgCIRy4vQXHnouszNeQs,overseas,Ken Carson
3coRPMnFg2dJcPu5RMloa9,Whiplash,aespa
60u6wNYu9GySSZIXZl3cBY,Kill It,aespa
1bZLdKcMQFGyrhGX65n69b,"Flights, Not Feelings",aespa
0PWrrNqHoOnNHnUvQBiPhn,Pink Hoodie,aespa
7polyembHZBHwSveAXE4cX,Flowers,aespa
0DWbt2kGzf4s0xeKZcBLfP,Just Another Girl,aespa
5496lks6V3fh1mZAB6IAap,Alibi (with Pabllo Vittar & Yseult),Sevdaliza
0PHrcmOtDE89ew4vVEaD7S,BANDIT,Don Toliver
1jKXjxMWlq4BhH6f9GtZbu,TORE UP,Don Toliver
7w5uKkgiOI2WmyKe7Jlu1Q,Ménage,bruhwhosjack
3k7FTBQkstaBcYHamx9jqe,Beautiful Christmas,Red Velvet
5dkjKoFSjCeGmR1P7wGlxF,Girls - BRLLNT Remix,aespa
3uQwkc9qiawGYRdVAstEXl,Set The Tone,aespa
3Gq1PIjejGetgZWQ0vkw4P,Mine,aespa
5c4dovE81ZHTUC0FBSZcxc,Licorice,aespa
5WSO7bxmmQjk1lqrLDIcTs,BAHAMA,aespa
6CAb4UZwQ515bATnwULOJ8,Prologue,aespa
04DdQ3wZVyWl9pxCQWzjjz,Live My Life,aespa
3ENnho5kINuTN4XwjXheMB,Melody,aespa
1sSXxZDuoLonfBHMF8Hyhs,Uzi The Earthling! (TV Show Theme),Lil Uzi Vert
6KYOlIwDHbrbeBbJEtQ0Fj,オトノケ - Otonoke,Creepy Nuts
3kqc6Hv2nKJQxa4E9KARJq,KRYPTONITE,Don Toliver
6oTZCn2Wp55AbjcmhkiOfk,TORE UP,Don Toliver
093MlZS93ZKlHpGkmb3k3W,BROTHER STONE (FEAT. KODAK BLACK),Don Toliver
724YXkrlOINBst64isK3KP,ATTITUDE (FEAT. CHARLIE WILSON & CASH COBAIN),Don Toliver
29sbEEB0w4aAY3FofzzEjy,GLOCK,Don Toliver
4nhcjelU9PidsBzUkazfZs,ICE AGE (FEAT. TRAVIS SCOTT),Don Toliver
62qGV0G7Nu2IEqL5sWKuSB,4X4,Don Toliver
7i8ncEfBk3s0w5YoG43SV9,PURPLE RAIN (FEAT. FUTURE & METRO BOOMIN),Don Toliver
2c7z5oRcPBbqRaBY2mLWcf,NEW DROP,Don Toliver
2AXyDKTC0kFvSiQPgje4ql,BACKSTREETS (FEAT. TEEZO TOUCHDOWN),Don Toliver
08HoJTQtpq4mtcmy6DbGZc,DEEP IN THE WATER,Don Toliver
24p1C9WueGBQLURpKc3oO8,INSIDE (FEAT. TRAVIS SCOTT),Don Toliver
1zTGRPGqfZP0cfyTmoQP0V,5 TO 10,Don Toliver
5c1BL2HbPdXc0t4JeznwyH,LAST LAUGH,Don Toliver
72mqSiSQNHHNYSM6dOJYGr,HARDSTONE NATIONAL ANTHEM,Don Toliver
3mLDq0hbHkafZoy4GvF7EG,KRYPTONITE,Don Toliver
1QoyuMHNBe7lg3YW4Qtll4,St. Chroma,"Tyler, The Creator"
5RePVWy39tLpHH0WwXgBsK,Rah Tah Tah,"Tyler, The Creator"
1YdtGoSYDvVQKoUqSDXX41,Noid,"Tyler, The Creator"
0VaeksJaXy5R1nvcTMh3Xk,"Darling, I","Tyler, The Creator"
3Umj02ZNl4d356pS1D38mn,Hey Jane,"Tyler, The Creator"
3GdwjAsCsoE79ObhsJFyYb,I Killed You,"Tyler, The Creator"
6ie0uyyvOKTTuIFBMPiNIl,Judge Judy,"Tyler, The Creator"
3tFed7YsjGnIfxeLEQwx3R,Sticky,"Tyler, The Creator"
4BSR9I4ExlCJdXJo2GpBD5,Take Your Mask Off,"Tyler, The Creator"
3yw3m8wgRB4ptDyAvtdhq5,Tomorrow,"Tyler, The Creator"
2aYHxnMF2umAavtgBvmkY1,Thought I Was Dead,"Tyler, The Creator"
6jbYpRPTEFl1HFKHk1IC0m,Like Him,"Tyler, The Creator"
35D1RA5uVFVhMc1qX80TaQ,Balloon,"Tyler, The Creator"
0pvZCv4JOS5WBu7JITYef6,I Hope You Find Your Way Home,"Tyler, The Creator"
1QoyuMHNBe7lg3YW4Qtll4,St. Chroma (feat. Daniel Caesar),"Tyler, The Creator"
0VaeksJaXy5R1nvcTMh3Xk,"Darling, I (feat. Teezo Touchdown)","Tyler, The Creator"
3tFed7YsjGnIfxeLEQwx3R,"Sticky (feat. GloRilla, Sexyy Red & Lil Wayne)","Tyler, The Creator"
4BSR9I4ExlCJdXJo2GpBD5,Take Your Mask Off (feat. Daniel Caesar & LaToiya Williams),"Tyler, The Creator"
2aYHxnMF2umAavtgBvmkY1,Thought I Was Dead (feat. ScHoolboy Q & Santigold),"Tyler, The Creator"
6jbYpRPTEFl1HFKHk1IC0m,Like Him (feat. Lola Young),"Tyler, The Creator"
479exyWZhx4La9kLWd6mgM,VVV,mikeeysmind
6vVzKCUfA6LzEU9wH0xNUR,Lightyears (with Young Thug),Juice WRLD
3EyIwqV3VIypP1q8AUKFXw,Die,Jeff Williams
6aJn7Cst74cj4lNIiPRgav,Touch,KATSEYE
2kIUILBPlz4exX9xIFS275,Lucky Girl Syndrome,ILLIT
0F60WLPs6Oz2slHomvLt9U,We Good,Lil Uzi Vert
3NE6g9h77FZbQqCLzUpGRt,Light Year (Practice),Lil Uzi Vert
4YLizxRQsTqqnvzzYq2VaE,Mr Chow,Lil Uzi Vert
6hu1bJBNMeXIepHr1joKW4,Meteor Man,Lil Uzi Vert
5L5GwmHf7R1zK4APVerRFL,Paars In The Mars,Lil Uzi Vert
7KGqSVxESDoLeeRCiIxZZ2,The Rush (feat. Big Time Rush),Lil Uzi Vert
1197AvSs0lMg5kNIGaeENm,Not An Option,Lil Uzi Vert
06iup3YJ4EsnkSxyQKFfNk,She Stank,Lil Uzi Vert
35D1RA5uVFVhMc1qX80TaQ,Balloon (feat. Doechii),"Tyler, The Creator"
2C11qhXSCvVzGogwOTP6aZ,SOUTH OF FRANCE - REMIX,Future
2UuKZDzjZ7cVMOvpmuAMYj,Tell Me,Wonder Girls
1wD755PZiaAhiCOgvFLGq6,Mangos - Tiktok Version,LDRR
39BOpF8KvdMqUZlJyfnV34,TOMA TOMA TOMA,$werve
6rUmUJ2drFemHTH73bFAKQ,That Go! (feat. T-Shyne),Young Stoner Life
0ZkkO40Ze87SQeINoly4s4,824,RONNY J
50qY6EQTt33QAUQnDgbYOS,Goodbye (from the series Arcane League of Legends),Ramsey
4ssxBLVF0XfvMJfWcuzhjG,"Save Yourself, I'll Hold Them Back",My Chemical Romance
0W3YlplIcOMhUSHE88Vajn,DESTROYA,My Chemical Romance
4w3aDqZg0SiBkT2sULpbi5,Party Poison,My Chemical Romance
21ZvC8aUTJIe5IBT34sLbG,Star Signs,LE SSERAFIM
2DbDefRFJ5YOfXCKOeCJJh,Igloo,KISS OF LIFE
4Mb5RufLsk8m6KoXrqHBqV,Heavy Is The Crown (Original Score) (from the series Arcane League of Legends),Mike Shinoda
3fgehc497TFqKH1zBL2YNK,Heavy Is the Crown,Linkin Park
7pmqFfMFvLTMdfTomKIxTS,To Ashes and Blood (from the series Arcane League of Legends),Woodkid
5oiCPKHXzzvaUtQkU1vEXs,Paint The Town Blue (from the series Arcane League of Legends),Ashnikko
3NQyK1PNng0sGmcZCq2WAk,<EPISODE OF VERDE - PART1>,MYTH & ROID
6RgbOqcadyKYax2VLKqljQ,PALETTE OF PASSION,MYTH & ROID
6a1cP1MxeNpSCcpkAL08eC,DILEMMA,MYTH & ROID
2BDxuTvVCHKaGSUeekXXU6,RESIST-IST,MYTH & ROID
5uTIvqzBFbae2myWKJCt7D,<EPISODE OF VERDE - PART2>,MYTH & ROID
1vV6XDRHZstuQ3Nt510Dnh,"DIZZY, GIDDY",MYTH & ROID
5TSsI5jq5qgqkDpswRBexh,WHITER-THAN-WHITE,MYTH & ROID
02CrqOYzrJR8fYOffhvRZZ,number one girl,ROSÉ
5gOfC9UzZQzTyShqPMrpjT,wacced out murals,Kendrick Lamar
0nj9Bq5sHDiTxSHunhgkFb,squabble up,Kendrick Lamar
45J4avUb9Ni0bnETYaYFVJ,luther (with sza),Kendrick Lamar
5ho7VSXSmI2KM2nDjcnLyz,man at the garden,Kendrick Lamar
5S8VwnB4sLi6W0lYTWYylu,hey now (feat. dody6),Kendrick Lamar
0RgjEkSbeuStKfT2Pa4Zai,reincarnated,Kendrick Lamar
0aB0v4027ukVziUGwVGYpG,tv off (feat. lefty gunplay),Kendrick Lamar
4K1Pg0FLno1ltzX3jeqT83,"dodger blue (feat. wallie the sensei, roddy ricch, siete7x)",Kendrick Lamar
2Uts1QFB4u2YNIMiqcb4de,peekaboo (feat. azchike),Kendrick Lamar
3znIACSXPLn3HFCf7moZ28,It's Going Down Now,高橋あず美
1SGvjfc85yzqKXsfKcCxn2,heart pt. 6,Kendrick Lamar
3aZptNYC6Z1YoumeqZcDcQ,"gnx (feat. hitta j3, youngthreat, peysoh)",Kendrick Lamar
0wgOhYnqZKjOHr6bmdz0aN,gloria (feat. sza),Kendrick Lamar
2LwsunYgfRoqyIsNtgOCQx,Ma Meilleure Ennemie (from the series Arcane League of Legends),Stromae
071uK6V3dKj3BMNNzTEyRu,Fantastic (from the series Arcane League of Legends),King Princess
1QJbDTZAO8rpGOMG4UahFM,The Line (from the series Arcane League of Legends),Twenty One Pilots
4yb2x8ZxKSszH0TX4rJI8M,Blood Sweat & Tears (from the series Arcane League of Legends),Sheryl Lee Ralph
2K7g8dvwkIGgPEYKivmatN,Come Play (from the series Arcane League of Legends),Stray Kids
5r9OlaHzqlOKkFAv0q5Gm3,Wasteland (from the series Arcane League of Legends),Royal & the Serpent
4Je0R9mZ6gY7IjIkvxoq7r,Enemy with JID (Opening Title Version),Imagine Dragons
2F27IYzFkhhrMChpfhVgPJ,What Have They Done To Us (from the series Arcane League of Legends),Mako
5xvjnyg8FHPGRSkbAhjJh6,Rebel Heart (from the series Arcane League of Legends),Djerv
0Sa8RvLw4OnhXYAL9FfStJ,The Beast (from the series Arcane League of Legends),Misha Mansoor
4TGZTPJ50VXfqCIEwf6Bmm,Heavy Is The Crown (Original Score) (from the series Arcane League of Legends),Mike Shinoda
3p428gAKm9dBoMjBVOIvVu,I Can't Hear It Now (from the series Arcane League of Legends),Freya Ridings
0osQqNcvhl7pD6FtjOcT9T,Sucker (from the series Arcane League of Legends),Marcus King
2GooZc6f3BlwjRtIx82J9n,Renegade (We Never Run) (from the series Arcane League of Legends),Raja Kumari
1aFVWIGU2MUJXaRqcxEaBQ,Hellfire (from the series Arcane League of Legends),FEVER 333
1NzNNQuppVgVYrm2hvrPK2,To Ashes and Blood (from the series Arcane League of Legends),Woodkid
4cCeHTJcKQU9PCuQ2jiYlI,Paint The Town Blue (from the series Arcane League of Legends),Ashnikko
2pRtNNLoD4Ei1ELyzp3ATg,Remember Me (Intro) (from the series Arcane League of Legends),d4vd
2fQwoYSzWzChmIB2zZwrGL,Remember Me (from the series Arcane League of Legends),d4vd
3cG6423elE49gy76onK3VK,这样很好 (Isha's Song) (from the series Arcane League of Legends),Eason Chan
597xDoReZvNnlEoN0IVpVk,Cocktail Molotov (from the series Arcane League of Legends),ZAND
3r1Fg9teKc6ZkZVtjJwCtV,Spin The Wheel (from the series Arcane League of Legends),Arcane
0boS4e6uXwp3zAvz1mLxZS,Run Boy Run,Woodkid
4lriIG2vNqwDWzOj2I9rtj,Ma Meilleure Ennemie (from the series Arcane League of Legends),Stromae
1CnPYaKxTVb4LWOtiGOm0m,All Time Low,Jon Bellion
7zLGHdfJ3JRPxvc96mEPEi,Out of Touch,Daryl Hall & John Oates
6D8y7Bck8h11byRY88Pt2z,Houdini,Dua Lipa
0wgOhYnqZKjOHr6bmdz0aN,gloria (with sza),Kendrick Lamar
6aiCRUd68tOPCwsU0x1lUP,The Party Never Ends,Juice WRLD
45fQJ2FM2yyxgGupZWgW7s,Misfit,Juice WRLD
3Fq192aYDVyTn0DmwdofZm,AGATS2 (Insecure) [with Nicki Minaj],Juice WRLD
3ip0jk1C5jIBYTyHNX0dWm,Lace It (with Eminem & benny blanco),Juice WRLD
4GVpmmI4odFd3AfsN03CdF,Cuffed,Juice WRLD
3i7xYNT3bjjuiIDvCABSVR,KTM Drip,Juice WRLD
50OMAX7jvslUk8MbBZVIFY,Love Letter,Juice WRLD
5iIMz0mcomQOCvBBv4HdcK,Condone It,Juice WRLD
0Oj2M3M04NoakUWdC9CQa9,Goodbye,The Kid LAROI
0rgW7qxTNiLHYEi12IdjM2,Party By Myself,Juice WRLD
6sUS3nGZ59ZLrzCYRweOiX,Adore You,Juice WRLD
1PJH81OEIhWwT6WKTpKRlv,Celebrate (with Offset),Juice WRLD
32NKy5ev18yAIMvXULTT8n,Jeffrey,Juice WRLD
1TDJ54cKWTTCCYa2es2UFa,Barbarian,Juice WRLD
6YIUVlNppbizkWnme87kAY,Best Friend (with Fall Out Boy),Juice WRLD
4tRls4eOIDQdGNtnQwk8KI,Floor It,Juice WRLD
0KBqEBwJUHTZ4ZhmEeuSZt,Oxycodone,Juice WRLD
0H7PUJmrVxLJq1hed5p7j6,Spend It,Juice WRLD
4K1Pg0FLno1ltzX3jeqT83,"dodger blue (feat. wallie the sensei, siete7x, roddy ricch)",Kendrick Lamar
1FvZeK3MgmGldxeYDvzanR,Before my body is dry,Sawano Hiroyuki
2mlNgAeIBnL78ZriXgrRHz,Glimpse of Us,Joji
7Cnpb1vBbC46RgVyyKLH7p,Whiplash,aespa
5G345YEhvleYxQLfYUlEFv,Moonlit Floor (Kiss Me),LISA
2LwsunYgfRoqyIsNtgOCQx,Ma Meilleure Ennemie (from the series Arcane League of Legends),Arcane
1lcBt7LoEikqYmhUoa2cez,number one girl,ROSÉ
3y4q6bBdbXsTIaPiwiiUfy,3am,ROSÉ
4HxGH28DitgAuuKpEVrLzN,two years,ROSÉ
1z5ebC9238uGoBgzYyvGpQ,toxic till the end,ROSÉ
3fpWkbEZMP1BgOOfymwoaS,drinks or coffee,ROSÉ
4wJ5Qq0jBN4ajy7ouZIV1c,APT.,ROSÉ
77n3jFGqPPxYrEGwrWylNv,gameboy,ROSÉ
5OdI6v2L7Aez4cclpbojiZ,stay a little longer,ROSÉ
67siqMtQTGPpJZI4Dz8OpM,not the same,ROSÉ
5a3tLTGA0HIDtrvnszXXBN,call it the end,ROSÉ
3tDF6qjNrabjnb23RB2rpa,too bad for us,ROSÉ
50aQbgfdydBXABx2gATQHn,dance all night,ROSÉ
0CnpSTdL9l5vQM4YnzXtyo,Panorama,IZ*ONE
3WfaJhCL4p2JbdffJjV6Va,La Vie en Rose,IZ*ONE
071uK6V3dKj3BMNNzTEyRu,Fantastic (from the series Arcane League of Legends),Arcane
4cCeHTJcKQU9PCuQ2jiYlI,Paint The Town Blue (from the series Arcane League of Legends),Arcane
2pRtNNLoD4Ei1ELyzp3ATg,Remember Me (Intro) (from the series Arcane League of Legends),Arcane
58AZXyKRlsMBMcrRjpJpVG,Debut,KATSEYE
7jm2PueKmv4EOHfdbdXMKT,八方來財,揽佬SKAI ISYOURGOD
2cUJ6wbyqH8hDZN8VWQ5oC,因果,揽佬SKAI ISYOURGOD
1H0bpLaSc7I56Xb8SoxBVr,GLEAMING,YNG Martyr
69phA1R4gmQsBFRQ3INW8C,ONE CALL,Rich Amiri
2CGNAOSuO1MEFCbBRgUzjd,luther (with sza),Kendrick Lamar
0eaVIYo2zeOaGJeqZ5TwYz,No Pole,Don Toliver
52NGJPcLUzQq5w7uv4e5gf,Private Landing (feat. Justin Bieber & Future),Don Toliver
2dETM1UnYgkRncciMUMNQV,OUTTA THERE,Rich Amiri
1Is8hGpkGMiePASAxBluxM,16,Baby Keem
0osQqNcvhl7pD6FtjOcT9T,Sucker (from the series Arcane League of Legends),Arcane
2GooZc6f3BlwjRtIx82J9n,Renegade (We Never Run) (from the series Arcane League of Legends),Arcane
1aFVWIGU2MUJXaRqcxEaBQ,Hellfire (from the series Arcane League of Legends),Arcane
1NzNNQuppVgVYrm2hvrPK2,To Ashes and Blood (from the series Arcane League of Legends),Arcane
2fQwoYSzWzChmIB2zZwrGL,Remember Me (from the series Arcane League of Legends),Arcane
3cG6423elE49gy76onK3VK,这样很好 (Isha's Song) (from the series Arcane League of Legends),Arcane
597xDoReZvNnlEoN0IVpVk,Cocktail Molotov (from the series Arcane League of Legends),Arcane
2F27IYzFkhhrMChpfhVgPJ,What Have They Done To Us (from the series Arcane League of Legends),Arcane
5xvjnyg8FHPGRSkbAhjJh6,Rebel Heart (from the series Arcane League of Legends),Arcane
0Sa8RvLw4OnhXYAL9FfStJ,The Beast (from the series Arcane League of Legends),Arcane
1QJbDTZAO8rpGOMG4UahFM,The Line (from the series Arcane League of Legends),Arcane
4yb2x8ZxKSszH0TX4rJI8M,Blood Sweat & Tears (from the series Arcane League of Legends),Arcane
5r9OlaHzqlOKkFAv0q5Gm3,Wasteland (from the series Arcane League of Legends),Arcane
4Je0R9mZ6gY7IjIkvxoq7r,Enemy with JID (Opening Title Version),Arcane
4TGZTPJ50VXfqCIEwf6Bmm,Heavy Is The Crown (Original Score) (from the series Arcane League of Legends),Arcane
3p428gAKm9dBoMjBVOIvVu,I Can't Hear It Now (from the series Arcane League of Legends),Arcane
6MzofobZt2dm0Kf1hTThFz,Diet Pepsi,Addison Rae
6KYOlIwDHbrbeBbJEtQ0Fj,オトノケ - Otonoke - Opening Theme to DAN DA DAN,Creepy Nuts
31UtyhPu6vu9LJBzoygDiQ,IYKYK (If You Know You Know),ILLIT
0OaHZgVm77zLQNR3kwFf6n,Dangerous,BOYNEXTDOOR
65DUeMw4riBUibAjktAnZD,シカ色デイズ,鹿乃子のこ (CV.潘めぐみ)
2cUJ6wbyqH8hDZN8VWQ5oC,因果,攬佬SKAI ISYOURGOD
2CVWc2gNM8YCTMdFXJI8Wg,Overtime,KNOWER
0k4crMOJflZvHLNzLS0Pcq,Overtime - Live From Detroit,Zach Bryan
6zSLy6mrBrMlzaIn9UDw6o,SIN MIEDO,JPEGMAFIA
5D4aZNKRlvT75TOngDaO7s,Гей порно,Dirty Ass
5Z6hdVHH39nARjTBfMUVl6,I'll Be Right There,JPEGMAFIA
2JFE0kYJzagdo6gmwVbSTj,FIX URSELF!,JPEGMAFIA
4bt7RdJMUicjOED9A5Div1,ГЛАМУР,uniqe
25uaYWeYgGqDlOD7pRMoFb,Как je,MACAN
014PHGr17lO5aVRCMCaAa8,Кино 2,MACAN
69GxcArwkzimd6yFdWq5mR,Юг,MACAN
0TxodRyce1nrVKbYEXypNl,Се ля ви,MACAN
0Mi5e86eqlOi3iQQdDyDc1,Привыкаю,MACAN
1OAOfSECmhxebWWvoWEvh5,Москва бежит,MACAN
4tsxfVNPJSbiDtXBhUqe7w,Заново,MACAN
1tpgY6cqm5s0HdKwiqpliF,Zachem,6YNTHMANE
1lzM5rQ2RnuEVLnGiRa1BQ,GPS,Brevis
0tHhPWsnziWh5k7mVgIvc7,Зачем мне,TRAVMA
0WV7wEYl4CdQy26ui13pVI,GREEN PAPER - ARCH Remix,WhyBaby?
54sEjr0FU2YTPbEliJ1YPh,ASTRO,Slowboy
5rGvxjwi9MfQS3e1Oayh94,Broken,Eva Music
7zL5PDhg2VlxuUinNRp9aU,Ориентация Север,Lolita
7qLXBcYW78is9LygQBziAU,Sabry Aalil,Sherine
1Uhg6fyHPUIDvhKvEDmHSC,любимые шрамы,shadowraze
3iRoXGFrF8O0jTul6LAmus,Under Your Spell,Snow Strippers
0oX6ucsx4KrgOXUC5hivFi,В аквапарке,Kunteynir
4Q6eUXtjd9sbzP2orZY6x0,кончил,ENINA
01KwChscJRBSfNDiZbzet5,New Jeans - Jersey Club - Slowed Down,Dxrkaii
3m5PgWSClkZ44vdFmPiqpq,"Yes or No (Feat. 허윤진 of LE SSERAFIM, Crush)",GroovyRoom
1eTaznNW4Xxtx9za2SMTXB,DENIAL IS A RIVER,Doechii
58JG1aDmXbh6CNt2kaePz1,Our Love (From the series Arcane League of Legends),Curtis Harding
5YWDu8XAMyyTa41fiUechJ,Stand Up,Rolling Quartz
5D0m6FGk6haMydXakINJeY,shy girl!,The Deep
1JNsKjaCFgTxjP3EkKfYZo,LOOP (feat. Lil Cherry),Yves
1iGNZerzZHm2GLu7k1OS3J,Virtual Angel,ARTMS
4e1aewX6ATPcdfQIqr7gqO,Sticky,KISS OF LIFE
3AXryyinIY17WLddIcNjwT,TTYL,Loossemble
0znsc67nMhP4X9hjhvoyeP,Tick-Tack,ILLIT
02mGPF4589DiiSdoH0pu1d,Derre,BIBI
4ZfaL1CGxoK5LiBDYZ2AKm,Viola,Yves
4gOwpU4kMZZNDWkoHYUj1Z,해야 (HEYA),IVE
0qAspOPBxPaq0WUzRTcA3t,SUNRISE MISO-SOUP,花冷え。
0Stkh0VvjWMqQOWNkHVhJq,Big City Life,Mattafix
1BAtAtx0VgWgAMROWK9WYf,Accendio,IVE
0zgiDnbDryMxEurtC0o5Ne,jellyfish,HUH YUNJIN
29rRca4BXxuUCNmcCzHvtl,ワールドイズマイン-初音ミク「マジカルミライ 2021」Live- (feat. 初音ミク),ryo (supercell)
0s8RXkQW9lwGEV6WlG8KDq,Daisy 2.0 (feat. Hatsune Miku),Ashnikko
7aux5UvnlBDYlrlwoczifW,Miku,Anamanaguchi
5h68SoVFGleijCtjEja3xG,365,Charli xcx
4w2GLmK2wnioVnb5CPQeex,360,Charli xcx
0CySZwyRJ0vyUqtSjM9i2k,Club classics,Charli xcx
5c9tBmJKbTdn1vhzXHeAwW,Sympathy is a knife,Charli xcx
0PFZCt7UNmpas24HejQGu8,I might say something stupid,Charli xcx
62fqMvguJbsSs9HKhhRfuS,Talk talk,Charli xcx
3Y1EvIgEVw51XtgNEgpz5c,Von dutch,Charli xcx
5sMEEjviCkH6Rp5X2ZvIIc,Everything is romantic,Charli xcx
50GxvQA2KEWNt31EdwIlzY,Rewind,Charli xcx
0AkiAfilrTUXV49dleC5SB,So I,Charli xcx
19RybK6XDbAVpcdxSbZL1o,Apple,Charli xcx
41krZZovstMJKeJZJtbL78,"Girl, so confusing",Charli xcx
76lNySMRTjhiJ0KtMkuHdX,i scream this in the mirror before i interact with anyone,JPEGMAFIA
74qqnKs6sfAbSwlFECJjOR,it's dark and hell is hot,JPEGMAFIA
4HzV6IvuKEuKdh5O60v52u,New Black History (feat. Vince Staples),JPEGMAFIA
45e7LGvKvMZVY4zRLTSSmY,don't rely on other men,JPEGMAFIA
1Z0FllHuwKceEa9wRJKTku,vulgar display of power,JPEGMAFIA
1ZzSRXy86bhxjqwNjSZnko,Exmilitary,JPEGMAFIA
4PU87uxvq5whJwrKEIarj0,JIHAD JOE,JPEGMAFIA
0NMC6aezcf1GItgscoiQCO,JPEGULTRA! (feat. Denzel Curry),JPEGMAFIA
3EWaU5exMayFzQMkIfTX7w,either on or off the drugs,JPEGMAFIA
7tt1X4Tam0dfIgoyympk00,loop it and leave it,JPEGMAFIA
65IOv36iYd3O3Ly4e1Pqrb,Don't Put Anything On the Bible (feat. Buzzy Lee),JPEGMAFIA
2f6UtOGwSA1CMuWZi59r8Z,i recovered from this,JPEGMAFIA
18mNgpNYZu7WwbLUH0uIqb,Too Many Alex,KISS OF LIFE
5ic62hKqeDhZsa9l6YQxzJ,メズマライザー (feat. 初音ミク&重音テト),32ki
63yoRZd5zl6Ah30hfDm97k,M@GICAL CURE! LOVE SHOT! (feat. Hatsune Miku),SAWTOWNE
6gX8ADfHTphQg4h2FiOAlB,Sakura Biyori and Time Machine with Hatsune Miku,Ado
35sayLCpOsy7aCAp8sppG1,電気予報 (feat. 初音ミク),稲葉曇
1UHS8Rf6h5Ar3CDWRd3wjF,Bed Chem,Sabrina Carpenter
6vg1LKpB3dNhUgI4hEOhR2,Devil Trigger,Edward Archives
1ny0kgUklOy5FUigvWWK0q,Ievan Polkka - Remastered 2024,Hatsune Miku
3aYz5EBaRTWLpsfyUIsQyX,砂の惑星 ( + 初音ミク ),Kenshi Yonezu
0EiO4pTxMxx8Qq2lUmBwij,オブソミート (feat. 初音ミク&重音テト),32ki
5FH2ZZZDxuaDV4IoVlmjzX,Why Do I (with Hatsune Miku),Set It Off
7oYCBKvdjrqp5vDbhDBuac,KICK BACK,Kenshi Yonezu
0oLhfDMhICsTOdaLEWHQJZ,soulbounded,neevah
5fwuycV7iT45tAW1blRrKq,Perfection Can't Please Me,AISHA
6s8WSX1MxNThrot8ThI6fG,4X4,Travis Scott
2SEmUXqaV8Z6yR55LCpkvb,VVV,mikeeysmind
3PAvwFSVQ4K4hMo7yJLv0I,Blick Sum (feat. Playboi Carti),Latto
7yNf9YjeO5JXUE3JEBgnYc,Babydoll,Dominic Fike
3f9Mzvd3URfbbIJBX4pz9Z,Phone Numbers,Dominic Fike
0uI7yAKUf52Cn7y3sYyjiX,3 Nights,Dominic Fike
6WTFHKrnZpwEBLRS10Ylqs,misses,Dominic Fike
1Es7AUAhQvapIcoh3qMKDL,Timeless,The Weeknd
2P6YMsU9jt22CXfizfudi3,Love Hangover (feat. Dominic Fike),JENNIE
5673WA8EEUSPx1ir26lhGW,Wake Me Up,The Weeknd
3AWDeHLc88XogCaCnZQLVI,Cry For Me,The Weeknd
64JIAZ0bS7WoARYfWQGCoz,I Can't Fucking Sing,The Weeknd
7DY756WOLyOz2Xnhw4EFiC,São Paulo,The Weeknd
6jDGDtQPC46pFqxph3qdbD,Until We're Skin & Bones,The Weeknd
5rzI6Jnlhx8DgVgsOLorfW,Baptized In Fear,The Weeknd
0sTBOp1hdayTjw6UOyPyi6,Open Hearts,The Weeknd
4Msr8L0gHGDsLSBlk7pSPU,Opening Night,The Weeknd
2gyHr9WqZeMtzJOpWGuGo6,Reflections Laughing,The Weeknd
637oNhilCI9UlkWkUW4Grt,Enjoy The Show,The Weeknd
0FolPJnYMo71Z7qasTuoJT,Given Up On Me,The Weeknd
0bcZ7xN9IcjSNxLerzR2yl,I Can't Wait To Get There,The Weeknd
0FIDCNYYjNvPVimz5icugS,Timeless,The Weeknd
2v0AG62ZHtD3I4YmTb3WYM,Niagara Falls,The Weeknd
0K3w6WNawZlv6Izmsrye8o,Give Me Mercy,The Weeknd
6n6GfXu4i22rdsmRKe2eIn,Without a Warning,The Weeknd
7rVmzyFA7f4rNGl9onF21E,Take Me Back To LA,The Weeknd
5ZDKPFRZC6QlJpf8bCIXTs,The Abyss,The Weeknd
6i5fDaCzwxRrZtuvvcqoIf,Drive,The Weeknd
4sWQbsLLH2NEbO79DSZCL9,Big Sleep,The Weeknd
4TDPlp7OSOjuDU3l7PCM04,Hurry Up Tomorrow,The Weeknd
717s9KFmHhyy5t3xkStS56,Red Terror,The Weeknd
1Es7AUAhQvapIcoh3qMKDL,Timeless (feat. Playboi Carti),The Weeknd
56BZSVROHDzuiYM8C2Zv3y,FUNK INFERNAL,DYGO
6ZumGlqLhkZT5xH1l2OjsC,supersonic,little winters
6DRZmJa38MaMNthwG3fCBD,two,bbno$
2DkKddV2e952EAteyuV0wP,Love For You,LOVELI LORI
3U3hFkMr0Q90pD24EkE3Pr,BMF,SZA
3QJsSWa0Xo8MfaRn1gr4Be,favorite,Isabel LaRosa
6gH1UKDAhWS6qXzKXB4wuY,Hello Miss Johnson,Jack Harlow
21LtZQQMQYwVIxc9O9Ygq8,Cherish (My Love),ILLIT
4S4QJfBGGrC8jRIjJHf1Ka,Pain,PinkPantheress
23uUytja1B1mUOOIoygf6u,Angels in Tibet,Amaarae
43iIQbw5hx986dUEZbr3eN,From The Start,Laufey
4UQijskfH7GRycjz77buzW,Yummy - Righteous Remix,Ayesha Erotica
48vIfHaK7by6x0T6ucpODL,Make You Mine,Madison Beer
65zIby9Z03d1bhGvLNJNrA,Soaked,Shy Smith
7z7kvUQGwlC6iOl7vMuAr9,Dancing In The Flames,The Weeknd
6dgUya35uo964z7GZXM07g,Nonsense,Sabrina Carpenter
23EDUpNbiKcDwhUf9kBRo8,Bad Girls Like You,Tobii
0IsIY8pfu1yaGkPUD7pkDx,Guess featuring billie eilish,Charli xcx
69MMbwpvp5I9QTIzJeinpe,CRAZY (English ver.),LE SSERAFIM
3SifBJbSwGwa5KYQ5RB21T,see through,Amelia Moore
5sTLGx6c7YRwnrWm6O091n,Supernova Love,IVE
3RxL9p66oXKuSdXYeFcJeT,SOMETHING AIN'T RIGHT,XG
3RpCFxfsccNPDTWd3ALMaB,I'll Do It,Heidi Montag
0Gl9pXfGTU8eAnEbcka6AV,IYKYK,XG
0f0SbtoKGe41cX5LzlnX6X,Tinnitus (Wanna be a rock),TOMORROW X TOGETHER
4E63weMCaNZuGPEFMnuEi8,exes,Tate McRae
3Fra5SMXXDTSRXVoDf8Xwd,GIRLS,The Kid LAROI
7ne4VBA60CxGM75vw0EYad,That’s So True,Gracie Abrams
4fPjI40ElIwJQ4DJJxSCOe,Attracted to You,PinkPantheress
102YUQbYmwdBXS7jwamI90,Good Graces,Sabrina Carpenter
040I32EKLxQrkuxQu1pqvT,Saturn,SZA
2GAhgAjOhEmItWLfgisyOn,Low,SZA
6QqrxJe1iQxwLY6he6FLFo,Midnight Fiction,ILLIT
5TFD2bmFKGhoCRbX61nXY5,NUEVAYoL,Bad Bunny
2E7a96qey4AzSOdK6H21vS,Scorsese Baby Daddy,SZA
7wCWK3AapKQoHZbghyIrP4,Nasty,Tinashe
7DY756WOLyOz2Xnhw4EFiC,São Paulo (feat. Anitta),The Weeknd
2gyHr9WqZeMtzJOpWGuGo6,"Reflections Laughing (feat. Travis Scott, Florence + The Machine)",The Weeknd
637oNhilCI9UlkWkUW4Grt,Enjoy The Show (feat. Future),The Weeknd
5673WA8EEUSPx1ir26lhGW,Wake Me Up (feat. Justice),The Weeknd
0FIDCNYYjNvPVimz5icugS,Timeless (feat Playboi Carti),The Weeknd
4sWQbsLLH2NEbO79DSZCL9,Big Sleep (feat. Giorgio Moroder),The Weeknd
5ZDKPFRZC6QlJpf8bCIXTs,The Abyss (feat. Lana Del Rey),The Weeknd
3kkA5knVG6LY5SsicXkNL1,Narcotic,9mice
74MuHnq8zktFZmqgKSqF8G,Martin Luther,Yuno Miles
2XS7koaGfNZQMBVl0J9MF2,Темнота,Mav-d
495MswGlmUXUHmtBhhBr2o,bouncin,bxnji
11gTRcdz4wK32fghA2vrX7,Lost Angeles,FRIENDLY THUG 52 NGG
5zQUndaoBtXJ10SsApqtvw,Strategy (feat. Megan Thee Stallion),TWICE
2dKkVF2m160z0RNDN2dddc,NISSAN ALTIMA,Doechii
1lx65Q3Vfy8NsfaA5DXUcJ,Sladki Snov Rapper 2,FRIENDLY THUG 52 NGG
1ck5jWKV1chAEdtPHZHl9b,AMMO,FRIENDLY THUG 52 NGG
0xx6wsjApOtjqEBF3xeSG7,Legit Check,FRIENDLY THUG 52 NGG
6R0CVsepzUgMrcnzf7cP40,Chuchuka,Big Baby Tape
6aatZDd10jSN8blwLBURlE,Anora,9mice
33BBo7zULt3O7mgE3pWMM5,The Party Never Ends,Juice WRLD
2QxekHjOYDnzNO5w8hu2D9,Empty Out Your Pockets,Juice WRLD
0IWi2ZDDldYKBHYmG7mqPm,KTM Drip,Juice WRLD
5iG5cxNN8um3C4b4rDAWl8,Condone It,Juice WRLD
0rAXLQ7JgPek5Wll0AXBMb,Party By Myself,Juice WRLD
38VkGQ4Sumz99xja6TCs7z,Adore You,Juice WRLD
7EBy2V93Ykyvfc5CMApTGc,Barbarian,Juice WRLD
6YUrzxcR2tAV0jtwlcSvgt,Jeffrey,Juice WRLD
0X14bByEYHVw3vZlj5LuLp,Floor It,Juice WRLD
4Y4qNC6LKeqyVdendBIocc,Oxycodone,Juice WRLD
2el7XGCIcceYTLqopAaReE,Spend It,Juice WRLD
7AGWaEI7bMMMgLxjYDubKE,Wake Up! (feat. Juice WRLD),Ski Mask The Slump God
7IwRg7xzgVtugj9KFFp07G,ADMIT IT,Ski Mask The Slump God
0DbO2UQHQvlcwMppuvmTpI,The Matrix,Ski Mask The Slump God
3G2MXiVq2AXc63EVxCQXMm,Валькирия,BEARWOLF
29zJSZwF7hcfMitUjnjgvm,AGATS2 (Insecure) [with Nicki Minaj],Juice WRLD
2K0PigoeFxviYiQXd4XtLI,Arctic Tundra (feat. Juice WRLD),Nicki Minaj
3KHjXNQDEZ0Hb2hzGdxcx7,Sherane a.k.a Master Splinter’s Daughter,Kendrick Lamar
0vjKXtFLt6Ti08Y3JCnRKB,Backseat Freestyle,Kendrick Lamar
4Gf6VlNy2E4VVuAkl0y2XW,The Art of Peer Pressure,Kendrick Lamar
3yapR7DctB2WtbmXkHHviC,good kid,Kendrick Lamar
3VYzbU22BooAROigHHwycs,Swimming Pools (Drank) - Extended Version,Kendrick Lamar
69pkT3GewmjhQf6vQWcK2L,"Sing About Me, I'm Dying Of Thirst",Kendrick Lamar
2MYm1yy4bYba3mGF9Ou6Yo,Real,Kendrick Lamar
7AKwWqnoMmvCqBQtcdIECG,ExtraL (feat. Doechii),JENNIE
0cbVD7WpHVdHUKwoolzhCZ,FUK SUMN,¥$
4qCGw5SJlCkUdOxyn75wgq,I got it,Baby Cute
3aSWXU6owkZeVhh94XxEWO,30 For 30 (with Kendrick Lamar),SZA
6koKhrBBcExADvWuOgceNZ,Open Arms (feat. Travis Scott),SZA
4CPuDVC8jhhK6lA2DIt8Cf,Born Again (feat. Doja Cat & RAYE),LISA
2kwJQpemyZKqaQiDmGSdBr,THE CASTLE,Chris Grey
3w9WvHLKSXOsW6aAw0yr1n,VULTURES,¥$
4rBRRLgdB9DYJhqA9uVcWt,FXCK UP THE WORLD (feat. Future),LISA
2os3F2ZKbj02ZWXWAdWGFD,TALKING,¥$
03qZDQKRYZdjhKsQ5G5H0t,Rapunzel (feat. Megan Thee Stallion),LISA
4snRyiaLyvTMui0hzp8MF7,Intro : JANE with FKJ,JENNIE
0fK7ie6XwGxQTIkpFoWkd1,like JENNIE,JENNIE
6SaSFVlIQC1L6Fh1QKLeFi,start a war,JENNIE
3gJAFFELdZyIM8tiwLAikg,Handlebars (feat. Dua Lipa),JENNIE
7rzzByujLJIBXpyOCnJhfx,with the IE (way up),JENNIE
4EIFwndJvGpgFjsEbNuYif,ExtraL (feat. Doechii),JENNIE
2chbuybiy6aDDBC985tJcP,ZEN,JENNIE
6HjYE79OOCGEhkIRfXLqrz,Damn Right (feat. Childish Gambino & Kali Uchis),JENNIE
1iRIdATb1I276VdKK7JVAB,F.T.S.,JENNIE
104KjF0t9EnlFOoxGLxiSQ,Filter,JENNIE
3pY2M4k9BSk7ulLBSV0tcX,Seoul City,JENNIE
0kHZ0qrGL9MohF9R8Uw77Y,Starlight,JENNIE
5DIZg9QqSdzgHmkZ2k2F1a,twin,JENNIE
2vJjUXJlquNXXGjKiDiSwI,Anime Thighs,MC Virgins
5GxnROd93Y7NGt2ci0TwBw,Mr. Clean,Yung Gravy
1kUyOJb3fzUo8r0OCz5SQk,Mantra,JENNIE
0rx7xu0RmZLpJjKNVZjSVv,Love Hangover (feat. Dominic Fike),JENNIE
3j3SfV4hAcR4XjCvW393Gr,POP OUT,Playboi Carti
3VdooJLOy4tLxKpnn46SMP,CRUSH,Playboi Carti
00iLTetTLAeImmBlh6jOJh,K POP,Playboi Carti
6iycYUk3oB0NPMdaDUrN1w,EVIL J0RDAN,Playboi Carti
3WRUvGqySBZC6RkB5c2w1S,MOJO JOJO,Playboi Carti
5SIvP6TdWc9DNvKbENjnYc,PHILLY,Playboi Carti
3lAEHk0eZzMKtCUFLXz8Ln,RADAR,Playboi Carti
68qeaZhtMZ6abrJCYt6nQn,RATHER LIE,Playboi Carti
79mFFAOYcG8ZF6AN1JecAL,FINE SHIT,Playboi Carti
0rNgWFQJtfttOYIHfDOHCg,BACKD00R,Playboi Carti
4evMMKc2HD6fV9slMfgkMx,TOXIC,Playboi Carti
2JJFJEvFSWyQ59Pwl2gqSF,MUNYUN,Playboi Carti
7xAvtuHf8nGi5OtXVPYgb3,CRANK,Playboi Carti
21aDVa64pWR8SYQ7wBRMkd,CHARGE DEM HOES A FEE,Playboi Carti
2n9fC0A4ptmWqYeMXEVaok,GOOD CREDIT,Playboi Carti
2ydagYqcyFfRtQPzKc5E8l,I SEEEEEE YOU BABY BOI,Playboi Carti
1pzN8bCzy017iK3vWzkk6Z,WAKE UP F1LTHY,Playboi Carti
7oZOCPjlLpHZtIebTXhlfZ,JUMPIN,Playboi Carti
4qvsNsA4gQKC9HLrmPC2Vx,TRIM,Playboi Carti
4rXxjHSAglOynjIF8Z34dx,COCAINE NOSE,Playboi Carti
4XcZp2xqbiD8YsnPboNUDo,WE NEED ALL DA VIBES,Playboi Carti
4uoADk7q83CHvXHW3k1etM,OLYMPIAN,Playboi Carti
76yJsfb1CUy5Um8nFL7jKQ,OPM BABI,Playboi Carti
3surY3LebvLLdJezmiKUBO,TWIN TRIM,Playboi Carti
4zK082ykqJzJGzC64NXjp1,LIKE WEEZY,Playboi Carti
4tMhjP02FRQ0KIUUEJ2oGK,DIS 1 GOT IT,Playboi Carti
5Qya13gFXqupr4sSmZMKDg,WALK,Playboi Carti
6q2PbvM9UEig4r8xku7VIb,HBA,Playboi Carti
5tRylsadMpm8TydUgq7NWj,OVERLY,Playboi Carti
7cHhlnawdN87aZbjO6LMRN,SOUTH ATLANTA BABY,Playboi Carti
2FktPXK8yLMFyx6ZTQtRSm,Born Fire,LE SSERAFIM
406IpEtZPvbxApWTGM3twY,HOT,LE SSERAFIM
6efcMTYO2lJ0zcpQEPk8m1,Come Over,LE SSERAFIM
5o4U0weUIAXolji4sEAnjI,Ash,LE SSERAFIM
1Hw8WhXlRjfUFDMykf92gA,So Cynical (Badum),LE SSERAFIM
7oZOCPjlLpHZtIebTXhlfZ,JUMPIN (with Lil Uzi Vert),Playboi Carti
4qvsNsA4gQKC9HLrmPC2Vx,TRIM (with Future),Playboi Carti
4XcZp2xqbiD8YsnPboNUDo,WE NEED ALL DA VIBES (with Young Thug & Ty Dolla $ign),Playboi Carti
3surY3LebvLLdJezmiKUBO,TWIN TRIM (with Lil Uzi Vert),Playboi Carti
3VdooJLOy4tLxKpnn46SMP,CRUSH (with Travis Scott),Playboi Carti
5SIvP6TdWc9DNvKbENjnYc,PHILLY (with Travis Scott),Playboi Carti
68qeaZhtMZ6abrJCYt6nQn,RATHER LIE (with The Weeknd),Playboi Carti
0rNgWFQJtfttOYIHfDOHCg,BACKD00R (feat. Kendrick Lamar & Jhené Aiko),Playboi Carti
4evMMKc2HD6fV9slMfgkMx,TOXIC (with Skepta),Playboi Carti
21aDVa64pWR8SYQ7wBRMkd,CHARGE DEM HOES A FEE (with Future & Travis Scott),Playboi Carti
2n9fC0A4ptmWqYeMXEVaok,GOOD CREDIT (with Kendrick Lamar),Playboi Carti
1pzN8bCzy017iK3vWzkk6Z,WAKE UP F1LTHY (with Travis Scott),Playboi Carti
4CdAc7V4hUe1cuJAjnPpSQ,Parking Lot,Mustard
7EW7Yivb93qKAtp5qEm5of,Dark Thoughts,Lil Tecca
2McT2fkH0VDqPsbiB9HWPq,CARNIVAL,¥$
0IWIN0WjfDiUZw4XNYGfdn,Trouble,Frank
0ViKGBsiDt52DwsLALWDSr,Wonderwall,Oasis
0dApSLrXvnYWy1wagJOmpp,DIFFERENT DAY,Playboi Carti
1bAv1DWUibxCIjAk9SlzRi,2024,Playboi Carti
2cjhSZd6uZIrp4ddxvvBdn,BACKR00MS,Playboi Carti
7bO7a1KrtmGNDIOy2u3siZ,FOMDJ,Playboi Carti
7lBwQzYymGLZz9ybb4isD0,POP OUT,Playboi Carti
1Smx3TnDkQQFAbtGroIZsW,CRUSH (with Travis Scott),Playboi Carti
0rMsV3Iifzt6go50yseDyk,K POP,Playboi Carti
6sqGQ0IPptqwcPxI5e9Q34,EVIL J0RDAN,Playboi Carti
1gQaUoiACcQQMkzM1T7HSX,MOJO JOJO,Playboi Carti
2tGbxb5gjmzZVrAgNGMZt1,PHILLY (with Travis Scott),Playboi Carti
2LaUsXZuuF0EVIZV6YerPg,RADAR,Playboi Carti
2CNEYpTPdchKPmMEj0udQ9,RATHER LIE (with The Weeknd),Playboi Carti
1ByRiHrHEwBHIGBpgNKsnb,FINE SHIT,Playboi Carti
7LEngZoUlyWtl75Ny4AoMK,BACKD00R (feat. Kendrick Lamar & Jhené Aiko),Playboi Carti
2OJ4JdnWRWlrEVueh8peoE,TOXIC (with Skepta),Playboi Carti
3SYZT8E3iTCV6cIiCXzvaL,MUNYUN,Playboi Carti
3sVvpKkriSM6YbArFtTl4L,CRANK,Playboi Carti
0FL6CErwb85mPjqbdyVvuf,CHARGE DEM HOES A FEE (with Future & Travis Scott),Playboi Carti
6ZRPwEoHXmqt6OodQ2F6BM,GOOD CREDIT (with Kendrick Lamar),Playboi Carti
23xdGMLE33WLnfOFaauxGj,I SEEEEEE YOU BABY BOI,Playboi Carti
1jCQWWNBF10mvsoqUbO5ou,WAKE UP F1LTHY (with Travis Scott),Playboi Carti
5WyOmCZp6wEuGBXyDD2ZWf,JUMPIN (with Lil Uzi Vert),Playboi Carti
0JESzBymlaq2w6EDVQHJFh,TRIM (with Future),Playboi Carti
4ATJr1s1UHpwfThmLYQPC2,COCAINE NOSE,Playboi Carti
6lBGEfWzVfIP2O91pZu7Fk,WE NEED ALL DA VIBES (with Young Thug & Ty Dolla $ign),Playboi Carti
2c3QzMqdntD7sorGovI87B,OLYMPIAN,Playboi Carti
73PTNe9rsnXsmf2xfzZi80,OPM BABI,Playboi Carti
1QClWCLQHRVvtab4HByDpo,TWIN TRIM (with Lil Uzi Vert),Playboi Carti
1FFf1jfSCvHTDRxF6tUDQG,LIKE WEEZY,Playboi Carti
4OGSO8YXI887iVfEALL2SL,DIS 1 GOT IT,Playboi Carti
6X0Co1rwt5CO0fZ8oBmpCV,WALK,Playboi Carti
2LUcleQOX5p0MoXjfMdGKx,SOUTH ATLANTA BABY,Playboi Carti
1ZPwN2BYeKssfv4avkzyKI,Pimple,ILLIT
2wUlYDGGXlSvm2NkGj0Qio,Personal Jesus,Depeche Mode
1Z2FvDFZSDQ23s4BDqpWqZ,"Sing About Me, I'm Dying Of Thirst",Kendrick Lamar
5vqGU4eGav3JMlwRClgHAv,HBA,Playboi Carti
59UfaR9UzalWrM652S8Ei6,OVERLY,Playboi Carti
2cjhSZd6uZIrp4ddxvvBdn,BACKR00MS (with Travis Scott),Playboi Carti
1MhXchY126AX5Iuv4Odbe8,LV Bag (feat. j-hope of BTS & Pharrell Williams),Don Toliver
5CGDrFkXmbdetIgUt77V9g,Up Up & Away,Kid Cudi
0Ns3nvzgfC6Yh3j5apV66n,Soundtrack 2 My Life,Kid Cudi
5SW0bSJXKMukbh8FCcplA6,El Paso Del Gigante,Grupo Sonador
4h8esPWnePAuECCHywEi6z,Lord Of Chaos,Ken Carson
6QKwCtI8qLTCyVGUHSVT0p,Xposed,Ken Carson
3J2ZpP5eNMQwqtpVjf8BBd,Money Spread,Ken Carson
1Qlor495SHxV6pBvnoWSlb,Root Of All Evil,Ken Carson
7x19FKGt44L9a0gSEXZ5f1,Root Of All Evil,Ken Carson
0gF3J1BaegNk9PN4Zi8r0a,K-Hole,Ken Carson
56BtPjjWiRc0ch7DH8DNu9,Trap Jump,Ken Carson
1LsisG6aoqfsF1r6M4LpMO,Blakk Rokkstar,Ken Carson
7aURTqVzpZxkJfboCvGc69,LiveLeak,Ken Carson
5bPFrzPx78qBnYLrX5Ogfa,Diamonds,Ken Carson
3uJ1OBbQVLmrzzCaWGYLxr,Dismantled,Ken Carson
4WPMwSCIAiykQJNZzEVi8B,200 Kash,Ken Carson
4YnB78MlBtr8YE0BANApq2,Down2Earth,Ken Carson
17299SljLkad5pg9mhnK2Q,Confetti,Ken Carson
3P5mHpWlBKCJUVYz9QvOAd,Naked,Ken Carson
2epSrh6IjiIb2F0O4QLu4b,Kryptonite,Ken Carson
3qOJebD6l8ONfeFFaEg1kU,Psycho,Ken Carson
5TsoJj7bFoBbtfYfHpwThH,Inferno,Ken Carson
4EJaMoBaqhbhGn4KX0vwOU,Thx,Ken Carson
0IuQGeckRX3CXC2y55cykp,2000,Ken Carson
1COq4M4wLZ2H9op9BzpxbG,Evolution,Ken Carson
7HcGqTORHDBsoC3HX6u83t,Ghoul,Ken Carson
2Y98lEkMVALCXni7o2g28b,Off The Meter (with Playboi Carti & Destroy Lonely),Ken Carson
697mqzUk9iIdnY3yHLXYEt,ILMB (feat. Travis Scott),Sheck Wes
2Tif3Rjua8qfTCUFP6lFrV,Lord Of Chaos,Ken Carson
1musbempyJAw5gfSKZHXP9,Anxiety,Doechii
1pKbRD6LFFxWJV5uLZdSJ7,open ur eyes,Effie
1GRA2TcMlpD44WXeaa8B4n,ROSE IN THE WINTER,millkzy
49oOgXKqm6xTavBtekzVHg,ATTITUDE,IVE
0NuhsAcq78bzMPGwFGS85T,Count on Me II,LUCKI
2MLuFz9Y3Vg3PF0Yf93M5c,800 db cloud,100 gecs
7vaFuClNKe02pjKYbXEJ46,xXXi_wud_nvrstøp_ÜXXx,100 gecs
4ScCM5slsFwNzGV8BAYFWK,Bag of Bones,Mitski
0EF1EE8zusg3Y869e56JFd,Nothing's New,Rio Romeo
21B4gaTWnTkuSh77iWEXdS,Juno,Sabrina Carpenter
1Y66A5zH3iPOWCDIuSDQR5,Bad Reviews,Sabrina Carpenter
5G2f63n7IPVPPjfNIGih7Q,Taste,Sabrina Carpenter
1d7Ptw3qYcfpdLNL5REhtJ,Taste,Sabrina Carpenter
1KE8CYkUEbVbCdEyO1nIfU,Please Please Please,Sabrina Carpenter
40B0m5nazT7TmUb8ztyk73,Good Graces,Sabrina Carpenter
3f0tRUl1npgHhkuta4jdDI,Sharpest Tool,Sabrina Carpenter
0x2c3kWgC2mSS4wItmPmx7,Coincidence,Sabrina Carpenter
3hppjCoD5ruwTaoyJ0J5Wh,Bed Chem,Sabrina Carpenter
1QUyotJH8XoTEan8aZdsiV,Espresso,Sabrina Carpenter
1kM0rpegwnoijthmQbWRcG,Dumb & Poetic,Sabrina Carpenter
7lqSxbrUebhWskjM0WTK7Q,Slim Pickins,Sabrina Carpenter
53cOhgs9hPAyUf2TsbNPQR,Juno,Sabrina Carpenter
5il0jwWUlvgtIzWvzJi12z,Lie To Girls,Sabrina Carpenter
09LrGvT9KsACH66RHYMDyR,Don’t Smile,Sabrina Carpenter
2tHwzyyOLoWSFqYNjeVMzj,Please Please Please,Sabrina Carpenter
3iPIDAFybaoyqX7hvAfWkl,Sharpest Tool,Sabrina Carpenter
5oIVNm56t6OIf9ZjdEG3ud,Coincidence,Sabrina Carpenter
2HRqTpkrJO5ggZyyK6NPWz,Espresso,Sabrina Carpenter
5VhvD0AKRprEaFtPNKGBQR,Dumb & Poetic,Sabrina Carpenter
0XkZmBCCcdMY0EPY8ij6Gb,Slim Pickins,Sabrina Carpenter
61KYsWS25JXUO4fGb1138X,Usseewa,Ado
53bnkcyDpei0ZlC30au1t7,Apocalypse,BIBI
5Alhp4aSOOfwDTynJ6ggEa,Hongdae R&B,BIBI
0Kl6xCOt69FaQfhVYJ9f7A,Meat,BIBI
5fR0q66vzg3bCvH2vhBFUe,Pygma girl,BIBI
1MJyiTlVdSLAjI9aclZ3hL,Scott and Zelda,BIBI
7n0bKALWsdwHYxgEWMhIDM,Sugar Rush,BIBI
1iOG6PssqjcEqku2dxmpUV,Derre,BIBI
55EIqap20T9m7VWY0Q3piz,Burn it (feat. DEAN),BIBI
2rccvqqoZ9o9CQO0vfavX8,Real Man,BIBI
5V07BlPJAYdvu7oF1SkN64,Midnight Cruise,BIBI
20tMQD6mORg6ZTiLmUSZly,Bam Yang Gang,BIBI
0RDE9qGuG2hnytAVfyw8wi,Hangang Gongwon,BIBI
1TouzSXTAAYWSzoZ2Lw6rE,Bluebird,BIBI
1mVkthjKD4TeADviXIzzjk,Winter (unreleased),BIBI
0GROiXm03OrMC5ltXLhGIu,The Party & The After Party,The Weeknd
0lEjxUUlKqjqXrVlIHFduD,P power (feat. Drake),Gunna
2SWbnWSe1onmbllRAU46uo,PERSIAN RUGS,PARTYNEXTDOOR
0jF2AdhsalO1L7KkhK4LE5,Practice,Drake
0JmnkIqdlnUzPaf8sqBRs3,Moonlight,Kali Uchis
6YB9jhzVEzw8CKeXD7Vx8j,What Could Have Been (from the series Arcane League of Legends),Sting
1n4jwRVXdkK2U34nBDUKKT,BLOOD.,Kendrick Lamar
4BHSjbYylfOH5WAGusDyni,YAH.,Kendrick Lamar
2LTlO3NuNVN70lp2ZbVswF,FEEL.,Kendrick Lamar
6SwRhMLwNqEi6alNPVG00n,LOYALTY. FEAT. RIHANNA.,Kendrick Lamar
6IZvVAP7VPPnsGX6bvgkqg,PRIDE.,Kendrick Lamar
05WroaccWBOq46mEkO5N0X,Whiplash (Steve Aoki Remix),aespa
5flRqe1GBBRSyKVbh7GSJy,Armageddon (Mount XLR Remix),aespa
0CExKnGUdMZkttFmZAuwdr,Count On Me,NINGNING
41Kf9FQ2Dxj81cjQpEWDUJ,Spicy - Nitepunk Remix,aespa
59RLYQQ8v9PItVwFf1qNhx,On Such a Day,WINTER
7KHVgThSlUCtMzvnze3Tye,Armageddon (2Spade Remix),aespa
4HIjbB3KasA4EnMnC5FnXv,Whiplash (English Version) (Sped Up Version),aespa
20kWpXaYo8igmrdwwy8OSE,We Go - English Version,aespa
7pMALX8aW6XLTqSKhs9S33,Supernova (KENZIE RE:WORKS),KENZIE
6WJTEsLxWtSIlXML3NVSzA,Regret of the Times - 2024 aespa Remake Version,aespa
08Pvcb7tO6Ac2TRB9zr4Wa,HUNJUNG YEONSUH,WINTER
00M2YcEqhsVbSW6RUKqIY3,Rum Pum Pum Pum,aespa
4YHeXM7mgLvxpvaUGnybGK,Whiplash (English Version),aespa
0DULYwlJVbkTTqA8ji6uSR,By Your Side,9001
4LG5kI1I08NAZEWV08A57S,Rollie,i-dle
6DfcCK3nYr7Fxl2af3iqRB,EMPIRE,i-dle
2nvRVS09Dn5T8r0sCltFA8,Gillette,199X
2oGscqSTag2iNgQYNn1dhg,I Want That,i-dle
326PEjfqveu646UhjHrth9,Wife,i-dle
4loUHO28CuvSbEiZXId1BD,NOBODY,SOYEON
0nS3lmnyaFyXuGVZp5XCqj,BIBI Vengeance,BIBI
0QyJXG36Q3Kta662XS8GhY,Too Fast,Sonder
0FTmksd2dxiE5e3rWyJXs6,back to friends,sombr
100fDrwOjO95J8CtTYmitt,Crashing (with Kali Uchis),d4vd
4zyHmSSneytuFEdU2TbU7w,unknown feelings,Novulent
1dpHnn6eh4Pz55UproSdJv,так похуй,madk1d
0mXuEBzTaqYmzIovJhx20u,цена,madk1d
5Fkkhd5Sy1dCBkKdXLQl4U,i'M THE TREND,i-dle
75I1DIoToy79f6WOH8NIEN,New Jeans - Jersey Club - Slowed Down,fedo DJ
5pYxvwd9OouvU1qKezFVmZ,インフェルノ,9mm Parabellum Bullet
5xTy9p0IXI8lRaU6iLGikC,Is this bad b****** number?,SOYEON
36DnMjOyWBOZLgWYm2KWFz,ты че обиделась,madk1d
4pd77vBHEbnRGUtNgmJ5ox,НЕ ЗАБЫЛ ╥﹏╥,SLAVA MARLOW
1FScXoUim4LEt0XbyepGqX,*** TRIVIAL,Kai Angel
1sLcNMhX9DiBeuuaTVJuDR,L,MACAN
0ndWY0kASiq9s2Fx76W4Jq,ASPHALT 8,MACAN
0uNlsRmW2hrU5UKtBMZE7A,IVL,MACAN
4pIutjvPOlkJPTPtpp0kwX,Hit Em Up,Мэйби Бэйби
2t09oTrG0c2IvUC6J8Mvif,2 лимузина,Napylniik
3qrTll9OQ9wcejTxPFY0qg,The Line (from the series Arcane League of Legends),Twenty One Pilots
0zin6HNAYX04mXsWjpUkIk,SIDE EFFExT (feat. Lil Yachty),Homixide Gang
0sxnoe2cxyhzqsY1ZC8pNB,Dreamdance,Amethystium
1lfO0bqThTLimzHsvk3LrN,OWA OWA,Lil Tecca
3wPaWjDMa3WXOlO5yNNCKC,Brother,Stuck in the Sound
3m4246nLLzymDD5yCHt6Wo,Fred Mercure,Stuck in the Sound
0eKbPwaVRok92vfBVFmtty,September,Stuck in the Sound
4C60tzJtzCJWwsuk7EBw9u,Tender,Stuck in the Sound
7rtqIxzou3hkoFISGsJMSd,Bandruptcy,Stuck in the Sound
038xvzzYfsTElwXGSw6Cmz,Criminal,Stuck in the Sound
0GhLFwupNYRCW0OPMLUVor,Who’s the Guy,Stuck in the Sound
2wKDKxAHf36Nxky5Wi3UHp,Pursuit,Stuck in the Sound
6lnwWBzAFRb4PfRm6U3jHQ,My Life,Stuck in the Sound
7LROnTlpYggwagWNCdXCB1,Silent and Sweet,Stuck in the Sound
4GHRivZvqAODFsmJ6JSyyN,I Told You,Stuck in the Sound
5zGFaR0900tKGfsTSPMMGA,Purple,Stuck in the Sound
3LxNhU9tSa7gZP9zwMWmxz,Ghost,Stuck in the Sound
3GwmjxMoBSFbcYVvZooKOQ,Revenge,i-dle
73cGVRpESgJ2hs04fj5jUe,Kan Saete Kuyashiiwa,ZUTOMAYO
4bdzlt280luOgFi0ZlkTvR,Ticking Away,VALORANT
4qtdab2DABnEokwupCl8lG,Dirty Work,aespa
6kBtuFVssWq2rORvq2ssXS,Dirty Work (feat. Flo Milli),aespa
05QXjyZgsAq6J84J6SlbyV,XXL,YOUNG POSSE
1QkIWxhr19nJWU9roGzTJD,Dirty Work (English Version),aespa
0XSYWOF6Rh0iwjTrIlp8FF,Dirty Work (Instrumental),aespa
28xDyjuy8GlH1xsn3zyoCW,Spellbound,Matrix & Futurebound
7fLzbEOBOae9lUnOwr7Tse,Memories (feat. Kid Cudi),David Guetta
0C4ejWmOTMv8vuYj85mf8m,S&M,Rihanna
1tMRh8jiYlmatpVeWWesCe,On My Mind,Alex Warren
1Zpi3A3zcSIPTGt4mhJsNo,ARISE,i-dle
3xtPQCHJQ3o70PeVAaZSG2,Queencard,i-dle
2u9S9JJ6hTZS3Vf22HOZKg,NOKIA,Drake
3tTDOodJcr6vKF2DASlwMZ,That's Not Me,Skepta
3RXUgPNIbUgFxsDWuBQEt6,How It’s Done,HUNTR/X
02sy7FAs8dkDNYsHp4Ul3f,Soda Pop,Saja Boys
1rKQjUhF9zFJmuUotr3VkV,"TAKEDOWN (JEONGYEON, JIHYO, CHAEYOUNG)",TWICE
1CPZ5BxNNd0n0nF4Orb9JS,Golden,HUNTR/X
6Q3lFQgpvhA9VApFKLFZtZ,Strategy,TWICE
0MHStU0muAIEMbwdnebYu2,Takedown,HUNTR/X
1I37Zz2g3hk9eWxaNkj031,Your Idol,Saja Boys
5DxDLsW6PsLz5gkwC7Mk5S,Free,Rumi
5sBDrrtLGbV64QJnEqfjer,What It Sounds Like,HUNTR/X
7KU3A1fotuV0GXY1doHFT8,"사랑인가 봐 Love, Maybe",MeloMance
5weiiKJieLj9jOL9u2F34z,오솔길 Path,Jokers
734WuFbTDxTPMU1lBP6e0M,Score Suite,Marcelo Zarvos
6EUcP55GlbmsmCzfL2vxtZ,on one tonight,Gunna
7lv4SU2ATVjQJp6Jia0x7N,Dark Thoughts,Lil Tecca
1kyOXuuefhYo3JtlyKnODj,Save Me,Chief Keef
69cLn7zwq2oIfnahAOIwV1,JB2 RADIO,JACKBOYS
5wNIHa6wvCCKP6fWgo3UAh,CHAMPAIN & VACAY,Travis Scott
6Gp3pYkydEOkl8EHHJxa9s,2000 EXCURSION,Travis Scott
5P03xImM2uFukzoty7NDw7,KICK OUT,Travis Scott
1rQEgtQNsj63xIUzEmKbML,DUMBO,Travis Scott
2D8i2yY8z3kB5gRaUJ5weK,MM3,SoFaygo
56jNpLhqZaI5IfJwwMdkRQ,VELOUR,Don Toliver
7ydu79RLStYQTOi1OM6Dvg,CONTEST,Travis Scott
3nr3oHUp1yTHnjgarY8KX0,ILMB,Sheck Wes
26N5kAVhlqFOWAkuMQ5Kwe,WHERE WAS YOU,Travis Scott
22f5gVlJXlTRSCezQDISFn,NO COMMENTS,Don Toliver
3LjZ6PqqXfwkcnLOkgLGKI,BEEP BEEP,Travis Scott
5820PtzfB116EIALe50F6t,PBT,Travis Scott
4lUAlhQOVzhitQKjxrHVny,SHYNE,Travis Scott
22itRNJ0N4sB8RSeofp7pW,OUTSIDE,Travis Scott
7HFdogJVrkXSm0qBf1JlOB,CANT STOP,Don Toliver
4vqwVaEqLNWo3UXhQi5IFH,FLORIDA FLOW,Travis Scott
2wRXvIGUTRWod4yp1k3bGN,Dark Arts,aespa
3MG4uJgccswTKrjheG54eW,DA WIZARD,Travis Scott
0z0aKxg9gQaISsMxXsqdXh,TRIP OUT,Sheck Wes
1eJCSyRDdGFjNDSr6SQUBs,110 SOUTH,Wallie the Sensei
6Rf0WOY4eBHPKRu4tiMQ5c,Don't Matter,Akon
37CoOXIsgF3NzbK1zHZetk,Mona Lisa (Spider-Man: Across the Spider-Verse),Dominic Fike
3JsydWaf2Ev4ehaLUjj3SY,Confident,Justin Bieber
7sQaZvlFFqlBsObK8A3y0S,Atlantis Princess,BoA
5H1sKFMzDeMtXwND3V6hRY,JUMP,BLACKPINK
3598iBWrS4JhJqP5tHlpVK,THIS IS FOR,TWICE
1wAfRQ0q2FlWaKPpqedjUR,D.I.S.C.O.,Ottawan
1Hi767DLfXUOm7Cj8lmd97,CHAMPAIN & VACAY,Travis Scott
714l8px9w1EWmQKTwiP7Lt,tEars,Extra Small
4Hs0dbbWphP4ILaGaV9dYb,Come Home,Jace June
6zJoGHVeRHbfijJF95Q3pE,Bite Marks,League of Legends
1DMp5Y9596jKrZTBYgi7fV,Dirty Little Animals (From the series Arcane League of Legends),BONES UK
1mnqraQ8oV8MX92rdOFLWW,1 Thing,Amerie
2WLaphS5vogH0CZOlHTxdI,MY UNNIES,kimj
5je2P9HLsU7VhN2FKWAxVY,shining crystal coffin,neevah
6juq05PXF6EeLV9l5QBHx8,LOVE BITES,neevah
0MdjcIdA86OHF99UeiHjbx,how to troll urself,neevah
4IMQOvw5vjmFVpmuyXQ09R,shadow realm,neevah
79ACVAZgYnzbzfIpgOI6Pw,daywalker,neevah
4C3n9gTmI1fBiubrtND1Ff,난 당신이 그리워요,neevah
7tPW2bxF2973q8J0HUM8wN,New Jeans - Slowed Down,fedo DJ
2CIlKt4lRwAAUx5fYgCBxN,ecstacy,SUICIDAL-IDOL
3kdAWcII7Co6Lv9Rw1pbIo,Fire Your Manager (feat. Playboi Carti),YoungBoy Never Broke Again
5bOSYjwa25Oko5ZJPNhnu9,Wavy Crete,Babyface Ray
43eWbl5dX7pM4EYqe5Lfgf,from me to u (feat. Poppy),BABYMETAL
2S3u18aJF8eExll5dYwSJb,RATATATA,BABYMETAL
7DaLKhSP0YlBa3z3fp6xTq,Song 3,BABYMETAL
0CtGH9o7AtRG4ifd7kD30U,Kon! Kon! (feat. Bloodywood),BABYMETAL
1yHJIsBMelUBafYukvbHj5,KxAxWxAxIxI,BABYMETAL
5MYlEdN2pfbl0S1qCToSvQ,Sunset Kiss (feat. Polyphia),BABYMETAL
5kQWVteP4yTNL7xZWFE5CJ,My Queen (feat. Spiritbox),BABYMETAL
4JgCwPlntp9QsAj5xov7cO,Algorism,BABYMETAL
3qNWjZnk8czRL8u2ANUsYh,METALI!! (feat. Tom Morello),BABYMETAL
0fxIL8ACHxr87XAweSABoU,White Flame ー白炎ー,BABYMETAL
2sTXsUJ9S1cZOtA69inxrv,Trinkets,Ashnikko
7jm2PueKmv4EOHfdbdXMKT,八方來財(Stacks from All Sides),攬佬SKAI ISYOURGOD
0hEWvzkgbI301JZj947gFz,大展鴻圖(Blueprint Supreme),攬佬SKAI ISYOURGOD
2cUJ6wbyqH8hDZN8VWQ5oC,因果(Karma Code),攬佬SKAI ISYOURGOD
3CXHHtIlv9R1kCOnLeG7Yq,Angel With a Shotgun,The Cab
0fLaG8VLr8tNfMJDzjzubo,LONELY MACHINES,3OH!3
1tagTr1YAXN4SXFym3fqgI,Gimme Chocolate!!,BABYMETAL
7ljZhhXv3rP8dJJ3RlupWt,Imaginary Playerz,Cardi B
4GXl8l1MfZPf2GvpyRPJBf,pick up the phone (feat. Quavo),Young Thug
53DDMPqgMWNrEeE3NjThKE,Cupid - Twin Version,FIFTY FIFTY
1IfGOnXoMBkiKC9xljlSfa,Jealous Type,Doja Cat
4uBbeKZTXNRRV4bMIcKx45,WW3,Ye
2l6UQIQwYpRF0GMfzyB2Xs,HALLELUJAH,Ye
26QJuQfM8PVAWkIm1JRyqq,ss,Ken Carson
11Cvnjn3dNfP9Cdz6EFzxK,goth tv,zavet
2xStyR0DFYQFjApAeeRdF7,zanoza sport xtreme,zavet
03unkZidjzUbrOd35kUPXd,отвратительный король,тёмный принц
3jy14G6E0lcNdK9i6h4Uup,вклубе,тёмный принц
7ftKHLwWvWJe0GstyI88YR,lovesong,Kai Angel
69rAEPmE03ErQuaZOsiptD,DAS IST DIE REGEL HIER,DJ TÖRKE
3VieScqwrczxcSVTsH20gu,AIST,FRIENDLY THUG 52 NGG
0nXNsOS6gKYKS6pdoTBeHR,No Gletcher Gang 2,FRIENDLY THUG 52 NGG
7IvHdzyoI5gOx9h9cIFAyD,СНОВА,GERA AMEN
4eJJbfgrCzM6P5Cw9K7FvV,96 слёз,zavet
56jlBJURvEnWBN2wBUAweM,ополчение 2 dark,zavet
1t3y5rSuVvpvmFHDl2E3tK,НЕ ЗАБЫЛ ╥﹏╥,SLAVA MARLOW
5MQ433iCYH3xrIE5PZaV0G,ЗЕРКАЛА,SENSEE
2UmNnHsSDNxxqowPh8kQDR,"0,33",SALUKI
4nEh0hECUxpplQDQqchkK2,Я ВЛЮБЛЁН,GERA AMEN
1o9P2grWjVGA2ypZtdSRS3,Jet,MACAN
3TSAXaRyCb1DBKM9qgJ06F,No Wind Resistence SPED UP!,Kinneret
19rOI8tvgnNUQaNyz0n2TP,STUCK IN MY HEAD,TWICE
5ZwlnR8yGofZ0669mEh8Xm,Celebrate,TWICE
1z2vNmmIFLSw7zfhr2hxWt,NEW NEW,TWICE
6Nqp4bYrZgdVnAmWc9Ek39,One In A Million,TWICE
4TsOQZGMRCVUhS7cNzhdVF,CHILLAX,TWICE
0Nezjtp74RRI0p6C3gXN13,Era with NAYEON - (Remix),Tayla Parx
6bkTxw6m6vl8Oc3xtKBXN0,SET ME FREE (ENG),TWICE
139JUU8fJkQoeHl9nABk9C,CRUEL,TWICE
22fSzde77hjB052Vo155LF,Strategy (from the Netflix film KPop Demon Hunters),TWICE
1ctHNAVFmDTtge6GpmuBlg,RUNWAY,MISAMO
2hQdmjAhYEuMuqNWZCsz1J,BLAME IT ON ME,TWICE
3em8yvglQOquNvttDVnRWS,SET ME FREE (Tommy “TBHits” Brown Remix),TWICE
6RGQkDid8tL9tRi18cI73Z,Strategy (Slom Remix),TWICE
0V2passWyAXnON67kfAj7y,ABCD,NAYEON
3M0UuKUBJhEaPdfgGqTMl5,SEESAW,TWICE
0mgveJEIGjcN51w4JIQtI6,I GOT YOU,TWICE
1MdEg2lk4EakgWnCvFUGEZ,LOVE FOOLISH,TWICE
10la9pZeeL51aEjzC02SkI,TRICK IT,TWICE
59rbPbgauxNuF8JjQgCZDR,Like It Like It,TWICE
366HAwk1KLvWOwf1tml3jA,YOU GET ME,TWICE
4v0cxd2ieNh7iGkoN2RRGj,superstars,Saweetie
0H8vXZHYrbMfYJlojEjiS3,MOONLIGHT SUNRISE (Jonas Blue Remix),TWICE
5ohIR8wkCc9QL65Ie5Z6lP,"TALK (NAYEON, JIHYO)",TWICE
3PeqOlET4ZX6CKGwrlAX7u,MORE & MORE (LEE HAE SOL Sped Up Remix),TWICE
0SiX8tNiIZskZrPiAh6XxX,Kura Kura,TWICE
3Z6pxEAUAOmlrATYFIo2mw,Strategy (Moombahton),TWICE
04LlwbQp31hLQ6meYbP19t,In the summer,TWICE
0EUJ10QWM7iYYyHt2Bf0DI,Talkin’ About It (Feat. 24kGoldn),JIHYO
6LlUHkJ6FsR5NpZA4vsVNe,"Thank you, Family",TWICE
2peoFPokM6eYAIwLm9IQ8E,Brave,TWICE
1RVsbqAP1WFFXPiBXQYIah,GOT THE THRILLS,TWICE
0HqzhHq24yCgB9gz5dVFn8,SOS,TWICE
4OtVQ2ZxS7yigIjGz5yKg1,SET ME FREE,TWICE
1bXM8imxd31qCecbHgSk9E,"HELLO (NAYEON, MOMO, CHAEYOUNG)",TWICE
3vA8ZdIqvRARF2pVKlnAWD,PROMISE,TWICE
7fEMfYZnjQ28Cpzi7QnkAC,SAY YOU LOVE ME,TWICE
3HWOknOVmd44e1jg4g0Sga,Knock Knock,TWICE
4ZI5oNBcRlYAEicib87I8O,The Best Thing I Ever Did,TWICE
3dFsp2LG3OIOgBaBU87FR6,SCIENTIST - Japanese ver.,TWICE
3uqAI1vTwmFuGbLoYSjZHz,Fanfare,TWICE
3Jscz9ODgRCDQKyFtJPIyW,Keeper,TWICE
2Ti4DCTo6Ag7QvaYex8A8B,Run Away,TZUYU
15rX80MpEJ2OqW3dPunQvI,SIGNAL,TWICE
3X8L4DUPjLUE1cr8omydPT,I GOT YOU (Feat. Lauv),TWICE
2fluM1mE0tKQ6rvM77Vr11,Scandal,TWICE
2VdU1ksBKcETBr8BYRHUvB,ICON,TWICE
7Jzo3IObpANz6giPTUrihB,Baby Blue Love,TWICE
1xAlI4oMjz8lJXO4iXik84,Marshmallow,MISAMO
5DmLFST9kbQ932k5far6Rl,PEACH GELATO,TWICE
1haYZ64GiDq3vU36S4BZEN,A Strange Day,JIHYO
366hct4ncFRf5TOvEjMVuf,RUSH,TWICE
3b14obu61ODHmi0vjaajeF,SET ME FREE (Carneyval Remix),TWICE
7cIn67LEvk16v6komC8znS,ONE SPARK,TWICE
7a2QLFestFOeQ03xBBX6E0,Jelly Jelly,TWICE
2mJAZlRKj2egyDPuOgSaFz,GIRLS LIKE US,TWICE
4ozZizc3fPNkTBBm3kcVt5,Strategy (House),TWICE
14k4ALBLN2FjtELYDcQUoi,MOONLIGHT,TWICE
7G2QDv7SqclV5jGEqEVDGR,HEARTBREAK AVENUE,TWICE
4O1WbQwMV0W6Y2dUCvwoBx,F.I.L.A (Fall In Love Again),TWICE
6JQejkZXevMZeRBq8BpBFp,Just be yourself,TWICE
5wNQXN45nL1BM6fuSZolVn,SET ME FREE (Lindgren Remix),TWICE
4gKhh8GQfRprLBBPc5um6Q,I CAN’T STOP ME (feat. BOYS LIKE GIRLS),TWICE
1tyCxhxiHQ9DoHIiDMFPzL,I CAN'T STOP ME - Japanese ver.,TWICE
0jn8sYeWOdYHjdF2cBmF75,CRAZY STUPID LOVE,TWICE
33Y2SR1SLyfXD6lotmt0oP,Touchdown,TWICE
7uAKsykguOnXZSh0WpOW5z,When We Were Kids,TWICE
14nturKxV48wR3lbknehiu,Behind The Curtain,MISAMO
3uazfRfe8P0L6j82EnHjOW,SCIENTIST (R3HAB Remix),TWICE
5TYy2SgTQUv6YGWHbryUV8,CACTUS,TWICE
0tTotZHPsxyjW3jqNJ1td2,Gone,TWICE
2MbxU95EQZbdRo0biiC6M2,Catch a Wave,TWICE
59m1MNGqo0ebDQ1T71JVm4,Sweetest Obsession,TWICE
3uREJgkcgTVa6N6zc7w1kH,RIGHT HAND GIRL,TWICE
5vL4zyP6X132arv4VhySLT,Identity,MISAMO
39kH6C2twlYjyssIW02sbr,LAST WALTZ,TWICE
2f92hG26Af9enOtKh5dqnx,Kiss My Troubles Away,TWICE
6B2WCk6chRbS7QHIeUYD1H,MARS,TWICE
4rZ6LHapeH1Cnxgvu8SrFK,Good at Love,TWICE
52FCAZn0YEkZfF0BtiAUMW,Heart Shaker,TWICE
2hN7kHEKFPFArDhJlg7UPm,The Feels (Ian Asher Remix),TWICE
6U6XKxRk5eKghgAygs4YM1,Road of Resistance,BABYMETAL
2BwO5K8Q7EPAJSGze3AAh9,Manchild,Sabrina Carpenter
42VUCXerQ5qTr4Qp6PhKo4,Tears,Sabrina Carpenter
3EMfeKtNK4q4k3sVjwg5Yy,My Man on Willpower,Sabrina Carpenter
5B3GZOZYXNzWpUXQC42hxZ,Sugar Talking,Sabrina Carpenter
6wkYQMrFfb0huLB5Qn19Iv,We Almost Broke Up Again Last Night,Sabrina Carpenter
4SRShYMtFIGgnOU7iBicMH,Nobody’s Son,Sabrina Carpenter
1PdUyYYw9sGU0yhLrpeHKt,Never Getting Laid,Sabrina Carpenter
0je57Uq5eTk1wrPzn9sWbl,When Did You Get Hot?,Sabrina Carpenter
1qyw5wSUkEvH8DtaCdx7Lg,Go Go Juice,Sabrina Carpenter
21IVPfi81m6ywNgOvqTj1i,Don’t Worry I’ll Make You Worry,Sabrina Carpenter
25jgQBxuUkGDdCG1WGKKN9,House Tour,Sabrina Carpenter
4tVVmShMF2PYdLqcejrsy2,Goodbye,Sabrina Carpenter
6C2nVSSeXNqfoY8t6tliZ4,jeans,2hollis
0Gz4Q1Bmyef5yA0G6LIIQZ,poster boy,2hollis
7GDC1oVPb8Kdb6DuxJnFQx,Ray,PassCode
5om9k5TDJvmVvrZW9td2wI,キャラメルヘヴン,Last Note.
1Dr5JexwA15wmKe7Y7maA9,Past Lives,BØRNS
3qhZZlLfepcMpKAjWHGyTn,Past Lives - slowed + reverb,sapientdream
09OKEiKltU6AvvrEtE92OY,Crucified - Radio Edit,Army Of Lovers
4g4Tbd4GJWod3DqfkiXtgC,Sir This Is A Cutthroat Fashion,Her Words Kill
2lzb0dgTFAfrHfzlZA9Hxw,Rich Man,aespa
6ZvLOJ2WGpPynVFQEij9gU,better pack your tears - Aholic Version - Slowed,314pies
70Jzsx8m0ClyLfzaEDxIIL,Drift,aespa
5QddRTeZt6iWhEBZfyJOdk,Bubble,aespa
1lHO8xV5n8sV3JzBkdExv7,Count On Me,aespa
721VUrqzx4JvJb2lSOBjPu,Angel #48,aespa
3wmMaBaxNnWvV6tsHrrC9A,To The Girls,aespa
5HkMCSCQ91na4fGvZOH4lp,Еврейское танго,Гусейн Манапов
4pRInxUDfPeADPnHjvXJ6r,Армения моя,Tata Simonyan
4ntSbcc2Jylklnuoxb9sfH,Captain,MiyaGi
0rcHUHjwL0UgQLm3lfwnlF,В сигаретном дыму,Ислам Идигов
14Y05tWgK0pIGlccWdIHsj,Погасли свечи,Timur Mutsurayev
1WvUtdd6yiHo3qhYVE2LB0,Нежная походка,Алихан Амхадов
2oEpEZldUAEBM3CyCePgsX,аппарат президента 2,maslo chernogo tmina
56JYQFBwpl5oVGB2V0QJKV,Качалка,СЕРЕГА ПИРАТ
5VFLavNWVeelUgtCDuXKgi,Im Arev,Arman Hovhannisyan
4o4tiwfUVm5Ac2xK0eu2F8,Harsanik (Asenq Shnorhavor),Tigran Asatryan
1xOqGUkyxGQRdCvGpvWKmL,Gabriela,KATSEYE
5q0EXnBYyeCdXD72FzJxH0,Illusion,Dua Lipa
6tS3XVuOyu10897O3ae7bi,California Gurls,Katy Perry
0e1OE2pEor5kVTWBIs0nWX,Smirnoff Ice,Yung Lean
1UNEuG9DYOWiikf00ayr52,Love Me Not,Ravyn Lenae
1htQDV8JxSuXG2QsNj5ttr,Last Friday Night (T.G.I.F.),Katy Perry
3yKY5Y679RcRQtkqvGOuie,Апноэ,Кишлак
3D24ErT1MMmUfXWotSj2A2,ME JALO,Fuerza Regida
6Ys5Xmyl13GuzVWDOqZlcL,ノスタルジア・オブ・アイランド,Tatsuro Yamashita
3d6IImvTf0BsPb4gfQithp,Spaceships (feat. Young Thug),Trippie Redd
1Fk9yDRkioLTCySrYd0CGF,Right There,Anderson .Paak
3iGNoYKIabGohB9A0C7dKU,MICHUUL.,Duckwrth
0dJaravwFK2NGJfu9scOPe,ДУРАКАМ ВЕЗЁТ,ФОГЕЛЬ
2TRTvy8YeGcZ4X8fhUcjjN,Я смотрю на небо,Basta
3wRNlFrdY8O7G1JQv7Y2df,HaBiTuaL sHoPpEr,Co Cash
238Sekyg7DyN2XDm0z4oWY,Fancy,Drake
6PhRhocBXP4y7NpciGmzra,Después De La 1,Cris MJ
3TahdwXB4gJRWVAI00Ejqa,"Moves Like Jagger - Studio Recording From ""The Voice"" Performance",Maroon 5
76dIZzTdrNO15mGBrU3MHi,One Kiss (with Dua Lipa),Calvin Harris
3lXbHd0EoryoQh3vpevNEP,Firework,Katy Perry
6r1ygpKNXg7deq18rzyM7F,Teenage Dream,Katy Perry
5ppdmIeHPG2qLHm0SsmqfB,Last Shot,VALORANT
0FtKxO7DnsJIJj3a0Qed8w,Prologue (Hunter’s Mantra),Marcelo Zarvos
7dkqm3Oi8Qd0kwNE4tQCtQ,VVV,mikeeysmind
7CvOnbFdnIoXMQ4eFCo5lB,Around the World (La La La La La),A Touch Of Class
5Fhr3wqeieN5WDkAsqL1JJ,MONA LISA,j-hope
35QlJ8FdlMAx7X7dZ7miZz,Gone - Korean ver.,YUQI
0mXXjVVAhaasNXga2HMgJK,Radio (Dum-Dum),YUQI
4ZHYkfQPXkYM9uANPCliQn,M.O.,YUQI
32hTq85uIG4YtY1cR7TOCC,Rich Man (Yellow Claw Remix),aespa
36Dg1BTUyxjnPv0DFqcTET,Rich Man (DPR CREAM & h4rdy Remix),aespa
19q3bXHCo6rp6ZRzaFfyFn,Rich Man (DPR ARTIC Remix),aespa
1fUnO4JLV0Lu3Hfes9xbgn,aint hard,Destroy Lonely
1K9BPaRMM5G7A63mE7NRuF,risk,Destroy Lonely
129MkJl8HHdaLtR5UP0rmM,see no evil,Destroy Lonely
4LbEOVEI157jwLfleJyhVy,no pressure,Destroy Lonely
7DChHeLd7jF26oGUHNSA8q,[ost] dreamseeker,Bring Me The Horizon
24l3mfIPWVa645a9LEwSHx,YOUtopia,Bring Me The Horizon
0hpWmAB3L0OJ3VBeMkOQUu,Kool-Aid,Bring Me The Horizon
7g4hIeYVk3h5qQXb9RLeXP,Top 10 staTues tHat CriEd bloOd,Bring Me The Horizon
6tVahG14lCjexVQnYWKgwF,liMOusIne (feat. AURORA),Bring Me The Horizon
7mczLeiFeYKRb7vtiPjuMb,DArkSide,Bring Me The Horizon
2tWhiQJQSTa5WE3eiByOf1,a bulleT w/ my namE On (feat. Underoath),Bring Me The Horizon
6w3ZkuXFdme8JfFE4wixnc,[ost] (spi)ritual,Bring Me The Horizon
0lKUFDN6EFpbg5bnUfkkrl,n/A,Bring Me The Horizon
0Brlm0oPqzabpgIG1D1eU5,LosT,Bring Me The Horizon
7ojQB63aoM7jk5JsF4CRkj,sTraNgeRs,Bring Me The Horizon
2FpTKYNgIKLGpNYu7doupu,R.i.p. (duskCOre RemIx),Bring Me The Horizon
1EQgXWPkU96b4tw3pJtTp1,AmEN! (feat. Lil Uzi Vert and Daryl Palumbo of Glassjaw),Bring Me The Horizon
4F8dZKZnY8dhEtUbUzHiEt,[ost] p.u.s.s.-e,Bring Me The Horizon
6hXCQgN8DsyqymS0MfERpM,DiE4u,Bring Me The Horizon
0fLaG8VLr8tNfMJDzjzubo,LONELY MACHINES (feat. 100 gecs),3OH!3
4LFGa8tTHa3pZnLLTAHK3p,all 2s,2hollis
4iShoHVUGeSVT7jqyAVgnC,GOD,2hollis
7fYba5gDhSnMJoQPjqAarN,trust,2hollis
08WEIBLx95kvXakvVs8izv,FORFEIT,2hollis
6ZlJ8X4mzXghjiEuhcvo2n,nothing2 lose,2hollis
4ATdGhsuRfFIViwwP9WH52,blackbirds,2hollis
7mABPLrORWP8aPNS2avdyV,fame runner,2hollis
2qZqDXzp4QtFLrRjuHAbaS,2 u,2hollis
59Aq073IvY2zYwG52RhbiF,PLASTER,2hollis
0IJDhv9AaqzkOCNA7pEgxk,it will never be the same,2hollis
6y3EPT8iw6HmuMpX05gyvt,THE BADDEST,K/DA
6lkBWNf98tfthAaNovqiVq,RISE,League of Legends
6wiW2KWOJIN8XgMaCUTDVp,Infinity Edge,Pentakill
2r7An3Wv6XWjmjlQntO4dS,Edge of Night,Pentakill
5Eoq0zBxTqE5VntEYclSwU,GIANTS,True Damage
3XbO8GaXekuwBWVCzH8xqq,Lightbringer,Pentakill
4LhgwcTWwJQc6DFTkLXVEc,Legends Never Die,League of Legends
3fiMMAD2d7t0g2MVGf6NE1,Get Jinxed,League of Legends
62J3LcwTASdo624WsF3L6k,GODS,League of Legends
4k5H18hi5SzFNfe2tBNvqY,PARANOIA,HEARTSTEEL
57YmYvx5M2UzqoAWpOJ8Y5,Awaken,League of Legends
1uB20TujpjHQZpFRxsbnI7,the NOISE (Contains a Samples of 夜に駆ける),LE SSERAFIM
3C5yxZTCcDOi4pnFEnKJdC,Cards,Doja Cat
2qGvxAKXbajPFRb9ybIMOD,AAAHH MEN!,Doja Cat
03JZr55j9bIj1d2RQJ7Yq9,Jealous Type,Doja Cat
0Nta861K14dJO3yIWdvqzJ,Couples Therapy,Doja Cat
5T0mnzMsyHtmWB7Kou51Ph,Gorgeous,Doja Cat
6IBTI6u7tVNtWojUHnO4Ap,Stranger,Doja Cat
6cm4pRaaxCbI004zWr0Gvj,All Mine,Doja Cat
3jYMt6j13zQGXfFLaO3BKv,Take Me Dancing (feat. SZA),Doja Cat
26hz3o1RH47yyE2iZnj9J7,Lipstain,Doja Cat
6bmg5bRyVsYEDwpvrdAk3A,Silly! Fun!,Doja Cat
0t3Q46Af4syvp0k2pVFIRK,Acts of Service,Doja Cat
6kH135t7tnbb7OfusRMrbs,Make it Up,Doja Cat
4GDpPRKZA5GiCMWzwnm0ms,One More Time,Doja Cat
4Af3RDyqbpNFHzEtQwt57r,Happy,Doja Cat
1hBHA40Ou5cmb8nBArrxbb,Come Back,Doja Cat
4Xf9GooVicwy15aJakqVHH,Burn It All Down,League of Legends
4hYnE1diuanoygN7BvKRRo,Frame of Mind,Tristam
41ZgD37BaEy5onB0hkScUr,Tear of the Goddess,Pentakill
4C4zy9kfjYjr6IcNAdV7ZD,Everything Goes On,Porter Robinson
0EIiEUREYnDRHbWKP55o4F,Die For You,VALORANT
60L7pHYOWXkTYDkzXCQJWt,Ninja,Young Thug
05wYDQJMksKYIEX0B7rCjg,RIP Big & Mack (feat. T.I.),Young Thug
5o4h46Jh8tkReTPnGm3jpb,Yuck (feat. Ken Carson),Young Thug
57q6befTFpZwWrZvfek3Fj,Walk Down (feat. 21 Savage),Young Thug
50C83RmXmziVgYGFcrS9wa,Pipe Down (feat. Travis Scott),Young Thug
6ZAdmMn7R9iwILWXVSM3SE,Take Over,League of Legends
2ZZoBU3S2aNYSaU1dAtgcJ,Ticking Away,VALORANT
3em2uN4cCWHcCXhjMzJ8ps,POP/STARS,K/DA
1jsRo6lODprC33SNqTvLGz,Phoenix,League of Legends
0c6PVOqHNDuhH6uNfA13IX,DIFFERENT,LE SSERAFIM
7K8XoQXZBffc4xG2xIQHMO,Rock That Body,Black Eyed Peas
1auuYcOrua5hrsGCS7idun,Take Me to the River,Talking Heads
5vmYMS6FR2b7J57OG0Cscl,Take Me to the River,Lorde
4yaalj9cPc9FCVi0SXkBuV,Take Me to the River (I Will Swim),Alex Yurkiv
1ciOCzBGxQFrMJoscx7NZo,Take Me To The River,Kaleida
4msep1zKokoPGNXinFiUSY,The River,AURORA
3gQC0KTBXZeysuzRqMrfbD,The River,Jordan Feliz
0d8aJLKZI1r4uOSLZBJaBK,The River,Good Charlotte
5WQLx09gJM4Dsf65C9hAhI,Look To Your Orb For The Warning,Monster Magnet
4H1FlITv3PMErUOyQYgUDK,Down by the River,Borislav Slavov
7y97RbibcWt5kv9RYpZdWy,SUPERPOWER,VALORANT
54qasQPZbBTQcN5gic7E6U,Mortal Reminder,Pentakill
65pHtEdxGt4e3Fv1ncPi6V,MORE,K/DA
6o02SWAdSzDcUcLsPxJSQf,"Hello, My Name Is Baby",Мэйби Бэйби
33CZravFcGBOwRw5dCOCel,VILLAIN,K/DA
10lqhWPGTERQQpeI3AimBF,MORE,K/DA
497qmwcUsCv5hmMU0K8Hik,I'LL SHOW YOU,K/DA
4z0QfhqociMIgLf9NYUliN,THE BADDEST,K/DA
3CEW3iffD2QvNZMK20sMqW,DRUM GO DUM,K/DA
37bNBNB332HXbSy6079cws,Odo,Ado
5kVjpdS4gqRtJtpbpd03M1,Fire Again,VALORANT
4kVME8P0uGX7TS6hYtrZ4A,Piercing Light,League of Legends
5WQQIDU3HRaMyPkob8mpFb,Where Have You Been,Rihanna
7wQvOekdDOxyZ3XtPDPrZx,Where Have You Been - (Orchestral Remix),James Liam Figueroa
6wzG4es0O7bPGYRBux4og0,Path of Yaksha,HOYO-MiX
4g4Tbd4GJWod3DqfkiXtgC,"Sir, This Is A Cutthroat Fashion",Her Words Kill
4ixCsiPHaHaWLAGY7GB75n,Hero Rider Jeans (Dun Dun Dun),lil hero
75AOHT6wkAr1XzaXTZiK6o,Ties That Bind (feat. Courtney LaPlante of Spiritbox),2XKO
7wA4XiTQOWByeF6DGWoxkt,Let Me Know (feat. Future),Tamar Braxton
43zdsphuZLzwA9k4DJhU0I,when the party's over,Billie Eilish
75IQVo8hqI1iwVZyvkN2VT,Show Me How,Men I Trust
3qhlB30KknSejmIvZZLjOD,End of Beginning,Djo
6GbgS99JyMq7NMzvQNzD3U,COLORS,FLOW
1ccaQ5anCaIEtl8Y3AjPfD,Mikasa,Veil Of Maya
2BL7BRWllZCeWhBnyxVMm3,Go Like - D&B Remix by Fox Stevenson,Fox Stevenson
7F6tUXXwgdvnYacYZ6Z3Jo,All The Things She Said,Poppy
3AspYFTkJFk9lXyaa2xxjW,Gimme Chocolate!!,BABYMETAL
3u5N55tHf7hXATSQrjBh2q,Freed From Desire,Gala
2N9miXnewVmUrgl6JSK1FI,SPAGHETTI,LE SSERAFIM
2CfVDYfw0B4WUHaWxyjsU3,Pearlies (My oyster is the world),LE SSERAFIM
07ZkZzMHE6EEbHD50WUrgk,SPAGHETTI (Member ver.),LE SSERAFIM
6xndk83L8mJQ4sKdGfP4ie,SPAGHETTI (English ver.),LE SSERAFIM
4ly7INe0YNvJNZYXnp85PH,SPAGHETTI,LE SSERAFIM
7ldkzy9SvEqx7AcevBADdt,Pearlies (My oyster is the world),LE SSERAFIM
7uT7mlYS0R3Ujk5UB5ll0O,Let You Go,Demi Lovato
6OWWZtNQORY1McaZmOrwhc,GO!,CORTIS
3nDV7BC1cRsyNAHejaSUhe,What You Want,CORTIS
4ecdsGz3Hg6TKPwQ0ZOdJz,FaSHioN,CORTIS
6T17ZI0glfM2IGLdUwtnLK,JoyRide,CORTIS
0nyhsAcyDj533QrXa4hUug,Lullaby,CORTIS
0kFKznPzC9S8RTgytfqoI3,What You Want (feat. Teezo Touchdown),CORTIS
7AVyve7cFYTd51ha5i9kE2,Down Under (feat. Colin Hay),Luude
3XxK2m4n8Z0h37IYMfxiaO,Road of Resistance,BABYMETAL
3YjVhsdXUG69TeUm0XzIFZ,HOES DEPRESSED,THOT SQUAD
58awxGcVt7bQ9bahX7yWxt,BLUE - WINTER Solo,aespa
1D1cBWh7IJ5DqOIYqCtqZa,Ketchup And Lemonade - NINGNING Solo,aespa
09mT11oYwaa8geGu4UHpzL,Tornado - GISELLE Solo,aespa
19iJj3pCMwGxrA6pltPat3,GOOD STUFF - KARINA Solo,aespa
1hZu8q6Zht975yzCJQQR0I,Ay Mi Gatito,Princesita Kelly
4hfzUjG7A5fsr0xoMfdxMA,Montagem Miau,Lenar
1awPIq3bmiN4xDQRZ9xUae,Ay mi gatito miau miau (EDM ELECTRO),El Nebulozo
3l8ACerUtJfRd0rxJJ4Gkx,Radio,Bershy
7GI0YANcHMcybpOYP1pNSP,Feel the Way I Do,Primer
5qoxoHoinybFBRdJ5LGyAA,Chanel Boy,Lil Uzi Vert
4h5ovg7ijmTMzLbMBkIe08,seaside_demo,SEB
3nh6Moj9U4PmjzALwwu50Y,Can't Slow Me Down,VALORANT
0ABFicfUWyGXe285n5JFdh,The Thrill,Wiz Khalifa
66yPalPs9DrhbGb9gR3vD9,Yale,Ken Carson
1k2pQc5i348DCHwbn5KTdc,Pink Pony Club,Chappell Roan
0xbxYpsKdGduH0sat4bj4z,STAR! (feat. Hatsune Miku),YENA
4VxTzYm00mg82MuoT35Ja7,CHANEL,Tyla
1Cbl3Yq8rHo7hhDQmLQagU,PUSH 2 START,Tyla
0VodPyDs7Uw9UpeRp22vq6,M.I.A - VALORANT Game Changers Version,KATSEYE
0ThstNIYwHCqvO6Wslpphq,It's A Dream (feat. Lil Uzi Vert),Snow Strippers
1H2pPtoPS8kNlqCN7HfT6g,Machine Love,Jamie Paige
3j1lvwbdfj3xflDnQazc8n,Alicia,Lorien Testard
0orrgD76lIubUjB1fg6o5I,Gustave,Lorien Testard
1A1XuDIYZxSKrQ6mzkWwAT,Lumière,Lorien Testard
2zVT30yiobWfztkIGsROe1,Lumière - Lumière à l’Aube,Lorien Testard
1CYo4NG9dmlc6GOGFrUihx,Lune,Lorien Testard
4QEXM9na0mWIIt5Hwbsges,Une vie à t'aimer,Lorien Testard
6xEbgMxvz3MXMNnVU9SLUz,Nos vies en Lumière,Lorien Testard
6uOSbsYInv3qJtddsWbTik,For Those Who Come After (Release Date Reveal Trailer),Lorien Testard
5oK6A66SsPt1TA66BGjnSX,For Those Who Come After,Lorien Testard
7i2fOjMXzlSFUwyKHMGGS0,Only U,Ashanti
3sckKKIx96cjPXtiqPHCTB,Only U - No Intro,Ashanti
52ooD6LHuXFubM6d1CDD93,YEAH RIGHT,Joji
4HKWrGhNxub4PTLg5CM5fW,R.I.P. (feat. Trippie Redd),Joji
1j15Ar0qGDzIR0v3CQv3JL,Gnarly,KATSEYE
1NpHJ96ljWvqdbjlyc9GtT,FWU,Don Toliver
6ZxPofP51IZY0GOepgf0xQ,紅蓮華,LiSA
3l0LkMHUxblS730XZ5c6YN,helios rap remix,GauravV
66Qa9VzNQMlDX821MiJGsE,helios rap - Remix,GauravV
2bl5DiPxfhjC14eH1J80CP,Catch Me If You Can,Wuthering Waves
6EpZVG2zXeXGUitW8979U8,DELRESTO (ECHOES) (feat. Beyoncé),Travis Scott
6Dk5fHTvH897XrVzCO64Mx,What You Won't Do for Love,Bobby Caldwell
3SQ9Hb9rfpJ02AWfaOPhpy,"It's A Man's, Man's, Man's World",James Brown & The Famous Flames
2uXlHCUbq9OMUwx3hrk06o,Riptide,Vance Joy
567e29TDzLwZwfDuEpGTwo,STAY (with Justin Bieber),The Kid LAROI
78O33U6jbQtNiNfbkZudpd,She Will,Lil Wayne
7uJUDd92ZfawO5clVSY0dq,Maui Wowie,Kid Cudi
51TCxtQ1u4Qi655ekjDCZD,Feel It,d4vd
5bhTUxSNkAZ4H3uFjSJRTY,LOVE YOU LESS,Joji
1ckhUtD8nBH2ShPlU8w2nU,ALL MY FELLAS,Frizk
3Z8GqESzJZkFU5vk1zDDNd,Trap Royalty,very cool tutorials
7y6RcmZyMDZ49yVupz7JdO,DUMBO,Travis Scott
0YVh3SyU4dS7jOWIFQ1tTf,LET THE WORLD BURN,Chris Grey
5HPsZwo40KA3GThqBFZFac,堕天 - Daten,Creepy Nuts
2Zj2AqmjkgpBix8cZAu6iY,不可思議のカルテ,桜島麻衣(CV:瀬戸麻沙美)
0UNqdgLDVDGIUlyqI0Pq43,Alibi (with Pabllo Vittar & Yseult),Sevdaliza
3WY21ibZasLGJE1U6Apmzj,I LUV IT (feat. Playboi Carti),Camila Cabello
6jppHdy8EW9ghHlOCpGBEr,Radio,Bershy
5wGsHz4u8LopZlpwIZO60q,Confess Your Love,Jiandro
4WFgvKVfEhb3IUAFGrutTR,Love Me Not,Ravyn Lenae
1pFQRreMptp3dkh64WiUNx,What You Want (feat. Teezo Touchdown),CORTIS
5iJfzXKvQXlYOBtEQhEmpA,"Tokyo Drift (Fast & Furious) - From ""The Fast And The Furious: Tokyo Drift"" Soundtrack",Teriyaki Boyz
5RM4iGrNOyeKLTcMv2FPc9,The Way I Are,Timbaland
554qQSs9lpRVq6TlaaiIKT,4 Raws,EsDeeKid
7J7dAsQVT4ya3V0U0jOzt2,Ruined Me,Muni Long
1l1YTy9nJ0trwhsCGcimly,It's A Shame,The Spinners
1NXbNEAcPvY5G1xvfN57aA,Dracula,Tame Impala
7KNmIjcmGJIBrhP2s5Vioe,Born Again (feat. Doja Cat & RAYE),LISA
5d8qCmymrrCaRlDk3YPgNl,Attention,Doja Cat
4yMMsS5QaEcsHZkKwdEyLv,Love Potions,BJ Lips
46aZJc0z1HHHSFxaIRxYSP,Breakin' Dishes,Rihanna
2HBBM75Xv3o2Mqdyh1NcM0,Heavy Is the Crown,Linkin Park
2Gt7fjNlx901pPRkvBiNBZ,Take Me Back To Eden,Sleep Token
4UvkQecqZuZfQIJ2DZrZcR,Doomsday (with Juice WRLD & Cordae),Lyrical Lemonade
1qIwin7JMVuX70qN6wD8ww,It's Up (feat. Young Thug & 21 Savage),Drake
2e3g8go386Zn6EyIz60Ci9,Snake Eater,Cynthia Harrell
2r8RwegunaKMYW4pDFEMKM,Run,Joji
33lL8HLB8YO834kMoQeoZd,Show Me Love,WizTheMc
3fuyYaLhZ2RoP9eWpvfP1H,A New Kind Of Love - Demo,Frou Frou
2XUx8PCXGpP1XhZJMGiUol,Chest Pain (I Love),Malcolm Todd
3NxWJWftvkstyxvb1pZlFo,Teeth,5 Seconds of Summer
7qjZnBKE73H4Oxkopwulqe,back to friends,sombr
0JGTfiC4Z41GEEpMYLbWwO,Gata Only (Remix),FloyyMenor
46YjJXVXWHlQ21odKktg5e,MOJABI GHOST,Tainy
5ycn8M0WNGedabDuaH9mQT,Labios Mordidos (with KAROL G),Kali Uchis
4srk9VdSiPW0IKqeX4KNDb,Viola,Yves
7B3BwNecBhKvNwSMOOl7Gk,Fame is a Gun,Addison Rae
3xavvpT54qq3TZJLNjBn7Z,Hunting Soul,トシロウ（CV.谷山紀章）
2PcaKowfrJ2FDoBP5uxHaU,the cost of giving up,Poppy
0FcS0Cpz3tK1DLXIzr6iL2,Bury the Light,Casey Edwards
3GAqddcV0nwMHQI5RfMXoI,"Afterlife (from the Netflix Series ""Devil May Cry"")",Evanescence
0MxqiUhIbMwIEOYTgdNbxb,Templars,Sabaton
51pREVFJeAJGvhJ1rYCKZH,jellyous,ILLIT
59hVbgr8rfYkDbHfr8RcGI,IRIS OUT,Kenshi Yonezu
2kXER8pkjxDVQnlagpVJJw,more than words,Hitsujibungaku
3cLXrotzCjYCkN73PewALM,Good Goodbye,HWASA
6oJXKYRFGuUNDPZ4aiJpFk,MM3,SoFaygo
3MOiRopkW7q1yE2QC2BHi0,SAME OLD ME,Rich Amiri
0PGj9A3Yg5mXfp4VYlL2HY,AT THE PARTY (feat. Pharrell Williams & Travis Scott),Kid Cudi
1RGidCmtrqER8GBs8TnG9C,Everything is romantic featuring caroline polachek,Charli xcx
1edcyazKIdKrIuz9cWpXU6,twilight zone,Ariana Grande
1qbmS6ep2hbBRaEZFpn7BX,Man I Need,Olivia Dean
7lj0vXLgWbyB0BvCsk22hn,Sunshine & Rain...,Kali Uchis
0InIeZW4P6VO7dUGRM4AKH,Sienna,The Marías
19XpFsce28aByvCC4g89tJ,Too Sweet,Hozier
7E47zOXHdx0Ob0Bu5GxCs6,Medusa,Cameron Whitcomb
6dANcQ00uiiWoBDYVrsGvz,28,Zach Bryan
5vHs45P0mSuzl9rDRcliLK,Made In Japan,Buck Owens & The Buckaroos
0eBFgRxyVSeuT4iyrbukdn,Where the Wild Things Are,Luke Combs
2A22iI0x4EYAVXNpKPhNEM,weren't for the wind,Ella Langley
4WVJeRP6hjMMBkmWsV4TtF,Make It Out Alive,ONE OK ROCK
0GXwlEXCO8qeeeOIYpsR3m,Rain,Sleep Token
5krhWYmWIKJhI96deUujm8,Specter,Bad Omens
7jp2VW62Yt2bDOaRas3hR6,PSYCHO,BABYMONSTER
1F2sn8iJA607Xfz1K3d9dJ,Charmer,Diljit Dosanjh
0NLOLiHF6Ti0QtX5P7gziI,Nafrat,Darshan Raval
5ymJ795K518y3ACGAytG4l,Kamaal Hai,King
1EZzUDV9IdzLVgmz7v86nx,AANKH,Sunidhi Chauhan
0J6YQ9KDwmnwD1sboA8UPZ,SHKINI,Guru Randhawa
78GAQZUGa11v6f8ozhGqbM,new way out,Poppy
6aC3a6uYGxo2uTAmYPUI1d,Heavy stunts (with Don Toliver),Yeat
4DPdJvSMB6hmrjgC5eC85d,Iris,The Goo Goo Dolls
3ydVuzJ4wOOvoNYYuhVZtM,Little Red Corvette - 2019 Remaster,Prince
7HHqR9QNwUU2TIZerV6EzB,Riders on the Storm,The Doors
1jux3g1YXNub0NkYbLTLIp,ORDER OF PROTECTION,A$AP Rocky
6zJ68ym0Buv2TpuUu8tw9A,HELICOPTER,A$AP Rocky
6uqoRmGkz2p9GDgisc9TcN,INTERROGATION (SKIT),A$AP Rocky
2FycFFuNMVVYIiIqeldXF5,STOLE YA FLOW,A$AP Rocky
2xsTsnA5QOFCnFXdEHGkli,STAY HERE 4 LIFE,A$AP Rocky
3sXsbaZlsTv2iJiEntsgM5,PLAYA,A$AP Rocky
7eEnuNVAHQXEwg18zZnmdL,NO TRESPASSING,A$AP Rocky
2lSDVBIWbWQ7z5Lw15GRNw,STOP SNITCHING,A$AP Rocky
63Pi2NAx5yCgeLhCTOrEou,Headlock,Imogen Heap
01yF1BLklq3Hq4C1zHuJlk,scared,Fred again..
5DU2GlveTeh8CkCd1jpwpD,また逢う日まで,담운재 (Damunjae)
2XYb5Vxa4O27cm78P5B22s,Neguse,Guryona
1N9T1W6UKgiq4CS6n3h6oy,remember tomorrow,Deathbrain
7aLRGMMlVdeH4egkq83VOk,Agoraphobia,strxwberrymilk
122HlfYjPsedvPdbAJgswz,Da Da Is Tape To And U U U,Rory in early 20s
75bJ6QHxOxVSZrfXnc20WT,Death Of The Endless,Cynthoni
01OWglrjw7tsioN1HoUw4X,stellar,Pisca
1r7dV486KA1fMo2w1voblx,Tartan,EsDeeKid
57Z6TJCTMACXxdrcwZ3Zvf,Phantom,EsDeeKid
6mOYMj6AcGdBZivnxPCQqo,Number (N)ine Freestyle,EsDeeKid
73x7sJsIoskasv0dDNlaEw,Ferragamo,EsDeeKid
78TC2xIVRqJNzzBS6abuNP,Dirty,EsDeeKid
7AJafblM4SKiMAqcLvNxVv,Apathy,EsDeeKid
7eCiTvwXk0GEEhWyNmZ7Rv,Panic,EsDeeKid
7j0Ooy9sVV3KfrTgiJMKPC,5am,EsDeeKid
1lJOLxDS8kS2rihrqezMcv,Century,EsDeeKid
5uz5v1hRZLjNGatcPtOWUv,LV Sandals,EsDeeKid
0knlQSQgGYpMVlquaf5inD,Mist,EsDeeKid
7H90WucIF921NR5leLriX7,Bally,Rico Ace
1QSE7XfNSozCWMx6UuNIaa,5am,EsDeeKid
6jUtvXa9NwN1Rh0PkLJHOz,Phantom,EsDeeKid
4z0dljYoJIG4lBNrSX4Zue,LV Sandals,EsDeeKid
1qR4GJqktuKUMRazeWrcH2,Gracias,EsDeeKid
3oACb1sd6m9pNYIUJOAeeG,Slurricane,fakemink
0ULW0KJtSlQgJ3AilE0iLP,Cali Man,EsDeeKid
2NLOyWzztMiW5FmNhD83K6,Mist,EsDeeKid
5IJk29XVW7C4uFxpfbWiBz,Little Kidda,EsDeeKid
1AqnpgnQVVZXmkvJrloc24,Tapped In,EsDeeKid
0hqtwlLosOybY08ulRiL7u,Warmin' Up,EsDeeKid
7gZxliU9pWwAQ3QdyQfdga,Prague,EsDeeKid
7mcxFbFdnFFbWwPflgqqKE,Rottweiler,EsDeeKid
2ZuMOcabaMzyXPPjFoYQGe,Palaces,EsDeeKid
2pPNAgcdgtRMwK9mPYMK7O,Cali Man,EsDeeKid
4DqqqrFeVbMvhE54x7a3fh,Tartan,EsDeeKid
0FrESd7LNffZyGZ37VuSmH,ATM,Don Toliver
0kav2DxndmxlsiT3pqXZjG,POP DAT THANG,DaBaby
3B4cjvGlPvyBLNG3AzEgkZ,E85,Don Toliver
0FlcmZ13DGRmscCroro9GO,Body,Don Toliver
2Ejyg4CavumEr7lFUkk9aF,Rendezvous,Don Toliver
4Z5KKoBGxpJo8YbDcGQXd5,Secondhand,Don Toliver
2GHKo6nrSjruvBEQbzD7Fw,Tiramisu,Don Toliver
03auLpFLdCv4HozP4pQseu,ATM,Don Toliver
0FMAKUsgIBszj75WEENYDO,Long Way To Calabasas,Don Toliver
4FUQtedaG22FWZ6lGyRApm,Rosary,Don Toliver
3Hb28pse82bhnmW9sjTahL,All The Signs,Don Toliver
16yVaWo0Gmvs2wlnmJbcH7,Call Back,Don Toliver
3kw29NreyBGyArNmYARr63,Tuition,Don Toliver
0gl5Yt7KlvwIb8LmPHmBTc,K9,Don Toliver
2A5cwtDZpk7RvsPolrF4UL,Excavator,Don Toliver
6d9Cs2D2RSIl9c0ulgnFe8,Gemstone,Don Toliver
3Y1ZpXS4HETFHDdBNfNU0I,OPPOSITE,Don Toliver
588gFLoYJdlQ9zLSuR3IpJ,TMU,Don Toliver
19cgfclwwxsGGwaEbOn0B2,Pleasure’s Mine,Don Toliver
5xEDRg4tI8ixoAvbrupsEg,Sweet Home,Don Toliver
2Ejyg4CavumEr7lFUkk9aF,Rendezvous (feat. Yeat),Don Toliver
419MJMrrDBoatt5LcEla8C,Teen X,Ken Carson
4Z5KKoBGxpJo8YbDcGQXd5,Secondhand (feat. Rema),Don Toliver
4FUQtedaG22FWZ6lGyRApm,Rosary (feat. Travis Scott),Don Toliver
3Hb28pse82bhnmW9sjTahL,All The Signs (feat. Teezo Touchdown),Don Toliver
0gl5Yt7KlvwIb8LmPHmBTc,K9 (feat. SahBabii),Don Toliver
6KwgfZhSWwrjDriUVNjVpI,Void,Alan Walker
45Z3m6yazmAi4jZuW0tzW0,Aperture,Harry Styles
116fMFsddogmDaZmhTLFYF,re zero,jequya
7y6CroexvLBFKFo48IQ1dC,AMERICAN GIRL,Tiffany Day
3YUynM80M34kyMiHF2xiAn,PRETTY4U,Tiffany Day
1z5IgJwq78uRL7l9AZ0qpN,BREAKUP,Tiffany Day
1ZUnkBd8RgXxaWkpci5jmh,TELL ME WHAT I DID,Tiffany Day
5ezkLDA74DwQhOROoDp2Pc,Rules of Nature - Platinum Mix,Jason Charles Miller
0xH0sFCdbn4LshJBcCAa28,Sleazy,Tracey
67QBCvKf89W0L84beo3beo,SiiMP,SEBii
6Gcf36dXcnt1QE9s1hmzfF,UP TO MY NECK IN U,Ledbyher
32kFCCsS86KQIbhgGED7pp,sprite,TEO.x3
7sXBFCN5U9BlwKfQqY0tyj,Come Find Me (with Clementine Douglas) - Danny L Harle Remix,MK
3y8Ek4gLumZB1wMsIzbNsH,body (i want you),rouri404
6WkiWn8bf8S29wSk0VwK7h,Falling,Frost Children
4TsTsXukyNBJ5EfYFOw8LG,down,Effie
2iHtOWx257QVfwWcp8ZF7X,Again? Fuck.,Alison Wonderland
4H448E9IQ0TV4nmLRMJ2BH,go,nate sib
3bLSPh1fLmyaOnJP0rsCeN,throwin up blood,Roxie
7LSIZNu8XQLnHRNvD6M1E7,Pieces,GORPCORP
0H03dWs6Z1RkvDsbmmuDFl,2026,Ö
0IAzncI3XC3o2mrGMUZ7bA,keeper,Bayymack
02ITjm5H1fidgCE2iA7Ppn,All I Wanna Do Is Party,DEBBY FRIDAY
61O9bBlR1osCoN9UJzntcg,dance criteria,clearlew
61I2iTsZc92eMO1bmNpjsM,Lie Forever,DEV
4NFIyVd9WKQrNuzIw5OAzh,NOSEBLEED MELODY,Oli XL
5qxW5Kx1GSuWT75dvyalsG,Sauvage,Yvnlazy
3Zqb3efu07yMTtzjJr6sD5,popoff,Sophie Powers
7HQqlyTnavA97mX9h8TNRy,Green Light,Danny Brown
0x3iQHDSInr7mrFcfYIlYJ,everywhere<3,TEO.x3
6k42eRkrkynbgclbyTMUxN,heart 4 heart,Lucky Iris
5QD9PUqyVz8syPaZL4HAbB,nice,2hollis
63boTXkmnOSIOSQnjp0FRO,Ouroboros,Yvnlazy
4Up5MhH38mjJmfQOsT7lMN,Aired out,kmoe
2qiPJbBfWc1RzClmRvM284,Espiral despiadada,María Escarmiento
726bJogFdJlyj9fAkbR7bv,Uhh mientes,lucigarci
3rDBU4noiq1rjG50MPKi9t,Nisemono Smilin,MANON
3JmSzqVFxC1jBH6unZt7cg,Rain (feat. aldrch),Cosette
0gJqDii6xMpYAAKVSBk00A,Dose Shinu Nara,4s4ki
1V57UV83BZdTSR1N0Nd8cI,4me?,MGNA Crrrta
2Tu8F5S1Y6UCRunCRkeLex,Aired out,kmoe
7FZxZL2arm9wNi5G8owCgo,Rainbow Gal,Cavetown
4QXjQ3KdLWX7DnaZUilfRG,taste,aldrch
2amgwr4hJ5sYWO6OlMupr7,SwedishWinterDepression,Yony x Malla
5SAMrLkb2yfCAE1tQO6jTs,It's Nothing,Ethanplus
0w7D97OKS6CN9KZyKqoFUn,Expression On Your Face,Mechatok
7MVgoiNaYhQaQmkEfzdGU6,Enjoy Yourself - very cool tutorials Remix,berryblue
6nr0obIqNhSFWiW14h5mz9,Ladies with an attitude,the sound chalk makes
4SUIbmMKdb2RsW0c3nuR9i,Open! feat. なかむらみなみ,TREKKIE TRAX CREW
1Jmnpvp4lA0PagLupHb9vp,Crimson Cloud - Game Edit,Jeff Rona
1v9OAyGabSeIOH2VWIJ0wx,Time Will Tell,Poppy
4VwFMekbfiPV16vyqinkTx,>one (greater than one),VALORANT
6uKiis50nHmGV2GpfLrbsD,stuck - intro,ericdoa
2GDnUFJ1ZwP3ooFqQHY1ht,ocd,ericdoa
68gdFKpX6VAddnn2UFgZVG,bugging!,brakence
5oPOob0I5zgbXo3j6Trb2k,caffeine,brakence
6hbsdl0qhEnYxkCxqOkkjC,i need a bitch that look like lisa from blackpink,Irvine Hall
5yvVYFDUpbnjcnRBgjwTzM,Dracula - JENNIE Remix,Tame Impala
4dtGRrcIntyfRyli21xLyk,Доля воровская,Бока
4qyFgJ6XqqzPeJ7wt3WGbR,"Grass Skirt Chase (From ""SpongeBob SquarePants"")",A_A_RonHD
4HRxySFx3JetT4w9r0rCj5,Ды-ды-дым,Kasta
0AW8D3o4OnL5BzOqeET06v,Грязный,OG Buda
5pv5mDgi38pKNKEbb4yipm,ВИП,uniqe
0cItyj95uqYjvYGchMLzIh,Тает лёд,Грибы
1lE0VIfo3WLUmtQr52NzVy,"Свобода [Из к/ф ""Бумер. Фильм второй""]",Sergey Shnurov
5JNvpulDanKIfPG5AB5Uen,Отпусти меня,SEREBRO
3runnm7eT71GCu8AwyeMtB,Сладко,SEREBRO
1psX9dcARfSK97VfnfIkDi,Дай загадаю желание,4К
38My4vL4LarJ3bEMQiEYM5,Cradles,Sub Urban
6qSpVdadF8LGDCJviMtc5P,Мейхана Флоу,Heronwater
27v8QdBidbC5idqWHqPBBj,Do It (Yves Remix),underscores
5rPNVwYjVEgkq6YNPki4Zc,BABYDOLL,Ari Abdul
3f0OEJd7mlPNhmH3fUOrqy,"Mention Me - From The Movie ""GOAT""",CORTIS
3t6D3tZXVIuy8SwT7Pcc6N,Hotel Lobby,Pop Smoke
2vdDGvRVJlD8DeRJzdaQrc,Invincible,Pop Smoke
2sVPmq0Dx4DRPpZcEsKQ5J,The Guardian of Angels,NIVIRO
6x8LylRHczmJgdM9tPauRj,LIT EFFECT [Feat. Bktherula & LAZER DIM 700],Denzel Curry
358a0oZmonseg84SLb97vO,Dracula,Tame Impala
3702l19pLmnSRKFEzDnVeM,Dior,Pop Smoke
21DMNxn3lLWYqaTm3MeGAn,Hotel California - 2013 Remaster,Eagles
3XvbiRGPzwO4h9FGo7VB8N,Element,Pop Smoke
23iKYWszFScsU02y1HJb92,START OVER,Tiffany Day
0vwLoigpluwMA5wbGbtuS5,Pull The Trigger - Maduk Remix,Flux Pavilion
2igwFfvr1OAGX9SKDCPBwO,Empire State Of Mind,JAŸ-Z
3Q3WZ7sJLoIZQKY7hWFyQu,Keychain - FROM THE FILM K-POPS!,aespa
5jQ3mnhNhs9VuEvmVKllWM,JUMP,BLACKPINK
0mYa3o6tlUN5HRippmKmwH,GO,BLACKPINK
5MXcM263QvCTWriH3nVusc,Me and my,BLACKPINK
3oraRy91vke1aof4tIrQfr,Champion,BLACKPINK
7m0duH1vdTNxM2g8BLfR0F,Fxxxboy,BLACKPINK
7cjoZVmWe2xsGR4wcXiV2v,What You Saying,Lil Uzi Vert
7r6PigmGzlB3YPB7wvBBbi,No Church In The Wild,JAŸ-Z
13Z2JpNwN54a5WXacGYtLs,Made It On Our Own,Yeat
62OmUhX3LOCp1mpyDCgnbb,Stars Align,Sān-Z
0NUQMwtbfqtVhlD6nsfX92,Astra Yao Theme - Ridu Holidays,Midnight City Music
44w6q4W7PJkEaoXdeojNYf,最后的修行,Sān-Z
0ddcSXm5VzpmviExjNj8X5,Original Me,Sān-Z
72wVwHFjC3PcoTLZInOpHt,CYBER TRASH,strxwberrymilk
0TX4RIL4fVq7Pvgo6W00VV,Las Vegas,Punkinloveee
6Z8kAHKhhvZcQPgXX6Kpvo,so 0bscene,Punkinloveee
3d8zIv577en5PxwwAzadN2,Untrust Us,Crystal Castles
1IlY0TRGDT84FMshBw6BB3,die w me,03osc
697IKoErv9oo0BWNTyP3SW,Let Me Down!,Clover!
40FoYtdLHEb1M9dYs0fF8g,Ur ghost is so pretty X_x,Rebzyyx
2PoYyfBkedDBPGAh0ZUoHW,Copycat,CircusP
2xMDUuATsOdOYAXprb9Lqa,pills got us fallin in love,d3r
6EIA1MCAyKN67izGFL8ato,Painforever,Rebzyyx
5uxYTDNKEOxcrlWyuMNjaM,DotA - Radio Edit,Basshunter
1dKse5425bYoycP6FSw5pa,Better Off Alone X Unlock It (Lock It),Six Dior
3St41VojoPFtCKy12k4tyb,The Flight - slowed,Skyper
6BpQ9oujWFqoH8rDzZQmPU,Bimbo Doll,Tila Tsoli
1WCpCRhI7nNo6RNSXDBJd7,Fright Night,decaying
1lethytswFEKkvfNIjdCC1,help_urself,Ezekiel
5u7Ow7JQjTFnrQoA0myBqI,Missing Textures - Slowed Down,NIVEK FFORHS
5jiVFNtBrIb3dn7XAqn6o9,wish I didnt kno her ##biblemusic,KidSnorlax
3wtN68pgYcPyc7H6GRd31a,I'm so fucked up please help me,Rebzyyx
2HUbbtHdpnk7RIQxQw8ymt,one more time!,luvwillow
2IJcQHxSrBMOuXuaQdnvyL,Sweet Dreams,Pixel Hood
1XBmI1scBghG3XTEBporro,Poison,Jaegershu
0tuX7AWqmz3QclxVDNncvt,SMOKE IT OFF! MEGA MIX SLOWED,Lumi Athena
6bxukxNnfPyph0sqhnGhpW,wutiwant - SLOWD,saraunh0ly
1GkIXxH51KquLrt7HCmOj1,rip out ur gutz,korpsebunny
5Or6Tn4uzj5yFdVb3hJ6ir,Gwalla Machine GO BRR,SyKo
6vlySgFFxoEsZ3BU0SYA3J,she ate my heart,KidSnorlax
23uLfXuJjpTo9zl50p3S6N,How Do You Do,xanwok
5vyDTFUQOA4bwWlmfPXOww,GOTH FEST,Yong3k
6wka0A1jT3vifzR4V4gBXg,Dancing Nihilist - Slowed Welly Well,pathetic240px
0Lw1s61I2yeWo1m8JKcGVz,calling for me,Rebzyyx
5kue9ujQkJv34YvNUEGYCB,Edgy - Slowed,luvwillow
12GSmDYwG6HIUieDnPeLqv,every single day,kets4eki
3xlLg054H2J7B0vtdbarcA,スピードデーモン,HXVRMXN
18n0voG6fG03ogJznGiyWD,Just Your Doll,Snow Strippers
6ba5jsjL6Ed8FZICtXEB3f,Doktorspiele,Alex C.
0ExUm9JjGLGBrUrcVNOgJT,I deserve this,Rebzyyx
47UhogdVCAwicb37A36c15,ur my drug i luv u,hoshie star
7fqjWHXf330QwnfaAWB2Dr,Dark Beach,Pastel Ghost
4cpEwUqg9QIjSJ2m5giV20,Pretty Scene Girl!,Clover!
2bwkKjzn5GDECUnL8Q09FW,TRUTH OR DARE,LyteSpeed
47wdrCjGEYTQKth4IYVAoh,Kill me and Eat me,xxx1337xxx
5K9tfeoiztw94dyWzF39jq,moment,Vierre Cloud
5FTJ5GDBBygR4SgpuddVs6,sPIT n uR fACE!!!,nokia2k
56MM6VaddMlm8l3A8FIApd,blood on the dancefloor,roshyw
7Dfy5ldWfkX8XTbpxYEuob,going quietly,Ezekiel
61kl9cGYLAHeGikECKnFGL,with you forever,Rebzyyx
1RXkdiCc4TtwPacmIKyUnX,Vacation Bible School,Ayesha Erotica
4R2cIts4SWf6aQbk7IPUrL,anorexic party,zeija
7oDo9fdLVUJVhwy0LgU0CJ,love letter,2040x2040
2GJeKXRjwvJ1re85hSVw2i,toxic,d3r
1u7LfUiN8qwFJNupJ99Y6K,high as fuck,kets4eki
6Oy3YnBQkXQwTz7vi3MIzp,Clear Eyes,Aidan Swank
1K5OXYZMz90JWaPrIAb3Jx,I'm tired of this,Rebzyyx
15jvZsBwKWsayXe7x1AIvn,Angel With a Shotgun - Sped Up Version,The Cab
28nNFQcH2DrSskdiZ5jmUL,Dancing Nihilist - Real Nightcore,pathetic240px
5Ja6lSRHpQ3XZoVfAwmTWn,SMOKE IT OFF! SPED UP,Lumi Athena
7lOvJBqH38ZY59eLU7bioq,all I want is you,Rebzyyx
6szR9RhRHY644yP1eGUGfl,crawl out my skin,Scarly
2NavHGG2doJbdENWFWcIhW,i dnt want u,03osc
1pBxH1rc51qEULwQ732ykY,✞︎Bloodycorpsemassacre✞︎,Vampyx
7AjU3sce5VrGGxHjGDy7ZZ,Stereo Love - Sped Up Version,Stereo Lovers
4tRVG0DP1lz5cVY1Sxphxc,Hero - slowed,Skyper
3uKqnQ0dGBcpovf9lV2nqg,I'm so crazy for youuu </3,Rebzyyx
4GdFtfWORB3JQvsjjWvE4y,you don't love me,Rebzyyx
2gvoySlTRaWMy5Xryf2BEF,Death city,6arelyhuman
4bQ7mjty0UVlKRalhizpGT,Vanished,Crystal Castles
3mMRpyE2N7oHvypU3RPntr,NALGOTICA!,Lumi Athena
5NLdlIggmKj4G7RB6l8Tm1,Society,pathetic240px
40PgxYs9gdEiAK4KVR6hHP,#BrooklynBloodPop! - Sped Up Edit,SyKo
3VjBq9U1722BfvskGExFqU,Better Off Alone X Clarity - Sped Up,Xylaris
2KybmmpQPpSvTtEFJD3iq7,How Do You Do - Nightcore,Jaegershu
32TgI3jE0aC5ReqF65TllE,aloneagain,NIVEK FFORHS
6XSqvDb8Ywy4sMHkNgusmQ,Forget About it All,6FEETDEEP Records
0wlq2N5QCYn4yDz8Wa2fC9,die stupid fucking slut,Rebzyyx
0EKMW2aCq2hO9oKpKlX8KW,be my bad bitch!,kets4eki
54lvTXJveJiVpj9N6JN97d,i lost my mind,Pearlblade
7iT4eHdjG2Ny3iYhXP0iRz,ketamine,siouxxie sixxsta
5qQOPASx8xLdYfyuk7OvWr,XOXO (Kisses Hugs),6arelyhuman
6slWUMiyoNNWcQGu6tkTlH,Leni (Crystal Castles vs GoodBooks),GoodBooks
1wzCEEvNOyAxzgifct7SQj,nothing last 4ever,Rebzyyx
3cFi1NVDYcYiHEdJsD2rhx,so bitter,Stxlkin
2aRjdfibMVQyl5iw9epBGt,bleach,Vandalism
3fuOB5lP0WjTgzFC6JS8si,P4RTY G1RL,Boy Fantasy
6t11fguQXJdNiHn5paYOuG,edgy,luvwillow
6JHfRFR3uXDVVdLWcJMccc,pr3tty lil sc3n3 sluttt,qtae
5tDbyeaCvxjNCBcupQucGo,#BrooklynBloodPop!,SyKo
3kkCmhk6Uy1k4c1ahiYvoN,daydreaming,Rebzyyx
7MaStaE2lWar6LLkBMW5ff,do you like it,hoshie star
2R3heksil8zmzSFUwYQIPC,Empathy,Crystal Castles
2F3DmoKQQA8nuVMMZagcMZ,skinny,Rebzyyx
6UKVuV4YNI9mmc89gfCUPQ,Toxic Love!,Clover!
75OFvW5ylu8wHvWeKPMbLT,Hands up!,6arelyhuman
03KRZpV8xqp0tjxB7EsuBe,Freak Show,Punkinloveee
3XOmSRuEEq7rK4XNzWQdyT,4 Morant (Better Luck Next Time),Com Truise
1YnWfFuOQiMgq4dzTKgVfP,111 Seconds in Heaven,SyKo
0ZDt9TMjMG9CWQX180xonm,jealousy,Rebzyyx
3H7tRlSaO8MzV9fVdPH15n,Pretty Rave Girl - Nightcore,Cheeky
1s6WVdrN6kz1ly1blsO4d3,Stay Ugly,Crim3s
1tM6TMYnWn5tRIwrRs9uN4,webghost,2040x2040
16UmthhxUPHCR0u1rdrU3k,hey bitch,d3r
6kqlHdAgxs12KJCrnVKfht,puke my gutzz O_o,zeija
2GxrNKugF82CnoRFbQfzPf,i like the way you kiss me,Artemas
0SsYZiXbLhPH8WU36muJ4T,mmm00nm0thz,saraunh0ly
1vbnYBav1FfsvLmwegFLE0,kiss me again,kets4eki
3pLuhMIgVGQB2hyFenu41N,so bitter (spedup),Stxlkin
4zCTaNdsMZOKOF4fJCVjCu,vampire party,nami
7sGUyFShKCmBb1NLyPxOC8,Roi - Instrumental Sped Up,Mckyyy
6lGvuJXNUeiS1OQFIG5ZU8,so bitter - super slowed,Stxlkin
0On2m1x86sC0Quwsu0JXQl,Pretty Scene Girl!,Clover!
55XNMFUSpXn3IcRlHMN1gj,Stalk Me,6arelyhuman
3XCar48faqWZei4rP78HxE,SLUT4EVR,Boy Fantasy
2lUJMxbQrvHNjnUYaC2k3l,scars 4 u,luvwillow
32C4pL1gPDZik2IELEFaKY,it goes around the world,kets4eki
3xd4GVGAuzJGdVZLEKvWea,Lost,Crim3s
7CSJZbmQd5YsNdwYfeGsNj,Doktorspiele - English Version,Alex C.
7IA9HiB4aJLelO0W9jd3Oo,wutiwant,saraunh0ly
5rDRbegMCOe1eWL0V7t8Xa,chainsaww,Maple
2PJhATOD9dWsevezmfjoMA,Nowhere To Run,Stegosaurus Rex
2wYTOWgGP4woPRhmEwRN9E,ILLUMINATI,LyteSpeed
5zBDdu04Ytlu5x2nxizQIq,Hands up! - Nightcore,6arelyhuman
2kKD6QqOIbW4eNogfuRrJN,molly luv <3,kmrnxo
4piafr7YSZHYgPvH4n4NeE,ecstacy (super slowed),SUICIDAL-IDOL
0RgKtaVv27Nff2y29qaD8W,ICEWHORE!,Lumi Athena
644i0cbharv2w1mo2QoiIJ,specialsadism,voidvoice717
6wlH6Ebu3Ssa4a04zCxDJB,Kiss Me Again - Radio Edit,Roy Bee
0xlcUgI02i1TZn3QIuaWUA,I hate my emotions,Rebzyyx
6QIY4JAyzPH6UuFsyndaPs,ATTITUDE,aespa
2XhatQ5NqfdqZMLCegWnbD,We Don’t Get Along (with Marshmello),Juice WRLD
45hOioMDJktr86iKDHC8gr,Girlfriend,Avril Lavigne
5XHf9PBxxHmJFuiDkGNIOA,Wish You Were Here,Avril Lavigne
1uFE4BZTmqhP4YTuXn3Ncl,Original Me,Sān-Z
1053UWA7fTbVLxBX8R9ClO,like JENNIE - Extended Remix,JENNIE
7L0dopNg5r1I6OHcVpA47E,like JENNIE - EDM Remix,JENNIE
6d611NNmXpV1Upyja5RNOY,Handlebars - Just JENNIE,JENNIE
77MEmQgBf2ZyGc8zi1FDx9,Hashtag,Yves
5fPhv87B44wFLzBlhhk51L,Gone Girl,Yves
6ncSi8impypfAlnrfIH6Pl,Tik Tok,Yves
2nt2xZTzSeXYiMzHlZHGUf,DIM,Yves
3ed6bGrORhY5LcKZMClkTf,BIRD,Yves
0ho6WKE45zywTVph0deBpq,See you in hell,Yves
5Cpo7btae5aI6QtOcVzWwB,Dancin - Krono Remix,Aaron Smith
416MsJxvxSKY96DCmbJIRs,"The Hanging Tree - From ""The Hunger Games: Mockingjay"" Soundtraclk",James Newton Howard
1DwscornXpj8fmOmYVlqZt,Stateside + Zara Larsson,PinkPantheress
2bAQsNqdo62T8akkIvWzGl,RUDE!,Hearts2Hearts
2O9bMJticxbQ8FH3NiQ7Xh,Catch Catch,YENA
7Iiek3SL6PluRxj9IgbTC1,Cure For Me,AURORA
4hTn5kvaI6mTDckWU7gm91,Pray for Plagues,Bring Me The Horizon
4hMdp5Em9XnIKPQs2ZgjTH,"Fifteen Fathoms, Counting",Bring Me The Horizon
1vPA35N0rBJu1k3Xe79cjt,Don't Go (feat. Lights),Bring Me The Horizon
0zSpmtXu6DLORS0LTtYTUR,Blessed with a Curse,Bring Me The Horizon
4GLPb0x67OClHoPPu3Jm0z,Crucify Me (feat. Lights),Bring Me The Horizon
4hglbplSo2Ei7UgulfLyfl,Anthem,Bring Me The Horizon
74T6Njgg3eX0j0TKOvrCy0,Crucify Me (feat. Lights),Bring Me The Horizon
1WmBVbFmLt0w6zPP37TeCG,Illegal,PinkPantheress
5CCr8msaN3MhgqBoa9yWhH,Boy's a liar Pt. 2,PinkPantheress
10HeYTTDc5jxAnjRwWfwIe,AiAiA,Ado
3mSRZuuXL6NjJosHn64pwu,DON'T DIE,Odetari
6dycPSQglCA4tZEU2UdLf8,SAME LA,Tiffany Day
0NiaatnKIcfVvCav6ay884,Mouiikai?,THE ORAL CIGARETTES
3DjMtj3Q1gUm1wIVnVekPC,What You Saying,Lil Uzi Vert
7i9SYJPGXAVnQphV8X1dDN,Alicia (Reveal Trailer),Lorien Testard
1vT6Unn3kM67tGaUv3N2k3,Clair-Obscur,Lorien Testard
1VFn9xJf7NUXIS9EDCU60G,The Thrill (feat. Empire Of The Sun),Wiz Khalifa
0ccNAnXt7hk61ZGxnenHa4,Our Drafts Collides,Lorien Testard
2zu4hS0vDZm5yzKUkfddFe,Une vie à rêver,Lorien Testard
54mufgq1uUvN1veRzfeX60,Aux Lendemains non Écrits,Lorien Testard
7DnbBdG4D5sayWochzbN5q,Maelle,Lorien Testard
0FyhBw60Tk0UyVqJEJqn9N,DOIT4ME,Tiffany Day
40p1AU9WjnKzgUTQu3FBEN,EVERYTHING I'VE EVER WANTED,Tiffany Day
5PYrRnaRsCOOE0c65L4y2M,SAME LA,Tiffany Day
3vt2JsfvpAvlxfIcFO7lZe,PRETTY4U,Tiffany Day
57aMyrC1ts3HlTSwBk2BIZ,COPYCAT,Tiffany Day
7xSm07mkWui2K3XkwUTgFi,NO LUCK,Tiffany Day
3SqnwMW6Xcldf9KYgL8UOD,BREAKUP,Tiffany Day
3EEUi4q95LmCjJfRzP1epo,TELL ME WHAT I DID,Tiffany Day
6dnMPOx96NSEAQqcDSdngO,START OVER,Tiffany Day
2wuDmnNqQeFKBHg7H4rY9f,LOOK UP,Tiffany Day
4mJtdc1xi7VN8Tn7c2aKvI,AMERICAN GIRL,Tiffany Day
3B9x2Xi0YSAWIDnPVm5RIL,FAREWELL TOLEDO,Tiffany Day
5FzY8uPr7G9U3cKq37DOd1,IT'S NOT LIKE THAT ANYMORE,Tiffany Day
6vUlAOoP5qqS3nPQmyc0Yc,twin,JENNIE
6dNk7wme2WgW7Sd6lYcCbL,Beautiful World,Parannoul
0OFHufUvVOPvNKOPgbaDRn,Excuse,Parannoul
46H9VQlQW2Aqf4zVY60cYR,Analog Sentimentalism,Parannoul
0w5DKGccxr2uWY3pFbVeUS,White Ceiling,Parannoul
7Gi8tR6JoLx25QKa3ygICX,To See the Next Part of the Dream,Parannoul
2E22jCM4n5Yldl8Y9sLB9i,Age of Fluctuation,Parannoul
5CCwwVc7CGu3tbbrnx8noX,Youth Rebellion,Parannoul
7vB8qltpZfzAC9GC0Z28JN,Extra Story,Parannoul
63hM0n1luAV17VRNU4fw8d,Chicken,Parannoul
5BY4CcMVoeobiQOFtNj1VY,I Can Feel My Heart Touching You,Parannoul
1CQYKndmQR1bMvOSZrq2Lq,Sports,Beach Bunny
0S7hKhEMgMKcA1O1ZKmwoE,Commas,GIRLSET
472uIrS3p6rytyT5uahR7Q,pinKing,HOYO-MiX
3GD2JOOvVAh6uN3iTyHw6O,DA WIZARD,Travis Scott
42F7AY5a40owYmUeq0QQTl,The Thrill,Wiz Khalifa
5ZpMfkJza78GZFstXt0HiV,It,Yves
4qtFYkuwV9q5O9wgcohRBu,HALO,Yves
2VdbARHQxe2Oo0PRlXpg4I,NAIL (feat. Lolo Zouaï),Yves
5tL3rwferxGQRpe1Huquht,Break it (feat. Lexie Liu),Yves
65mcFQSrz1i06dSxsBbvV7,birth,Yves
3ki3pmiZo3n24DFKdhHIqE,Ex Machina,Yves
1HAQnZBJ61UTelX3bnO39O,Aibo (feat. Bratty),Yves
0CQw1L7u32eodpiCTi5hw0,White cat,Yves
18dPA2sF6ghHFmHJA813Jl,Soap (feat. PinkPantheress),Yves
4esUVfYnFcCCVHntx9FQCb,Lisztomania,Phoenix
3tBaUwD4lEMdxoDQRayGG7,Do you feel it like i touch,Yves
4uouW6jXQjXEmy3iosC62x,Study,Yves
4nSLoMQfcjUnvIlLOrSXGa,mom,Yves
7BMO7O7ImjV8HNTH74Tshv,Cleanin' Out My Closet,Eminem
7io19rjxOFu3pGuZgBI6Pk,Drips,Eminem
5ZxX55HFfi4aofGTxMp58x,Steve Berman - Skit,Eminem
73qINA7ccO03wxD8nsJalr,When The Music Stops,Eminem
0btm9uDzodsNznWpcsTleg,Found You,DJ Planet Express
1OAh8uOEOvTDqkKFsKksCi,Wild Thoughts (feat. Rihanna & Bryson Tiller),DJ Khaled
7rAr4Ai9dysthnfNRRC55Q,Bring Your Love,Madonna
2fIv98BZ6NdkeYLZAvNzP7,Tell Me (U Want It),underscores
6gPbjxlebqkFyCaLY4SRVm,Music,underscores
3TpzJRU45jUPloLx6LKWcj,Hollywood Forever,underscores
6wm3t4VpTxSFfOUgTMlHZM,The Peace,underscores
1D84CoKziCbQw6NWVxorq4,Innuendo (I Get U),underscores
6rIsZ4WR4aENaUXOcLEfR0,Lovefield,underscores
4BBL8YQ1SUhSbcsEguX8kL,Do It,underscores
1hXtXrkP0n04Cx5DUyQNdX,Bodyfeeling,underscores
0ny6sr26ROicSIpAatlVAP,Wish U Well,underscores
3JfbMm4LfBmm96mkKhyG6I,RICHMAN,3OH!3
24rDDbSlFY9OHrlJb48CRh,404 (New Era),KiiiKiii
11nuN9xWUoKJNohMtyCoJg,Lady Brown,Nujabes
5JiDKtUusUUeeiGJxkCDi3,You Are The One,Shiny Toy Guns
5adWDt4mPuryG0IoC1ZKu1,Ashin' the Blunt (with Young Thug),6LACK
4aK4LNijbD7kkCg54UoIij,Feather,Nujabes
2Hy89WQAxszEUQAvpja0nx,Hello,Martin Solveig
59QIYdXAL9XeNtM0j8vN0k,WDA (Whole Different Animal) (feat. G-DRAGON),aespa
6U656W6WTyQKur99ihSybx,"fuëgo (feat. Bizarrap, Yeat, Peso Pluma)",BNYX®
3pid9SdBo28hjELHNT6B8N,Ma Meilleure Ennemie (from the series Arcane League of Legends),Arcane
1Nqew6LuBkDFdqedDZAxNW,To Ashes and Blood (from the series Arcane League of Legends),Arcane
0RtYfzwkgj0sOBuZc3NmSK,Come Alive,Sān-Z
6bJyJAZSE0WMbSRGzO5PwS,BOOMPALA,LE SSERAFIM
0mgbaZyS4BCJjJ3EeG0TXm,Pureflow,LE SSERAFIM
41d2WjuL0ikRKVjxmL7ZFz,BOOMPALA,LE SSERAFIM
3OKvpTlnhvj8u6fbV53kqC,CELEBRATION,LE SSERAFIM
0HsgIz531mkdxly35wKcwj,Creatures,LE SSERAFIM
77E2ONtFtBmMpnLw4A8pUh,FIELD TRIP,RAREKID
5U91cIDMrNEdsDBavYuQQh,WDA (Whole Different Animal) (feat. G-DRAGON),aespa
2oR7jPvWPC08Su4KYmKR3O,LEMONADE,aespa
4hWEH4DPWe6rot4JHJUMr4,SHAKIN',aespa
1ubVpU4mU0xbgq2FM3k5id,Can't Help Myself,aespa
4bqn9QgIrsgRy6HjcYhxak,Camouflage,aespa
5M7EPlVtfHdqlxY628HvHx,Bite,aespa
3KHbQsyerMst6uLw8JiAwu,Switchblade (feat. Ty Dolla $ign),aespa
3UW9TYmzopPvD1Gte1a5NN,Roll,aespa
4in8lrVCzPgXK9iTBJHrWO,My Plan,aespa
3bKpQla1Cn6WF7vZqb0MRZ,'Til We Die,aespa
27UQUnxpR2e8zrrMUVcbc9,iffy iffy,LE SSERAFIM
5JDDrQN4rzCOo6UniZEwq0,Need Your Company,LE SSERAFIM
6dPtt7EhUj8YQQ0IFVCQRm,Sonder,LE SSERAFIM
7r2SJUMWUwghdXczQDSYST,Saki (feat. Aliyah's Interlude),LE SSERAFIM
49CeyCugXaZV05J82ejVQh,Irony,LE SSERAFIM
3GY9Xp0U5rb7qYQVRSQqwh,Trust Exercise,LE SSERAFIM
5oVTzymB1OsLk3qsEHndYQ,Liminal Space,LE SSERAFIM
4POZsa4JhD4OLcNlbGxZBw,MY JEALOUSY,vivi baby
1p9hRNRKVFPuYv0ADlkl1l,A Passage To Bangkok,Rush
5Isdzs7S15eUIrFNS7XRZx,21 Guns,Green Day
1FjpYJ1tVHG3r0xDhZ3tTc,Smaxk Or Die - feat. Playboi Carti,Fatt Smaxk
2jwpT2tPlP8HYVpFXfZMqM,LEGACY,PIXY
3y67OmsYWyCevujkT4N6q1,In The Air,Destroy Lonely
3BTU4Jfx1gFLL7xXKRVyDM,Paint The Town Blue (from the series Arcane League of Legends),Arcane
4xmN2kN5mO7GexEr7Yo6d5,Cops and robbers,underscores
42FM6tM3n06euZCvpJn3dn,Locals (Girls like us) [with gabby start],underscores
2YCB6feHqTwywcF5xw8tMN,Duhhhhhhhhhhhhhhhhh,underscores
2ioSQeAIovL0AYCB04S0iV,Blood Moon,Mike WiLL Made-It
2Ufn44BKrUmTzOs6awzjA0,0,R!R!Riot
349vkspWxFPs2RnuBdVm8Q,Don't Lie,R!R!Riot
7Fc7XdmrmTUQBoeU8MXIbN,Run Riot Run,R!R!Riot
0lMnzSvWUEdVOI14qejKyB,ME x2,R!R!Riot
2TgZs3jZCFqrDA2ok1kGLT,2much4me,R!R!Riot
0PRiwEGq5jyi0VXKQsSOtF,Love is Riot,R!R!Riot
3YF89whfIzBKBkZsSRn4Hx,Rehab,R!R!Riot
3w1dpRkP1vNQlCVsoQnnfs,PS,R!R!Riot
1UbNFCKClLXoU2dL3PZCF9,Hook Up,R!R!Riot
4E4C0517jtnC5uWdfSPcBh,煙囪,R!R!Riot
2XgOjhT3Rqw83VOLq4O1KC,Lie2Me,DC THE DON
3bwjvIpo2vJaIrPvxVdxz0,popstar Nervous,DC THE DON
5EUOJdHaJFTwkXmtOUImxH,kill the dj,DC THE DON
40ODktyEO0qzL6EhKpHE3r,Selena & The Weeknd,DC THE DON
2NQ2eOFR0j9VlLLM0CYIux,shy girl!,The Deep
52IZK2QdSxUf7O5gdwhail,The Line (from the series Arcane League of Legends),Arcane
1jHiP5OoRNAzKx6i8qIyKg,Million Dollar Minion,Yeat
15vg0v6tZ1y8aZfpdz2KRY,CONSTANTLY,Tiffany Day
4GybTbmuZzZPnoxKKZzbQ9,Silver Scrapes,League of Legends
4WtMTAplAbnTaFuSxVphOj,Radio,Future
064NMVv1SUTN1e2fbG4MKt,No Weapons (feat. Jim Legxacy),Dave
3deZ4afG0Y4WhbSBEp97oK,MONEY ON THE DASH - SPED UP,Elley Duhé
5ccq5EjBY0kB9moDwnFIXz,MONEY ON THE DASH,Elley Duhé
42a9PusvgFnyH0WgdCn6PV,London Song,Ninajirachi
1xqT27jSG1Y15vOXfsV0gv,iPod Touch,Ninajirachi
5ZbztTcvj6QWWbeYsL4GTa,Fuck My Computer,Ninajirachi
33nOHyNeOKwwjKMrF9VN4V,CSIRAC,Ninajirachi
0CVbCtcdXAIw00YBXXbneu,Delete,Ninajirachi
0qubDCNLgEKECDhRSq7Q38,ฅ^•ﻌ•^ฅ,Ninajirachi
3CbF4eluvVhJ9v0axMj2Rk,All I Am,Ninajirachi
6CfromGdojo0R0vlgA7iU8,Infohazard,Ninajirachi
2JiDi0qAXsPwhPqA2qaKGt,Bohemian Rhapsody,Queen
3E3xe7Lppr4LfNvD1ifLrJ,Why? RED induction,MYTH & ROID
0ofO9k4uTwPjX80rZznv3v,Awake Anew,MYTH & ROID
19UnXjpLshSLobPspdyxlD,Less than a Lover,JENNIE
190jyVPHYjAqEaOGmMzdyk,Beauty And A Beat,Justin Bieber
1pjvlYOMIg1NhGQbM6iwrY,Light It Up,Major Lazer
2RL3lltgWSC1WBYQHiRL41,Hotel Room,FLVCKKA
3vcLw8QA3yCOkrj9oLSZNs,I Know - PR1SVX Edit,Kanii
1cyAB7KGiNHIqY6A9SyFaU,Commercial (feat. Lil Uzi Vert),Lil Baby
5njYiWKlMfU1HkOyetTRg8,True Bestie (feat. Iconic Savvy),Drake
0SeTP12t4EwBJ6zsjHn9Wa,I'm Spent (feat. Loe Shimmy),Drake
013GJIfIeNTqRKtqcS6IXX,Spin,Kodak Black
0KpIXnC0uUnlGZDhwISGzc,Strut,Ayanna Ife
1LnnUlOs3RxNtNrNvEzoir,SHAKE IT SHAKE IT,ONIMXRU
4UKJUbcuStnnxLeJmVJsSc,Lean On,Major Lazer
7HgJKUS7cgAsSRAxKE5Xnp,Вишнёвая семёрка,Dogewell
2vlDrKpOC0eSTqTDRcbYyw,This Is What You Came For,Calvin Harris
0bP1I4aL8vehpEkXQ3dmgO,PQC,daine
3zVslrNbjcT0YusJ9itDlg,Party With A Jagaban,Midas the Jagaban
1zOU6M1x4qSgvIJ2SxCucE,Hands Up,Ottawan
1D2WH3WiVGrNcnXlhH3zIW,#doyalike,mikeeysmind
3nwsB9xTJN01v1F2wPHgtY,"""Not Alone""",supwel
0Odu228D0yGcFySGuxU4rY,The Take (feat. Chris Brown),Tory Lanez
6Rb0ptOEjBjPPQUlQtQGbL,Hotel Room Service,Pitbull
7jdzEA44GdSp4laVCF3Ztw,Best Friend,50 Cent
6UjwKoH47d2FveB38u8Si9,lost souls (with Brent Faiyaz),Baby Keem
0EsJdOSOrBfTo816lWRW4Q,Outside Tweaking (feat. Stunna Sandy),Drake
5oYVxFt2k4SkVp6wzVsFWN,"Ride Or Die, Pt. 2 (with Villano Antillano & Tokischa)",Sevdaliza
2aQoor0nXmCiHI8DFpeGzI,Sun God (feat. Myiah Lynnae),Trippie Redd
6AKGKYHRX6xXldGRwVi2jY,Too Fly,Trippie Redd
0pBMFlAy7mQeUMQKaN4y8x,Sexy Bitch (feat. Akon),David Guetta
3jCMS72hCFNF1NESsL6L9m,My Humps - JBroadway Remix,JBroadway
6Y4KeIJTBxUoTs3r28HwYp,Outside,MAKAVELI HARDSTYLE
0vfFVxQtbWpFMe7T6dgH7S,Whine in Brazil,Ichiss
5l0uFjA731wPYH8CkR7K1Y,Mood Swings,Pop Smoke
7JW8FRWVCOQDs40IjEXdPi,WannaCry,Ninajirachi
1Xscm2s7TPgOJqcyOyKi7J,If You Want,Frank Bentley
6l4zJfhv8Sg0mzaN6JBbvq,Maverick Intro,Lil Uzi Vert
1AIHzV65jSdYp3gxHGt0Nj,Go !,Lil Uzi Vert
7Axp58dkUabcFGYXokXxwp,223,Lil Uzi Vert
5s5gsSiJChVirFNobE8lX2,Gas. Brake.,Lil Uzi Vert
3VB8jH7JEcg5FxCDxi6QT6,Get Dangerous!,Frank Bentley
1jyhxbRmj3AlOdVyq1m4m0,The Main Event,Wav Haven
2iuWA4s7ePTtHiZIaY0h5k,Threat,WEARETHEGOOD
4jMJkZB5zb1twjsWW6IdAx,Болен тобой,Dima Bilan
43huhYuLGojQDjQEUIKY8O,Невозможное возможно,Dima Bilan
6w5atIsxVNKPERC9UYuiaD,На берегу неба,Dima Bilan
34IACdkCvXQ0f7sqWBjtOu,"Салют, Вера!",Valery Meladze
0AjkVBG6RoekO4yyMGmnP1,Пошлю его на…,Lolita
18Zd9SXXoBltrbanW5c6U2,Роман,Vintage
7uOfo8W8JlxyK2yNdUfi5J,Ветром стать,MakSim
3YB6nCSuFqNiqOvPtAPK9X,Be My Lover,La Bouche
2Lb9ww5vZAnveWnrFQfAKR,New Religion,Bebe Rexha
4HsvdyB7HDERx46V8Q8dV8,Voyage voyage,Kate Ryan
0NJdtoQ3RX5ckBjJlNXhlP,La Isla Bonita,Madonna
4hc0VETiFO91s9yiXvgaUp,Toca Toca - Radio Edit,Fly Project
3pEM9Axw2W4T31NtUUsxUQ,Only U - No Intro,Ashanti
2DkKddV2e952EAteyuV0wP,love for you,LOVELI LORI
2h81piRbzIJmjpxR4qnM2o,Serenade (KARINA & WINTER),aespa
1j2fdmjSCJZkfCLFKZTOpd,Lollipop (GISELLE & NINGNING),aespa
3Lnw56zn0t1pUyDTHiiMmG,superHuman,AUDREY NUNA
5FoLBSHGJUedDtDF0zKvmF,Prophecy,Sān-Z
2xcu1V7AVqhofPPiTO9PDn,DAMIDAMI,Sihan
7oZOCPjlLpHZtIebTXhlfZ,JUMPIN (with Lil Uzi Vert),
7AKwWqnoMmvCqBQtcdIECG,ExtraL (feat. Doechii),
2chbuybiy6aDDBC985tJcP,ZEN,
2Hh3ETdQKrmSI3QS0hme7g,Too Many Nights (feat. Don Toliver & with Future),
1h6w4POXM2LfG4ZD4xUfZQ,The Hillbillies,
1WIZiOuNO3woKfdlSK2gNn,Transportin',
2cjhSZd6uZIrp4ddxvvBdn,BACKR00MS (with Travis Scott),
6rUmUJ2drFemHTH73bFAKQ,That Go! (feat. T-Shyne),
1YdtGoSYDvVQKoUqSDXX41,Noid,
3uVPLtkmDu8pDkYEAVqbgS,Real Shit (with benny blanco),
4UBKe75v9DYcehHirq4ot4,Ring Ring (with Rvssian feat. Clever),
4tMhjP02FRQ0KIUUEJ2oGK,DIS 1 GOT IT,
5s6ToF2Jl5GGuBh3Wj9qnT,Skyfall (feat. Young Thug),
3QFInJAm9eyaho5vBzxInN,family ties (with Kendrick Lamar),
0XRJCK2hggV2k3YVMzZDei,Peloton,
6qVqWJxIpsabUKBILG7d6N,Welcome To MY World (feat. nævis),
7ovUcF5uHTBRzUpB6ZOmvt,アイドル,
1cdqNRXIRrvT4HnApj6yw6,if looks could kill,
2Y98lEkMVALCXni7o2g28b,Off The Meter (with Playboi Carti & Destroy Lonely),
3coRPMnFg2dJcPu5RMloa9,Whiplash,
4FUQtedaG22FWZ6lGyRApm,Rosary (feat. Travis Scott),
23iKYWszFScsU02y1HJb92,START OVER,
0bkV1iQHSxBaksUqgEkcbc,SKITZO (feat. Young Thug),
6K4t31amVTZDgR3sKmwUJJ,The Less I Know The Better,
4Coy6Szkkccfpo78Ba66RX,LONELY MACHINES,
5whbAX7oZ7MDlgBplPDkJb,Lonely Girl,
2gyHr9WqZeMtzJOpWGuGo6,"Reflections Laughing (feat. Travis Scott, Florence + The Machine)",
4bdzlt280luOgFi0ZlkTvR,Ticking Away,
4Oy32AmyzreX6Q6LXmeQ2a,BRILLIANT BRIGHT,
5uz5v1hRZLjNGatcPtOWUv,LV Sandals,
6HjYE79OOCGEhkIRfXLqrz,Damn Right (feat. Childish Gambino & Kali Uchis),
3MG4uJgccswTKrjheG54eW,DA WIZARD,
2ePtv8MlBO9nuuXABqAfEX,SugarCrash!,
2O9bMJticxbQ8FH3NiQ7Xh,Catch Catch,
21aDVa64pWR8SYQ7wBRMkd,CHARGE DEM HOES A FEE (with Future & Travis Scott),
4ZUNw5tDBZTOqzPEVIYyOy,V12 (feat. Lil Uzi Vert),
2LUcleQOX5p0MoXjfMdGKx,SOUTH ATLANTA BABY,
4GXl8l1MfZPf2GvpyRPJBf,pick up the phone (feat. Quavo),
2igwFfvr1OAGX9SKDCPBwO,Empire State Of Mind,
1D1cBWh7IJ5DqOIYqCtqZa,Ketchup And Lemonade - NINGNING Solo,
2LKOHdMsL0K9KwcPRlJK2v,After Dark,
7mykoq6R3BArsSpNDjFQTm,I Really Want to Stay at Your House,
47IySiC5o08gz0z5VDiH93,Juice WRLD DID (feat. Juice WRLD),
5DSfqrLkUHLZ9bW0SS3rVy,Ransom (with Juice WRLD) - Remix,
6s8WSX1MxNThrot8ThI6fG,4X4,
0wgOhYnqZKjOHr6bmdz0aN,gloria (with sza),
5m0yZ33oOy0yYBtdTXuxQe,Low Down,
2iuZJX9X9P0GKaE93xcPjk,Sugar,
3qWCIDzq2fBeCMNOL27XLX,Revenge,
4fFHFp2cadSc397kr5wPbx,VULTURES,
4xm2RpQtpFVlPlO1v4BrBr,The Great Pretender,
1ULdASrNy5rurl1TZfFaMP,Spicy,
6rz0dTA0PdhXImFV5EjM0w,Hide (feat. Seezyn),
67nepsnrcZkowTxMWigSbb,MELTDOWN (feat. Drake),
3xMnPIvsaWwzHzqqzaihEX,"Nonviolent Communication (Metro Boomin & James Blake, A$AP Rocky, 21 Savage)",
2H2ytI7ompfNmRkI2sq8Uk,I LUV IT (feat. Playboi Carti),
1l4aQeJKuPVUVtMVZw1fTf,Long Chat (#♥),
76gcXhY3Zv6wW0BTe9nHJo,TIL FURTHER NOTICE (feat. James Blake & 21 Savage),
1kyOXuuefhYo3JtlyKnODj,Save Me,
4rXxjHSAglOynjIF8Z34dx,COCAINE NOSE,
6YSFQShQdR87tMaQEtUfHo,takt,
28xOPIPw0joNPwYd0asIT5,Fried (She a Vibe),
5luCaDrc2ttzEjNp4ivaW0,Devil Trigger,
11ZulcYY4lowvcQm4oe3VJ,Slumber Party (feat. Princess Nokia),
2cUJ6wbyqH8hDZN8VWQ5oC,因果(Karma Code),
2P6YMsU9jt22CXfizfudi3,Love Hangover (feat. Dominic Fike),
3SqnwMW6Xcldf9KYgL8UOD,BREAKUP,
0rNgWFQJtfttOYIHfDOHCg,BACKD00R (feat. Kendrick Lamar & Jhené Aiko),
3a36nM6fPVA8K1vqq6d03o,x2,
73bDvrmSBh2fr53tLDH9oA,Nightcall,
7eIHyaqwKZxbL5MmBDvGeh,Contradiction,
4xx37dCWh0zxsWsq4zg6GF,Hard Drive,
2YSzYUF3jWqb9YP9VXmpjE,IDGAF (feat. Yeat),
1HUgqhTeOMW7IUm5G2a2dR,"No pain, No game",
0mYa3o6tlUN5HRippmKmwH,GO,
2DkKddV2e952EAteyuV0wP,love for you,
5xTy9p0IXI8lRaU6iLGikC,Is this bad b****** number?,
49oOgXKqm6xTavBtekzVHg,ATTITUDE,
2HRqTpkrJO5ggZyyK6NPWz,Espresso,
2IGMVunIBsBLtEQyoI1Mu7,Paint The Town Red,
4lR8sYGMGZPvthF2yUfo7T,Smart,
2JvzF1RMd7lE3KmFlsyZD8,MIDDLE CHILD,
6LkawpJyy0TZJ6Z41gMVyy,The Bees Knees,
7AVyve7cFYTd51ha5i9kE2,Down Under (feat. Colin Hay),
5ht9obvnnWeW4eoRtPAoQD,Fact (feat. Lil Uzi Vert),
02rlJHfeHfAe7ozTFnDbGi,Fire Again,
1SgUjGzbmmMOsGFTVwQ59L,seaside_demo,
0GLyqTysS0DFoeKjURtB8s,unravel,
4OMJGnvZfDvsePyCwRGO7X,Houdini,
6odqveUIgvpWWvtANLcZpH,Red Moon,
7ov3TDp5D00Rnu5R1viX4w,New Woman (feat. ROSALÍA),
3pvwavXxyhx7lIBdYY5Mjq,ROCK-mode,
1jKXjxMWlq4BhH6f9GtZbu,TORE UP,
697mqzUk9iIdnY3yHLXYEt,ILMB (feat. Travis Scott),
4CljUDO1I5hpKjwSNK6RWY,Water - Remix,
3fgehc497TFqKH1zBL2YNK,Heavy Is the Crown,
5yvVYFDUpbnjcnRBgjwTzM,Dracula - JENNIE Remix,
0uFz9q2SvuKyWB6Ur1YCfI,Mamacita (feat. Rich Homie Quan & Young Thug),
28drn6tQo95MRvO0jQEo5C,Type Shit,
1L0OmJV0LnPDWuHCIGmBV6,On The Radar Freestyle,
3bkpVSoNvBkvt9LJMFT5at,Doomsday (with Juice WRLD & Cordae),
19vHgVS1aukRiQWhTqfKnE,DArkSide,
6x9pCndnXEoea0CMcfjs9W,n.h.i.e.,
2nt2xZTzSeXYiMzHlZHGUf,DIM,
6vN77lE9LK6HP2DewaN6HZ,Yes Indeed,
61KYsWS25JXUO4fGb1138X,Usseewa,
3YUynM80M34kyMiHF2xiAn,PRETTY4U,
7dstLFiyNkxcLJVj8q76Ch,bloody mary (lady gaga) - sped up version,
6xXCn7H2Yl8SDD6jxo5SpN,You & Me,
722NAIXkI6WRNvu9O7JkdH,overseas,
0FyhBw60Tk0UyVqJEJqn9N,DOIT4ME,
2xxjQg2hh2Rjm7EY9OhZXY,Agony,
4w2GLmK2wnioVnb5CPQeex,360,
4cCeHTJcKQU9PCuQ2jiYlI,Paint The Town Blue (from the series Arcane League of Legends),
4bqn9QgIrsgRy6HjcYhxak,Camouflage,
0nyhsAcyDj533QrXa4hUug,Lullaby,
3DK6m7It6Pw857FcQftMds,Runaway,
3B4cjvGlPvyBLNG3AzEgkZ,E85,
63Pi2NAx5yCgeLhCTOrEou,Headlock,
4ZT0wGKwlJRjpMUuwZVy3p,Daylight,
5o4U0weUIAXolji4sEAnjI,Ash,
6C2nVSSeXNqfoY8t6tliZ4,jeans,
1qPbGZqppFwLwcBC1JQ6Vr,Wonderwall,
03auLpFLdCv4HozP4pQseu,ATM,
2uJEnyojuGg31VVlLTQFpp,Don't Blink,
2qlBAT108lYOzlXhBxBqEv,"Home (Metro Boomin & Don Toliver, Lil Uzi Vert)",
5wG3HvLhF6Y5KTGlK0IW3J,Trance (with Travis Scott & Young Thug),
6DlPa2rrVK3BygXJ48WYo3,RUNNING IN THE 90'S,
4scpF6J5uMBvoh6sFB7EL1,No Type,
3GY9Xp0U5rb7qYQVRSQqwh,Trust Exercise,
3e4t0zTcXMloTvdQgDUYnB,Free Game,
5fpyAakgFOm4YTXkgfPzvV,ASAP,
2K7sv1mno9PvbXVBpqvSKn,sneaky,
0VaeksJaXy5R1nvcTMh3Xk,"Darling, I (feat. Teezo Touchdown)",
3ORJauxAOuvOmVi0kU26Sp,Demons,
3RXUgPNIbUgFxsDWuBQEt6,How It’s Done,
19a3JfW8BQwqHWUMbcqSx8,Famous,
26N5kAVhlqFOWAkuMQ5Kwe,WHERE WAS YOU,
52eIcoLUM25zbQupAZYoFh,redrum,
6j5BK1cFX9TjJd5EXHGgAn,The Light,
2JJFJEvFSWyQ59Pwl2gqSF,MUNYUN,
1ny0kgUklOy5FUigvWWK0q,Ievan Polkka - Remastered 2024,
6AI3ezQ4o3HUoP6Dhudph3,Not Like Us,
0D9026DkyeQK0CWWtW1chv,POSErr,
4qvsNsA4gQKC9HLrmPC2Vx,TRIM (with Future),
3SsJ17EnPIu1B4GZshqjIS,Feel The Fiyaaaah (with A$AP Rocky & feat. Takeoff),
67QBCvKf89W0L84beo3beo,SiiMP,
65OVbaJR5O1RmwOQx0875b,Wants and Needs (feat. Lil Baby),
5YLFzFZPhlBlwM9t88tReb,覚醒,
3S68RFe1lsdCdTMPIMJM3X,Cash In Cash Out,
0FZUgV8DchbInBN1S7INnM,Cmonnn (Hit It One Time)(feat. Lay Bankz),
102YUQbYmwdBXS7jwamI90,Good Graces,
47yD0e9MCRIB8dgUXPfyW3,pop ur shit,
7CVRVck7AVnvoi9jP1ctc8,シリウス,
4E64eAph6AYI98ucunrGH8,see the real,
1pacwLXyRO47ka0v6LTIiY,Raindrops (Insane) [with Travis Scott],
0RYHqnmtNRfbYxP6Dn8Vse,masquerade,
4UsLaffcP013Gy8SSSTAsq,No Wind Resistance SPED UP!,
6QIY4JAyzPH6UuFsyndaPs,ATTITUDE,
68qeaZhtMZ6abrJCYt6nQn,RATHER LIE (with The Weeknd),
4zK082ykqJzJGzC64NXjp1,LIKE WEEZY,
45J4avUb9Ni0bnETYaYFVJ,luther (with sza),
4N98sfqOlMlP1iO7kuW0t9,RAISE MY SWORD,
65FftemJ1DbbZ45DUfHJXE,OMG,
2LwsunYgfRoqyIsNtgOCQx,Ma Meilleure Ennemie (from the series Arcane League of Legends),
0nj9Bq5sHDiTxSHunhgkFb,squabble up,
3rCJptQKkXrTx6qUXqz7dD,"I'm getting on the bus to the other world, see ya!",
42Xba467wgGvYrR2EE6s0i,Cigarettes,
22f5gVlJXlTRSCezQDISFn,NO COMMENTS,
2xcu1V7AVqhofPPiTO9PDn,DAMIDAMI,
7DTlsMOQjGysXHpwwpHuPl,Lifestyle,
4mJtdc1xi7VN8Tn7c2aKvI,AMERICAN GIRL,
0dApSLrXvnYWy1wagJOmpp,DIFFERENT DAY,
5xoYormSTltk6F9SlQV6mm,Mirror,
5ccq5EjBY0kB9moDwnFIXz,MONEY ON THE DASH,
3jevgr3fYdv9wYO3IDJq2a,Awaken,
1o844wI52S3TjXGBwvGcc7,Hold On Tight,
2BcMwX1MPV6ZHP4tUT9uq6,Knife Talk (with 21 Savage ft. Project Pat),
3AoEQRuFf8zVXWqSLo2UOi,CRAZY,
3DjYU54tU6YCEy822r8TcY,Ongoing Thing,
5VKG8ary0JW6iKemhmznzS,Grown Man,
0FcS0Cpz3tK1DLXIzr6iL2,Bury the Light,
34pKV56b6d7Nz1l6av1nZ1,I Want That,
577YBGuskWkVDCxZrLRB4v,Pure Cocaine,
116fMFsddogmDaZmhTLFYF,re zero,
3pY2M4k9BSk7ulLBSV0tcX,Seoul City,
1NzNNQuppVgVYrm2hvrPK2,To Ashes and Blood (from the series Arcane League of Legends),
1UHS8Rf6h5Ar3CDWRd3wjF,Bed Chem,
3B9x2Xi0YSAWIDnPVm5RIL,FAREWELL TOLEDO,
0MHStU0muAIEMbwdnebYu2,Takedown,
4BBL8YQ1SUhSbcsEguX8kL,Do It,
0RgjEkSbeuStKfT2Pa4Zai,reincarnated,
0nlyO7lNTOYB0gjDp7NI7H,Hands Up (feat. DNCE),
2kOPuz4KRJdDLREybpoTgY,Road of Resistance,
0u9EI8zmr2QMuJLMiQFUIn,A Cruel Angel's Thesis - Director's Edit Version,
0Gz4Q1Bmyef5yA0G6LIIQZ,poster boy,
3hQAXsahIATDREHRYZHtBO,Mr Emotional,
0ked784BOZ1JtRVHux98jE,Burn It All Down,
1CPZ5BxNNd0n0nF4Orb9JS,Golden,
6YultDhgOUR5bd8DNxdWXD,Pull The Trigger - Maduk Remix,
6efcMTYO2lJ0zcpQEPk8m1,Come Over,
0uxSUdBrJy9Un0EYoBowng,20 Min,
4wqzOaLxiCRy2Et8tRyNSX,The Thrill,
5wttBUDyaHAR5q9fYnN3YF,prove it,
0v8gjOIyxI5qxVbc3mwWJ6,1HOPE SNIPER,
4WuOWVnAqvEQxgSRrspBgt,Niagara Falls (Foot or 2) [with Travis Scott & 21 Savage],
4mn5HdatHKN7iFGDes9G8i,Who's Ready for Tomorrow,
4r4rpFbzk8LDKosME0ZW1C,Want Me Dead (feat. 21 Savage),
6MXXY2eiWkpDCezVCc0cMH,Good Morning,
5vNRhkKd0yEAg8suGBpjeY,APT.,
2O4Bb2WCkjlTPO827OnBMI,EASY,
5rlXuCLnMdfo85079qXHoz,FUK SUMN,
2VtgzixdB967bHDNu5A1nh,Metro Spider (with Young Thug),
43CIWpJaJHRcI4mUSjqgc2,Bad Boy (with Young Thug),
6wm3t4VpTxSFfOUgTMlHZM,The Peace,
1Es7AUAhQvapIcoh3qMKDL,Timeless (feat. Playboi Carti),
3LtpKP5abr2qqjunvjlX5i,Doja,
7aqfrAY2p9BUSiupwk3svU,First Person Shooter (feat. J. Cole),
3yw3m8wgRB4ptDyAvtdhq5,Tomorrow,
2CspwnypzT7rcWI9RfsoSb,Mantra,
7vjfnsnDXZGK4PSq54ISjc,1-800-hot-n-fun,
3gJAFFELdZyIM8tiwLAikg,Handlebars (feat. Dua Lipa),
2ZfMHhp6glYZzHEiaTT7Ga,COLORS (Album Mix),FLOW
2nvgRMZiyfFAHEGsxGSbxT,"Hello, My Name Is Baby",
6gi6y1xwmVszDWkUqab1qw,OUT WEST (feat. Young Thug),
6pIuPm3u7QgUFAX1V0D9wY,Dopamine - GISELLE Solo,
11xC6P3iKYpFThT6Ce1KdG,Attention,
5Fkkhd5Sy1dCBkKdXLQl4U,i'M THE TREND,
1QJbDTZAO8rpGOMG4UahFM,The Line (from the series Arcane League of Legends),
2Ejyg4CavumEr7lFUkk9aF,Rendezvous (feat. Yeat),
58awxGcVt7bQ9bahX7yWxt,BLUE - WINTER Solo,
7aux5UvnlBDYlrlwoczifW,Miku,
7rzzByujLJIBXpyOCnJhfx,with the IE (way up),
5FzY8uPr7G9U3cKq37DOd1,IT'S NOT LIKE THAT ANYMORE,
5820PtzfB116EIALe50F6t,PBT,
5DIZg9QqSdzgHmkZ2k2F1a,twin,
0HTIrbUwwFn984RzVZm5Fk,Yale,
7asFSf2pkWNEG3E5EuN1QR,Take Over,
406IpEtZPvbxApWTGM3twY,HOT,
1bZLdKcMQFGyrhGX65n69b,"Flights, Not Feelings",
5H1sKFMzDeMtXwND3V6hRY,JUMP,
5FJqpWkacWPUrXtJ5waI1j,Sugar Rush,
1mdtLny0zugh89vokWGG80,Hot Air Balloon,
0lodMO0qK83vfPiiD7FMEt,TOPIA TWINS (feat. Rob49 & 21 Savage),
5ppdmIeHPG2qLHm0SsmqfB,Last Shot,
1JgknGBbrfmEHeOZH051SS,ecstacy (slowed),
3PvChJcbDMKFCQppIRYQo9,Balut,
15vg0v6tZ1y8aZfpdz2KRY,CONSTANTLY,
0CrcwVLUe8wzLUIXgjXVZJ,Kill Bill (feat. Doja Cat),
6IpvkngH89cA3hhPC84Leg,Wish - Trippie Mix,
7KA4W4McWYRpgf0fWsJZWB,See You Again (feat. Kali Uchis),
29YW2xXlo6Pc6M0SBTCXYN,More M’s,
0ggHt5jwwtMsWME2PDB6a0,COLORS,
5G2f63n7IPVPPjfNIGih7Q,Taste,
5Ti3fqGTfjUsSdylFNy0Ng,Tomboy,
43iIQbw5hx986dUEZbr3eN,From The Start,
2nMeu6UenVvwUktBCpLMK9,Young And Beautiful,
2i2gDpKKWjvnRTOZRhaPh2,Moonlight,
4ZfaL1CGxoK5LiBDYZ2AKm,Viola,
4CzhtKifG867Lu5DNQVBSA,Vamp Anthem,
2tudvzsrR56uom6smgOcSf,Like That,
3D5wnLaeVlCCIPzQOOAirA,No Roots,
3kdAWcII7Co6Lv9Rw1pbIo,Fire Your Manager (feat. Playboi Carti),
5viZ8CLipufc1Q1NXpMRNN,AmEN! (feat. Lil Uzi Vert and Daryl Palumbo of Glassjaw),
29rRca4BXxuUCNmcCzHvtl,ワールドイズマイン-初音ミク「マジカルミライ 2021」Live- (feat. 初音ミク),
7HFdogJVrkXSm0qBf1JlOB,CANT STOP,
1Hw8WhXlRjfUFDMykf92gA,So Cynical (Badum),
1FvZeK3MgmGldxeYDvzanR,Before my body is dry,
0QRkegi3ShNaOexUSTMFMM,MOBIUS∞CRISIS,
0O6u0VJ46W86TxN9wgyqDj,I Like You (A Happier Song) (with Doja Cat),
0kFKznPzC9S8RTgytfqoI3,What You Want (feat. Teezo Touchdown),
3cWmqvMwVQKDigWLSZ3w9h,Rockstar Made,
0jmJyRvB77PRLX8pfNQbBB,sympathy 4 the grinch,
26gXWzhL8DZJSU5sODhVTs,734,
1iRIdATb1I276VdKK7JVAB,F.T.S.,
56v8WEnGzLByGsDAXDiv4d,ETA,
5FoLBSHGJUedDtDF0zKvmF,Prophecy,
6J4rRj2uVfziGMyfrPEPLo,TALKING,
4nhcjelU9PidsBzUkazfZs,ICE AGE (FEAT. TRAVIS SCOTT),
29TPjc8wxfz4XMn21O7VsZ,Sky,
0PWrrNqHoOnNHnUvQBiPhn,Pink Hoodie,
6et5HwX6nTYddg7hDGAxug,ONE CALL,
5DxDLsW6PsLz5gkwC7Mk5S,Free,
4XcZp2xqbiD8YsnPboNUDo,WE NEED ALL DA VIBES (with Young Thug & Ty Dolla $ign),
1xwvjqcwflD2NEqRCNcCo2,WTFYM,
76yJsfb1CUy5Um8nFL7jKQ,OPM BABI,
2BITQ360Knh6qNAOqR7Dyq,Miss The Rage (feat. Playboi Carti),
5fqaeJMmqwhDzdYD7b4J51,The Bottom 2,
5raTDhlbxFDnpn89bxArdH,That Way,
6dOtVTDdiauQNBQEDOtlAB,BIRDS OF A FEATHER,
5TclgAYTVdTRLnHvTUhyIP,Entertain Me,
7JW8FRWVCOQDs40IjEXdPi,WannaCry,
4ixCsiPHaHaWLAGY7GB75n,Hero Rider Jeans (Dun Dun Dun),
2zAi85TQB7mLzl8P1ySAj9,Lost Umbrella,
3vRuP9clqL95RoyCw0vt3U,Honesty,
06JvOZ39sK8D8SqiqfaxDU,True Love,
6lV2MSQmRIkycDScNtrBXO,Airplanes (feat. Hayley Williams of Paramore),
5sdQOyqq2IDhvmx2lHOpwd,Super Shy,
6T17ZI0glfM2IGLdUwtnLK,JoyRide,
0fyP96TikhD9sM4eKqw5Yp,dangerous,
2lz3zjQ5QCVXiyOzIk02vW,Die For You,
3KkXRkHbMCARz0aVfEt68P,Sunflower - Spider-Man: Into the Spider-Verse,
00iLTetTLAeImmBlh6jOJh,K POP,
5fwuycV7iT45tAW1blRrKq,Perfection Can't Please Me,
5JDDrQN4rzCOo6UniZEwq0,Need Your Company,
2Yt4SXIgmoaPZHGdRafp4P,Umbrella (with 21 Savage & Young Nudy),
0PHrcmOtDE89ew4vVEaD7S,BANDIT,
5sBDrrtLGbV64QJnEqfjer,What It Sounds Like,
2c7sRekhMGlj7u1WIIzoQu,Fighting My Demons,
6Gg1gjgKi2AK4e0qzsR7sd,Bandit (with YoungBoy Never Broke Again),
7DY756WOLyOz2Xnhw4EFiC,São Paulo (feat. Anitta),
1pdTHjkIgxdWodGpi9YJ5d,Payday (feat. Young Thug),
1s9DTymg5UQrdorZf43JQm,Fell In Luv (feat. Bryson Tiller),
6Ec5LeRzkisa5KJtwLfOoW,"Am I Dreaming (Metro Boomin & A$AP Rocky, Roisee)",
51xPSfmtlBVTYnrzzeyWGS,Gimme Chocolate!!,
09mT11oYwaa8geGu4UHpzL,Tornado - GISELLE Solo,
3l8ACerUtJfRd0rxJJ4Gkx,Radio,
30QR0ndUdiiMQMA9g1PGCm,"...And to Those I Love, Thanks for Sticking Around",
5Y1JLn2xFudNJolHkvoTXk,Slow Motion,
3y4q6bBdbXsTIaPiwiiUfy,3am,
04hgBWsBDEyVP8pH0BCZbG,Jennifer’s Body,
1MJErNPIQUoEMu4YUUmecm,Neon Guts (feat. Pharrell Williams),
0WCJSIy75ZVxqY51ce0enc,Pluto to Mars,
1gVCEnryJhkdQcuC0Kbvor,FIND MY WAY,
1SaLI6o5GhfcaxPVAJoD3r,Hot Mess,
0wrWxW18WK2MkrfDpRHkyh,Me and the Devil,
71E2JcSbv1abMaua23RBSV,Rollie,
610gzNqwaSz89u6YIpDlyZ,NEVEREVER,
3surY3LebvLLdJezmiKUBO,TWIN TRIM (with Lil Uzi Vert),
2c7z5oRcPBbqRaBY2mLWcf,NEW DROP,
5XWlyfo0kZ8LF7VSyfS4Ew,Drama,
5yvVYFDUpbnjcnRBgjwTzM,Dracula (with JENNIE),Tame Impala
5yvVYFDUpbnjcnRBgjwTzM,Dracula (with JENNIE),
1Z3sBD8yUSLUVt16mMdaVj,You & Me (Coachella ver.),
4kjI1gwQZRKNDkw1nI475M,MY EYES,
554qQSs9lpRVq6TlaaiIKT,4 Raws,
5sjnkOfTLCLNfkkchI2re2,UP - KARINA Solo,
6wsqVwoiVH2kde4k4KKAFU,I KNOW ?,
39MK3d3fonIP8Mz9oHCTBB,"Annihilate (Spider-Man: Across the Spider-Verse) (Metro Boomin & Swae Lee, Lil Wayne, Offset)",
59OZiGqFfWmry6o9pTx8i8,Bruises,
0znsc67nMhP4X9hjhvoyeP,Tick-Tack,
0JL9TZip7mL7iwC5EOkALS,Lady Brown (feat. Cise Starr from CYNE),
2gwkD6igEhQbDQegRCcdoB,Suge,
56H6BNt2BwJRg91YsiXJS0,SANTIAGO,
1FOhzA4qQiyVnzVYt1KcgN,Compared Child,
4tRhRLBxIZ34Iw0eCuiC03,Miss You,
2C11qhXSCvVzGogwOTP6aZ,SOUTH OF FRANCE - REMIX,
3iVcZ5G6tvkXZkZKlMpIUs,Alright,
1OaAlsbTJugFODycEgIDUj,Blood Moon,
26RZ9IiS43wy5oMQoAys0o,Die,
1hvInhBgFlH88UaZrLJ43O,6 Foot 7 Foot,
2buC0ru4cVutdUhxIjH9Bj,"SUPPOSED TO BE LOVED (feat. Lil Baby, Future & Lil Uzi Vert)",
7zCVvmyZj2FPCHZ1nVdB3p,Quintana Pt. 2,
5HRlrrGBMajbttxdTJuIHt,Don't Care Crown,
0kHZ0qrGL9MohF9R8Uw77Y,Starlight,
792HwhrdO3ErRKL5yRe4Ge,Invincible,
7GDC1oVPb8Kdb6DuxJnFQx,Ray,
2UICNcwQNzeuirpkWIaRuF,Grey,
7ydu79RLStYQTOi1OM6Dvg,CONTEST,
19RybK6XDbAVpcdxSbZL1o,Apple,
01prGWjCTxKBxJc400zwvQ,Rockstar - Extended,
5M4yti0QxgqJieUYaEXcpw,Eventually,
09OKEiKltU6AvvrEtE92OY,Crucified - Radio Edit,
0ra3bPUOj2YnY4FJHXtgHZ,BIBI Vengeance,
2cg9zc2ba5HGiGMTu4oj69,Of Course (Bonus Track),
411fZBnpfU4eIDIZmDKswx,Pierrot,
7LSpFCvRZZot2AlmkUzy9k,SIRENS,
0ho6WKE45zywTVph0deBpq,See you in hell,
712uvW1Vezq8WpQi38v2L9,"Bitch, Don’t Kill My Vibe",
2gQPv5jvVPqU2a9HhMNO1v,Toxic,
7zbfS30vKiHU8oBs6Wi1Qp,勘冴えて悔しいわ,
1lfO0bqThTLimzHsvk3LrN,OWA OWA,
5q3LwAHTqo9d3rET2EA9Nq,The Weekend,
1OLABkcTvWfXE2xs5Yb2Ex,Sloppy Toppy (feat. Migos & Peewee Longway),
42tD9J0KCPFSc1d2hFTvAf,NOSTYLIST,
2k2RPHMeyercU9PauiKNbU,Dynasties and Dystopia (from the series Arcane League of Legends),
57Z6TJCTMACXxdrcwZ3Zvf,Phantom,
7qM1BWAsZMTYh4BcYLb0uQ,Already Dead,
4VMRsbfZzd3SfQtaJ1Wpwi,Double Fantasy (with Future),
210JJAa9nJOgNa0YNrsT5g,GODS,
1aKvZDoLGkNMxoRYgkckZG,Magnetic,
3LjZ6PqqXfwkcnLOkgLGKI,BEEP BEEP,
19D8LNpWwIPpi6hs9BG7dq,Bubble Gum,
7Dx9Z6Aon1qPS2N0rHSWTe,just like magic,
6NYtLvyThMT0oALFdJFdzq,love language,
60u6wNYu9GySSZIXZl3cBY,Kill It,
7woEDtme8YkFiWeyiinIjy,New Jeans,
6DfcCK3nYr7Fxl2af3iqRB,EMPIRE,
5ocSQW5sIUIOFojwXEz9Ki,Supernatural,
66wSpvsxSBGBBnHax8VB9S,Can′t Slow Me Down,
3VdooJLOy4tLxKpnn46SMP,CRUSH (with Travis Scott),
02wk5BttM0QL38ERjLPQJB,Cool With You,
0946VVOuYpcWD04kxXHZzP,Just Like Martin,
6QNFQJKlZUKr0xlGZ74CZJ,Rich And Blind,
37CoOXIsgF3NzbK1zHZetk,Mona Lisa (Spider-Man: Across the Spider-Verse),
21B4gaTWnTkuSh77iWEXdS,Juno,
7Fc7XdmrmTUQBoeU8MXIbN,Run Riot Run,
38x5NsjgoLaYCnhAghHdyo,Guns for Hire - from the series Arcane League of Legends,Woodkid
6od5hFv9IT5JHc7NEF9HRv,Victorious,Panic! At The Disco
3px2rAPu74ltbkf9eZsZ8h,Emperor's New Clothes,Panic! At The Disco
1BECwm5qkaBwlbfo4kpYx8,Death of a Bachelor,Panic! At The Disco
2fmCA13dwQQOGBIbIOWRiJ,LA Devotee,Panic! At The Disco
75QkBCdRc5DGgcyPiVSg4b,FALLEN ANGEL,JENNIE
6uhCnqc4Tncn1vqkuGubPO,HEAVEN,JENNIE
0wufuctL2khYg953rfil7P,Less than a Lover,JENNIE
28487fkXVQa2e6F2z73CBO,Dynasties & Dystopia - from the series Arcane League of Legends,Denzel Curry
3pid9SdBo28hjELHNT6B8N,Ma Meilleure Ennemie - from the series Arcane League of Legends,Arcane
3Q1XHO8wAsa6WJ6urhF1xQ,the acronym (with Destroy Lonely),Ken Carson
1JgknGBbrfmEHeOZH051SS,ecstacy - slowed,SUICIDAL-IDOL
5WDLRQ3VCdVrKw0njWe5E5,Careless Whisper,George Michael
05uDwnKRAq49VpJ5bQxVej,Brooklyn Cowboy,PHNK
4YAMMJJOKgNlIOtrYlvvNp,Superstar,Good Neighbours
38Uu9WTMaVKOGW6LXxt6rK,Walk Walk Walk,Good Neighbours
6jTKmVRVOLrlKrrziwkOal,The Hard Way,Cameron Whitcomb
3HfKlhohNNTLIv2t9uvmzz,FEAR,NF
3BTU4Jfx1gFLL7xXKRVyDM,Paint The Town Blue - from the series Arcane League of Legends,Arcane
5l2JiMegRp9HTtnlVDDdJb,ghost (with Lil Uzi Vert),Ken Carson
4snRyiaLyvTMui0hzp8MF7,Intro : JANE with FKJ,
0fK7ie6XwGxQTIkpFoWkd1,like JENNIE,
6SaSFVlIQC1L6Fh1QKLeFi,start a war,
4EIFwndJvGpgFjsEbNuYif,ExtraL (feat. Doechii),
1kUyOJb3fzUo8r0OCz5SQk,Mantra,
0rx7xu0RmZLpJjKNVZjSVv,Love Hangover (feat. Dominic Fike),
104KjF0t9EnlFOoxGLxiSQ,Filter,
52IZK2QdSxUf7O5gdwhail,The Line - from the series Arcane League of Legends,Arcane
3r8RuvgbX9s7ammBn07D3W,Ditto,
6kQF79mjbOkvuRvg0J2XZv,Died and Came Back,
69Sy7207dnixZ6w7RSV9Kb,RISE,
2yUzr8Sr6ldG8vmHhZwTnz,née-nah,
5SIvP6TdWc9DNvKbENjnYc,PHILLY (with Travis Scott),
1X1dy95bo2OirAmMkBIwkS,NFL,
1Nqew6LuBkDFdqedDZAxNW,To Ashes and Blood - from the series Arcane League of Legends,Arcane
3oUEzTAoOxqZHN4xiqTGqJ,Bécane - A COLORS SHOW,
1fQxT1YDOBjgzMVf8WjZfi,It's A Dream (feat. Lil Uzi Vert),
3fpWkbEZMP1BgOOfymwoaS,drinks or coffee,
0rzsF9B6gD3sEXsokjUUz6,Find Love,
58Q3FZFs1YXPpliWQB5kXB,Right Now,
0cGn4vxyoBftN61XUv2aQk,Show of Hands,
0UMLejbZXf7YVgnfxURvVr,Ignite (feat. SEUNGRI),
351KkakA2YtGEXqSEIIasy,Supernova,
7bO7a1KrtmGNDIOy2u3siZ,FOMDJ,
52WWw9qNZXZZtWU336TtKG,Cross The Globe (feat. Juice WRLD),
0DWbt2kGzf4s0xeKZcBLfP,Just Another Girl,
2llGaRhftbXIr1UgbpQpWq,Licorice,
6GBm7TS3sIQYILPa6lNG9q,ambiguous,
4qKcDkK6siZ7Jp1Jb4m0aL,Look Alive (feat. Drake),
4FyesJzVpA39hbYvcseO2d,Just Wanna Rock,
24p1C9WueGBQLURpKc3oO8,INSIDE (FEAT. TRAVIS SCOTT),
5UNJM92MCcDgs4kGgm5fc1,Shelter,Porter Robinson
7CvOnbFdnIoXMQ4eFCo5lB,Around the World (La La La La La),
2cZOYofOX4d6g0OXxkaIjA,ALL RED,
77DRzu7ERs0TX3roZcre7Q,euphoria,
4daEMLSZCgZ2Mt7gNm2SRa,Flooded The Face,
4IFd7EVCyJsUHesBMXI8ju,Parking Lot,
5D0m6FGk6haMydXakINJeY,shy girl!,
3CUMd8XMv3LBSLrDrKoXQE,From A Man,
1pzN8bCzy017iK3vWzkk6Z,WAKE UP F1LTHY (with Travis Scott),
02sy7FAs8dkDNYsHp4Ul3f,Soda Pop,
0hKtu53OlIFXVuYkZwcn3o,Cinderella,
0a4SMs889NwP8oWI7Vemle,LOOOVE (feat. Kid Cudi),
3nh6Moj9U4PmjzALwwu50Y,Can't Slow Me Down,
6iycYUk3oB0NPMdaDUrN1w,EVIL J0RDAN,
1IzJxbARcQrOWMZgPw1PNj,Go Hard,
2wuDmnNqQeFKBHg7H4rY9f,LOOK UP,
0vjeOZ3Ft5jvAi9SBFJm1j,Superhero (Heroes & Villains) [with Future & Chris Brown],
74X2u8JMVooG2QbjRxXwR8,Perfect Night,
5xP9lQYA8YQmQh6BOxcAnR,Popular (with Playboi Carti & Madonna) - The Idol Vol. 1 (Music from the HBO Original Series),
7i8ncEfBk3s0w5YoG43SV9,PURPLE RAIN (FEAT. FUTURE & METRO BOOMIN),
42VsgItocQwOQC3XWZ8JNA,FE!N (feat. Playboi Carti),
1aXasr6GGqBXAgHT5rlr85,soulbounded,
1Z8gpnzgTFQKAwmV43iLBB,witchblades,
40p1AU9WjnKzgUTQu3FBEN,EVERYTHING I'VE EVER WANTED,
1JgknGBbrfmEHeOZH051SS,ecstacy - slowed,
2oHsYkh2Vc9OXRyLXLUinC,Big City Life,
1i9lZvlaDdWDPyXEE95aiq,TELEKINESIS (feat. SZA & Future),
7cjoZVmWe2xsGR4wcXiV2v,What You Saying,
7ixYgkcd8aptv5bBAmQXYF,Lightbringer,
2zs3ErwfEyzI4K2H9vEnTD,No Good,
2FoahzOSxJnalPA8aBUme3,all of me,
59Q16UjyoQLm5T6zj8VUf7,Nothing's Alright,
5BgnL6gHauuvxe4Ok6W1aC,LosT,
3kfQuU6FXW4OXHIHjuups7,SUPERPOWER,
02CrqOYzrJR8fYOffhvRZZ,number one girl,
79mFFAOYcG8ZF6AN1JecAL,FINE SHIT,
3EI3OLBeM89B0o0UsIGCOx,Trick or Trick,
4KW1lqgSr8TKrvBII0Brf8,Father Stretch My Hands Pt. 1,
2WZeTsbq8ZQcqqR2ZVYvYJ,Faint - Unshatter Film Soundtrack - Live in São Paulo,Linkin Park
5MOIAV008posdOGmxiJBsi,Made My Night,LE SSERAFIM
6Ygy2plo12TdF66rUjaMML,AEIOU,LE SSERAFIM
1fKmAGbPcYIA9lZXC73lwK,BYEB4HELLO (GISELLE Solo),aespa
5XwL05UFnI8UwaxMl2UzlC,16 Bit (KARINA Solo),aespa
7G8Ycb0hYdQ7cgjVvZ9fAL,Saddle Up (WINTER Solo),aespa
0HjHqD64xMopPWh440y5QI,Made My Night (feat. EJAE),LE SSERAFIM
00MWSPgbYiFSxdxf9rhm2T,Made My Night,LE SSERAFIM
4VHu6TXzapvQG6tURPVRXj,I Love You But I Gotta Let You Go (NINGNING Solo),aespa
1VWiDyYTrqQhhmnWANWkFa,SaWaDiKa,LISA
7tCX63cXtClUjasZyBwSkW,Unlimited Love,underscores
4vxm88uvi5zUo2vfwnSHpb,GASS (feat. Travis Scott),Nemzzz
6XZ5emkGiXmX3T77PhIKam,If The Sun Burns Out Tonight,VALORANT
27v8QdBidbC5idqWHqPBBj,Do It - Yves Remix,underscores
3huANgMZYFGwAD6qQzSNfi,Perfect Pinterest Garden - Ninajirachi & underscores Remix,Porter Robinson
6s8S0zIaQVVXh4SoXlakyr,NewJeans - Jersey Club - Slowed,NovaX
50jgLJqiArIGdOM4YSz0D0,New Jeans - Jersey Club,blikkk
6JvIjI8H3yxpigROd3Cv9N,Stuff (feat. Travis Scott),Lil Baby
5Ryu0SlsYjKh78RkJUONFr,Flex Up (feat. Future & Playboi Carti),Lil Yachty
1auxYwYrFRqZP7t3s7w4um,Ni**as In Paris,JAŸ-Z
6rjuKpPydT2SxN15TZpV7r,500lbs,Lil Tecca
5PXpiAqtsLRlTUlAoeZeYP,STILL IN THE PAINT (with LAZER DIM 700 & Bktherula),Denzel Curry
2mNGL7mZILSqZHxGboJaO9,COMË N GO,Yeat
70TGNwQDvF5b6GQWlYPr8p,BAND4BAND (feat. Lil Baby),Central Cee
2r5gtqo25eRhk4bCwUMbDF,Get Back,Pop Smoke
4oPLjuY1WgGTL0Ja1doDOn,Magic Johnson,ian
46oDV1H9EdVmnWSivShuH1,TELESCOPE,TWXN
3j84U36KvLeXNDPv4t5pI8,Pure Water (with Migos),Mustard
16PAC7NLpbryofiPTlqTFK,Welcome To The Party,Pop Smoke
2wAJTrFhCnQyNSD3oUgTZO,Work Out,J. Cole
5xyLeb2q1lxDf7hXKYlC1H,Mind of Melvin (feat. Lil Uzi Vert),YNW Melly
0mO6oS60RST2sWmN2FKknP,One More Hour,Tame Impala
70cHKK8bHAfJrOGVnfRG9J,Nicole Kidman,ADÉLA
3eXYltBvZSCOs6fM1La6ho,KGB,ADÉLA
3XcBnNDlch48NLxfPTl4ju,I'm The Man,ADÉLA
5QHdBMFvD4ow4ePzZRNZQB,Boys,ADÉLA
0PE0oNY68UvONzSEWZtRK4,Red Bottoms,ADÉLA
2CfVDYfw0B4WUHaWxyjsU3,Pearlies (My oyster is the world),
0v2Qgk39gLXMIJi6BY34Fz,The Weekend,
37pXjFZuAYs6HgWaEbKokc,ROCKSTAR (feat. Roddy Ricch),
66yPalPs9DrhbGb9gR3vD9,Yale,
6ZAdmMn7R9iwILWXVSM3SE,Take Over,
4EyiwgCEcoy6kqT3eInmrf,Find Love,
02mGPF4589DiiSdoH0pu1d,Derre,
2WsuSYJNXGKXVYkHPnq2yp,Ransom (with Juice WRLD) - Remix,
2sVPmq0Dx4DRPpZcEsKQ5J,The Guardian of Angels,
0c0YHn3DIQLl1opsQDd9kO,Wish (feat. Trippie Redd) - Trippie Mix,
4C4zy9kfjYjr6IcNAdV7ZD,Everything Goes On,
4ytYA85w10r770jRNr3o9U,Mr Emotional,
5PYrRnaRsCOOE0c65L4y2M,SAME LA,
0ThstNIYwHCqvO6Wslpphq,It's A Dream (feat. Lil Uzi Vert),
0nfQguNoAfKFjsQHr6qnxc,m.A.A.d city,
6vVzKCUfA6LzEU9wH0xNUR,Lightyears (with Young Thug),
3y67OmsYWyCevujkT4N6q1,In The Air,
70cHKK8bHAfJrOGVnfRG9J,Nicole Kidman,
3w9WvHLKSXOsW6aAw0yr1n,VULTURES,
0OEe83mMZ5kaNw5uZQ7ilG,DELRESTO (ECHOES) (feat. Beyoncé),
6WzRpISELf3YglGAh7TXcG,Popular (with Playboi Carti & Madonna) - From The Idol Vol. 1 (Music from the HBO Original Series),
2ioSQeAIovL0AYCB04S0iV,Blood Moon,
5WbSJEinvcu8u7AgaeSQz2,On Top,
2fIv98BZ6NdkeYLZAvNzP7,Tell Me (U Want It),
6gPbjxlebqkFyCaLY4SRVm,Music,
3TpzJRU45jUPloLx6LKWcj,Hollywood Forever,
1D84CoKziCbQw6NWVxorq4,Innuendo (I Get U),
6rIsZ4WR4aENaUXOcLEfR0,Lovefield,
1hXtXrkP0n04Cx5DUyQNdX,Bodyfeeling,
0ny6sr26ROicSIpAatlVAP,Wish U Well,
1n4eqIG0RRUCuPT4vnsVlv,The Bees Knees,
2mPlFdgYNE9LKIkrwABifp,Free Game,
4b7vk8SRcYgnxpk0JOIS7r,Drugs You Should Try It,
5nCg0pD9BpWouChvS8eMSO,Tuff,
1kuGVB7EU95pJObxwvfwKS,vampire,
5c4dovE81ZHTUC0FBSZcxc,Licorice,
0nS3lmnyaFyXuGVZp5XCqj,BIBI Vengeance,
0oLhfDMhICsTOdaLEWHQJZ,soulbounded,
6ZjF7ecMawDKpbMTfo5p46,Bruises,
6XZ5emkGiXmX3T77PhIKam,If The Sun Burns Out Tonight,
0FIDCNYYjNvPVimz5icugS,Timeless (feat Playboi Carti),
2vdDGvRVJlD8DeRJzdaQrc,Invincible,
1udwFobQ1JoOdWPQrp2b6u,Surround Sound (feat. 21 Savage & Baby Tate),
6PzrJGDWrHMIz18iV7uuIr,Long Chat (#♥),
1I37Zz2g3hk9eWxaNkj031,Your Idol,
5NAOhPAZ57eFAXr3qatS6i,Breathe,
54qasQPZbBTQcN5gic7E6U,Mortal Reminder,
5Eoq0zBxTqE5VntEYclSwU,GIANTS,
2qyhy9ndo8tTGMzXeHTisR,So High,
7xSm07mkWui2K3XkwUTgFi,NO LUCK,
53DDMPqgMWNrEeE3NjThKE,Cupid - Twin Version,
5TbzAWWc5eJaANpA9kfGCd,Love Me Again,
0TlLq3lA83rQOYtrqBqSct,Nonstop,
0ve0CavjqrUqVmZ605RhTV,Jump,
5kJ4BWZ9Y1qFIwwTbMIxYX,The Difference,
1VWiDyYTrqQhhmnWANWkFa,SaWaDiKa,
2BL7BRWllZCeWhBnyxVMm3,Go Like - D&B Remix by Fox Stevenson,
1CQYKndmQR1bMvOSZrq2Lq,Sports,
3PAvwFSVQ4K4hMo7yJLv0I,Blick Sum (feat. Playboi Carti),
3K1y89UHuAEZbpiSPbtAae,Step On Up,
4RhkLF7D9fXIxnHNz1x77l,The Great Pretender,
4k5H18hi5SzFNfe2tBNvqY,PARANOIA,
3ydVuzJ4wOOvoNYYuhVZtM,Little Red Corvette - 2019 Remaster,
6REbwUNlppTfcnV4d4ZoZi,Swimming Pools (Drank),
1Knctxx9vGZxpZfF66BIEa,Legends,
5MOIAV008posdOGmxiJBsi,Made My Night,
5fvOIwB9AWT2iplRw6jYqm,PROMOTION,
6y3EPT8iw6HmuMpX05gyvt,THE BADDEST,
19UnXjpLshSLobPspdyxlD,Less than a Lover,
75QkBCdRc5DGgcyPiVSg4b,FALLEN ANGEL,
3XvbiRGPzwO4h9FGo7VB8N,Element,
6fujklziTHa8uoM5OQSfIo,Black Beatles,
1CfuBY3BDdKpooQ9L5zgUc,Cigarettes,
4ecdsGz3Hg6TKPwQ0ZOdJz,FaSHioN,
6HJ34Zyw6bg8yGm28AxLXf,Look Alive (feat. Drake),
4Dx4e0X5dR6TW85dtFU42x,Red Leather,
6ArK3RtQGmvDV63sUnPHRN,your favorite dress,
3qzqexZ8YEYvaLbfGZedfh,ReDreaming Angel,Sān-Z
0FZd4IaxB12sUTKSUUGwWq,STORM II,
74tLlkN3rgVzRqQJgPfink,Money Trees,
3yk7PJnryiJ8mAPqsrujzf,Location,
3OxL6MuctgZp1e0zxoAZhH,Young Metro,
4gOwpU4kMZZNDWkoHYUj1Z,해야 (HEYA),
3DjMtj3Q1gUm1wIVnVekPC,What You Saying,
1rQEgtQNsj63xIUzEmKbML,DUMBO,
7lBwQzYymGLZz9ybb4isD0,POP OUT,
13Z2JpNwN54a5WXacGYtLs,Made It On Our Own,
3EyIwqV3VIypP1q8AUKFXw,Die,
1hB3M3POeKMLxcEFEvPeqU,Already Dead,
6dPtt7EhUj8YQQ0IFVCQRm,Sonder,
5UNJM92MCcDgs4kGgm5fc1,Shelter,
57YmYvx5M2UzqoAWpOJ8Y5,Awaken,
59UfaR9UzalWrM652S8Ei6,OVERLY,
65pHtEdxGt4e3Fv1ncPi6V,MORE,
2mlNgAeIBnL78ZriXgrRHz,Glimpse of Us,
0AAMnNeIc6CdnfNU85GwCH,Self Love (Spider-Man: Across the Spider-Verse) (Metro Boomin & Coi Leray),
